{
  "id": "chaa",
  "shapes": [
    {
      "points": [
        332,
        173,
        331,
        173,
        331,
        174,
        331,
        175,
        331,
        178,
        331,
        182,
        331,
        183,
        331,
        190,
        331,
        195,
        331,
        197,
        331,
        203,
        331,
        206,
        331,
        208,
        331,
        209,
        331,
        210,
        331,
        211,
        331,
        212,
        331,
        213,
        331,
        214,
        331,
        213,
        331,
        211,
        331,
        214
      ],
      "tool": "pen",
      "strokeWidth": 4
    },
    {
      "points": [
        334,
        173,
        334,
        174,
        333,
        174,
        332,
        174,
        331,
        174,
        331,
        173,
        332,
        173,
        335,
        173,
        339,
        173,
        341,
        173,
        349,
        173,
        355,
        173,
        361,
        173,
        368,
        173,
        374,
        173,
        380,
        173,
        385,
        173,
        390,
        173,
        392,
        173,
        400,
        173,
        406,
        173,
        413,
        173,
        418,
        173,
        424,
        173,
        426,
        173,
        432,
        173,
        435,
        173,
        437,
        173,
        440,
        173,
        442,
        173,
        444,
        173,
        446,
        173,
        448,
        173,
        450,
        173,
        451,
        173,
        452,
        173,
        453,
        173,
        454,
        173,
        455,
        173,
        456,
        173,
        457,
        173,
        458,
        173,
        459,
        173,
        460,
        173,
        461,
        173,
        463,
        173,
        464,
        173,
        465,
        173,
        466,
        173,
        467,
        173,
        468,
        173,
        467,
        173,
        466,
        173,
        464,
        173,
        462,
        172
      ],
      "tool": "pen",
      "strokeWidth": 4
    },
    {
      "points": [
        402,
        170,
        403,
        170,
        403,
        171,
        402,
        171,
        402,
        172,
        402,
        173,
        402,
        174,
        402,
        175,
        402,
        177,
        402,
        178,
        401,
        180,
        401,
        181,
        401,
        183,
        401,
        184,
        401,
        185,
        401,
        188,
        401,
        189,
        401,
        190,
        401,
        192,
        401,
        193,
        401,
        196,
        401,
        197,
        401,
        198,
        401,
        200,
        401,
        201,
        401,
        203,
        401,
        204,
        401,
        205,
        401,
        206,
        401,
        208,
        401,
        210,
        401,
        211,
        401,
        213,
        401,
        215,
        401,
        216,
        401,
        217,
        401,
        218,
        401,
        219,
        401,
        220,
        401,
        221,
        401,
        222,
        401,
        224,
        401,
        226,
        401,
        227,
        401,
        228,
        401,
        230,
        401,
        231,
        401,
        232,
        401,
        233,
        401,
        234,
        401,
        235,
        401,
        236,
        401,
        237,
        401,
        238,
        401,
        239,
        401,
        240,
        400,
        242,
        400,
        243,
        400,
        244,
        400,
        245,
        400,
        246,
        400,
        247,
        400,
        248,
        400,
        249,
        400,
        250,
        400,
        251,
        400,
        252,
        400,
        253,
        400,
        254,
        400,
        255,
        400,
        256,
        400,
        257,
        400,
        258,
        399,
        259,
        399,
        260,
        399,
        261,
        399,
        262,
        399,
        263,
        399,
        264,
        399,
        265,
        398,
        265,
        398,
        266,
        398,
        267,
        398,
        268,
        397,
        268,
        397,
        269,
        397,
        270,
        396,
        272,
        395,
        273,
        394,
        275,
        393,
        276,
        393,
        277,
        392,
        277,
        392,
        278,
        391,
        279,
        391,
        280,
        390,
        281,
        389,
        281,
        389,
        282,
        388,
        283,
        387,
        283,
        387,
        284,
        386,
        284,
        386,
        285,
        385,
        285,
        385,
        286,
        384,
        286,
        383,
        287,
        382,
        287,
        381,
        288,
        380,
        288,
        380,
        289,
        379,
        289,
        378,
        290,
        377,
        290,
        375,
        291,
        374,
        291,
        373,
        292,
        372,
        292,
        371,
        292,
        370,
        293,
        369,
        293,
        368,
        293,
        367,
        294,
        366,
        294,
        365,
        294,
        364,
        294,
        363,
        294,
        362,
        294,
        361,
        294,
        361,
        295,
        360,
        295,
        359,
        295,
        358,
        295,
        357,
        295,
        356,
        295,
        355,
        295,
        354,
        295,
        353,
        295,
        352,
        295,
        351,
        295,
        350,
        295,
        349,
        295,
        348,
        295,
        347,
        295,
        346,
        295,
        345,
        295,
        345,
        294,
        344,
        294,
        343,
        294,
        342,
        294,
        341,
        293,
        340,
        293,
        339,
        292,
        338,
        292,
        337,
        292,
        337,
        291,
        336,
        291,
        335,
        291,
        334,
        290,
        333,
        290,
        332,
        289,
        331,
        288,
        330,
        288,
        329,
        288,
        328,
        287,
        327,
        287,
        326,
        287,
        325,
        286,
        324,
        286,
        323,
        285,
        322,
        285,
        322,
        284,
        321,
        284,
        320,
        283,
        319,
        283,
        319,
        282,
        318,
        282,
        317,
        281,
        316,
        280,
        315,
        279,
        314,
        278,
        314,
        277,
        313,
        277,
        313,
        276,
        312,
        276,
        311,
        275,
        310,
        274,
        309,
        273,
        308,
        272,
        307,
        271,
        306,
        270,
        305,
        269,
        305,
        268,
        304,
        267,
        304,
        266,
        303,
        265,
        303,
        264,
        302,
        262,
        302,
        261,
        302,
        260,
        301,
        258,
        301,
        257,
        301,
        256,
        300,
        254,
        300,
        253,
        300,
        252,
        300,
        251,
        300,
        250,
        300,
        249,
        300,
        247,
        300,
        246,
        300,
        245,
        300,
        244,
        300,
        243,
        300,
        242,
        301,
        242,
        301,
        241,
        301,
        240,
        302,
        239,
        302,
        238,
        303,
        236,
        303,
        235,
        304,
        234,
        305,
        232,
        306,
        231,
        306,
        230,
        307,
        230,
        307,
        229,
        308,
        228,
        309,
        227,
        310,
        227,
        311,
        226,
        312,
        225,
        313,
        225,
        314,
        224,
        315,
        224,
        316,
        223,
        317,
        223,
        319,
        222,
        321,
        221,
        322,
        221,
        323,
        220,
        324,
        220,
        325,
        220,
        326,
        220,
        326,
        219,
        327,
        219,
        329,
        218,
        331,
        218,
        332,
        217,
        333,
        217,
        334,
        217,
        335,
        217,
        337,
        216,
        338,
        216,
        339,
        216,
        340,
        216,
        341,
        216,
        342,
        216,
        343,
        216,
        344,
        216,
        346,
        216,
        347,
        216,
        349,
        216,
        350,
        216,
        351,
        216,
        352,
        216,
        353,
        216,
        355,
        216,
        357,
        216,
        359,
        216,
        361,
        215,
        362,
        215,
        363,
        215,
        365,
        215,
        366,
        215,
        369,
        215,
        371,
        215,
        372,
        215,
        375,
        215,
        377,
        215,
        379,
        215,
        380,
        215,
        382,
        215,
        385,
        215,
        386,
        215,
        387,
        215,
        390,
        215,
        392,
        215,
        393,
        215,
        395,
        215,
        397,
        215,
        398,
        215,
        400,
        215,
        402,
        215,
        403,
        215,
        405,
        215,
        407,
        215,
        408,
        215,
        410,
        215,
        412,
        215,
        414,
        215,
        416,
        215,
        418,
        215,
        420,
        215,
        423,
        215,
        425,
        215,
        427,
        215,
        429,
        215,
        431,
        214,
        433,
        214,
        434,
        214,
        436,
        214,
        437,
        214,
        438,
        214,
        439,
        214,
        440,
        214,
        441,
        214,
        442,
        214,
        444,
        214,
        445,
        214,
        447,
        213,
        448,
        213,
        449,
        213,
        451,
        213,
        452,
        213,
        453,
        213,
        454,
        213,
        455,
        213,
        456,
        213,
        457,
        213,
        458,
        213,
        459,
        213,
        460,
        213,
        461,
        213,
        463,
        213,
        464,
        213,
        465,
        213,
        467,
        213,
        468,
        213,
        469,
        213,
        470,
        213,
        471,
        213,
        472,
        213,
        473,
        213,
        474,
        213,
        475,
        213,
        474,
        213,
        473,
        214,
        475,
        213
      ],
      "tool": "pen",
      "strokeWidth": 4
    },
    {
      "points": [
        508,
        169,
        508,
        170,
        508,
        171,
        508,
        173,
        508,
        175,
        508,
        180,
        508,
        182,
        509,
        187,
        509,
        195,
        509,
        198,
        509,
        204,
        509,
        213,
        509,
        216,
        510,
        221,
        510,
        228,
        510,
        233,
        510,
        235,
        510,
        242,
        510,
        246,
        510,
        248,
        510,
        253,
        510,
        257,
        510,
        259,
        510,
        265,
        510,
        269,
        511,
        270,
        511,
        273,
        511,
        274,
        511,
        275,
        511,
        276,
        511,
        277,
        511,
        278,
        511,
        279,
        511,
        280,
        511,
        281,
        511,
        282,
        511,
        284,
        512,
        284,
        512,
        283
      ],
      "tool": "pen",
      "strokeWidth": 4
    },
    {
      "points": [
        512,
        169,
        511,
        170,
        510,
        170,
        509,
        170,
        510,
        170,
        511,
        170,
        516,
        170,
        520,
        170,
        522,
        169,
        530,
        169,
        536,
        169,
        539,
        169,
        550,
        168,
        558,
        168,
        562,
        168,
        573,
        168,
        580,
        168,
        584,
        167,
        594,
        167,
        600,
        167,
        603,
        167,
        609,
        167,
        614,
        166,
        616,
        166,
        622,
        166,
        626,
        166,
        630,
        166,
        632,
        166,
        634,
        166,
        636,
        166,
        638,
        166,
        639,
        166,
        641,
        166,
        642,
        166,
        644,
        165,
        645,
        165,
        646,
        165,
        647,
        165,
        647,
        166,
        646,
        166,
        645,
        166,
        643,
        166,
        647,
        165
      ],
      "tool": "pen",
      "strokeWidth": 4
    },
    {
      "points": [
        596,
        172,
        596,
        169,
        596,
        168,
        597,
        168,
        597,
        169,
        597,
        172,
        597,
        175,
        598,
        183,
        598,
        186,
        598,
        192,
        599,
        204,
        599,
        208,
        599,
        217,
        600,
        228,
        600,
        232,
        600,
        239,
        600,
        247,
        601,
        249,
        601,
        255,
        601,
        262,
        601,
        264,
        601,
        268,
        602,
        273,
        602,
        276,
        602,
        277,
        602,
        278,
        602,
        279,
        602,
        281,
        602,
        282,
        602,
        283,
        602,
        284,
        602,
        285,
        602,
        287,
        602,
        286,
        602,
        284,
        599,
        282,
        597,
        281
      ],
      "tool": "pen",
      "strokeWidth": 4
    }
  ]
}