{
  "id": "chae",
  "shapes": [
    {
      "points": [
        275.5,
        134
      ],
      "tool": "pen",
      "strokeWidth": 3
    },
    {
      "points": [
        301.5,
        50,
        301.5,
        51,
        300.5,
        51,
        299.5,
        51,
        298.5,
        51,
        297.5,
        51,
        296.5,
        51,
        295.5,
        51,
        295.5,
        52,
        294.5,
        52,
        293.5,
        52,
        293.5,
        53,
        292.5,
        53,
        291.5,
        53,
        291.5,
        54,
        290.5,
        55,
        289.5,
        55,
        289.5,
        56,
        288.5,
        56,
        287.5,
        57,
        286.5,
        58,
        285.5,
        58,
        285.5,
        59,
        284.5,
        59,
        284.5,
        60,
        283.5,
        61,
        282.5,
        62,
        282.5,
        63,
        281.5,
        63,
        281.5,
        64,
        280.5,
        65,
        279.5,
        65,
        279.5,
        66,
        279.5,
        67,
        278.5,
        68,
        278.5,
        69,
        277.5,
        69,
        277.5,
        70,
        277.5,
        71,
        276.5,
        71,
        276.5,
        72,
        276.5,
        73,
        276.5,
        74,
        275.5,
        75,
        275.5,
        76,
        275.5,
        77,
        275.5,
        78,
        275.5,
        79,
        275.5,
        81,
        275.5,
        82,
        275.5,
        83,
        275.5,
        84,
        275.5,
        85,
        274.5,
        85,
        274.5,
        86,
        274.5,
        87,
        274.5,
        88,
        274.5,
        89,
        275.5,
        90,
        275.5,
        91,
        275.5,
        92,
        276.5,
        93,
        276.5,
        94,
        277.5,
        95,
        277.5,
        96,
        278.5,
        97,
        278.5,
        98,
        279.5,
        98,
        279.5,
        99,
        280.5,
        99,
        281.5,
        100,
        282.5,
        100,
        282.5,
        101,
        283.5,
        101,
        284.5,
        101,
        285.5,
        102,
        286.5,
        102,
        287.5,
        103,
        288.5,
        103,
        289.5,
        104,
        291.5,
        104,
        291.5,
        105,
        292.5,
        105,
        293.5,
        105,
        293.5,
        106,
        294.5,
        106,
        295.5,
        106,
        296.5,
        107,
        297.5,
        107,
        298.5,
        107,
        299.5,
        107,
        300.5,
        108,
        301.5,
        108,
        302.5,
        108,
        303.5,
        108,
        305.5,
        108,
        306.5,
        109,
        307.5,
        109,
        308.5,
        109,
        309.5,
        109,
        310.5,
        109,
        311.5,
        109,
        312.5,
        109,
        313.5,
        109,
        314.5,
        108,
        315.5,
        108,
        316.5,
        108,
        317.5,
        107,
        318.5,
        107,
        320.5,
        107,
        321.5,
        106,
        322.5,
        105,
        323.5,
        105,
        324.5,
        105,
        324.5,
        104,
        325.5,
        104,
        326.5,
        103,
        327.5,
        103,
        327.5,
        102,
        328.5,
        102,
        329.5,
        101,
        330.5,
        100,
        331.5,
        100,
        332.5,
        99,
        332.5,
        98,
        333.5,
        98,
        334.5,
        97,
        334.5,
        96,
        335.5,
        96,
        336.5,
        95,
        336.5,
        94,
        337.5,
        94,
        337.5,
        93,
        338.5,
        92,
        339.5,
        91,
        339.5,
        90,
        340.5,
        89,
        341.5,
        88,
        341.5,
        87,
        342.5,
        86,
        342.5,
        85,
        342.5,
        84,
        342.5,
        82,
        342.5,
        81,
        342.5,
        80,
        343.5,
        78,
        343.5,
        77,
        343.5,
        76,
        343.5,
        74,
        342.5,
        73,
        342.5,
        71,
        342.5,
        69,
        341.5,
        68,
        341.5,
        67,
        340.5,
        66,
        339.5,
        65,
        339.5,
        64,
        338.5,
        63,
        337.5,
        63,
        337.5,
        62,
        336.5,
        61,
        335.5,
        60,
        334.5,
        59,
        333.5,
        59,
        332.5,
        58,
        331.5,
        57,
        330.5,
        57,
        329.5,
        56,
        328.5,
        55,
        327.5,
        54,
        326.5,
        54,
        324.5,
        53,
        323.5,
        53,
        322.5,
        52,
        321.5,
        52,
        320.5,
        51,
        318.5,
        51,
        317.5,
        51,
        316.5,
        50,
        315.5,
        50,
        314.5,
        50,
        313.5,
        50,
        312.5,
        50,
        310.5,
        50,
        309.5,
        50,
        308.5,
        50,
        306.5,
        49,
        305.5,
        49,
        304.5,
        49,
        302.5,
        49,
        301.5,
        49,
        300.5,
        49,
        299.5,
        49,
        298.5,
        49,
        297.5,
        49,
        296.5,
        49,
        295.5,
        49,
        294.5,
        49,
        293.5,
        49,
        292.5,
        49,
        291.5,
        50,
        290.5,
        50,
        289.5,
        50,
        288.5,
        50,
        287.5,
        50,
        286.5,
        50,
        285.5,
        50,
        284.5,
        50,
        282.5,
        50,
        281.5,
        50,
        280.5,
        50,
        279.5,
        50,
        278.5,
        50,
        277.5,
        51,
        276.5,
        51,
        274.5,
        51,
        273.5,
        51,
        272.5,
        51,
        271.5,
        52,
        270.5,
        52,
        269.5,
        52,
        267.5,
        53,
        265.5,
        53,
        263.5,
        54,
        261.5,
        55,
        259.5,
        55,
        257.5,
        56,
        255.5,
        57,
        253.5,
        57,
        250.5,
        59,
        248.5,
        60,
        247.5,
        60,
        246.5,
        60,
        245.5,
        61,
        244.5,
        61,
        243.5,
        62,
        242.5,
        62,
        241.5,
        63,
        240.5,
        64,
        238.5,
        65,
        236.5,
        67,
        235.5,
        68,
        234.5,
        68,
        233.5,
        69,
        232.5,
        70,
        231.5,
        70,
        230.5,
        70,
        230.5,
        71,
        229.5,
        71,
        229.5,
        72,
        228.5,
        72,
        228.5,
        73,
        227.5,
        73,
        226.5,
        74,
        225.5,
        75,
        224.5,
        75,
        224.5,
        76,
        223.5,
        77,
        222.5,
        78,
        221.5,
        79,
        220.5,
        80,
        219.5,
        81,
        218.5,
        82,
        218.5,
        83,
        217.5,
        84,
        216.5,
        85,
        215.5,
        86,
        214.5,
        88,
        213.5,
        89,
        212.5,
        90,
        212.5,
        91,
        211.5,
        92,
        211.5,
        93,
        210.5,
        93,
        210.5,
        94,
        209.5,
        95,
        209.5,
        96,
        209.5,
        97,
        208.5,
        98,
        208.5,
        99,
        208.5,
        100,
        208.5,
        101,
        207.5,
        102,
        207.5,
        103,
        207.5,
        104,
        207.5,
        105,
        206.5,
        105,
        206.5,
        106,
        206.5,
        107,
        205.5,
        109,
        204.5,
        111,
        204.5,
        112,
        204.5,
        113,
        203.5,
        114,
        203.5,
        116,
        203.5,
        117,
        203.5,
        118,
        202.5,
        118,
        202.5,
        119,
        202.5,
        120,
        202.5,
        121,
        203.5,
        122,
        203.5,
        123,
        203.5,
        124,
        203.5,
        125,
        203.5,
        127,
        203.5,
        128,
        203.5,
        129,
        203.5,
        130,
        203.5,
        131,
        203.5,
        133,
        203.5,
        134,
        203.5,
        135,
        203.5,
        136,
        203.5,
        137,
        203.5,
        138,
        204.5,
        138,
        204.5,
        139,
        204.5,
        140,
        205.5,
        142,
        205.5,
        143,
        205.5,
        144,
        205.5,
        145,
        206.5,
        146,
        206.5,
        147,
        206.5,
        148,
        206.5,
        149,
        207.5,
        150,
        207.5,
        151,
        207.5,
        152,
        208.5,
        153,
        208.5,
        154,
        208.5,
        155,
        209.5,
        156,
        209.5,
        157,
        210.5,
        158,
        210.5,
        159,
        211.5,
        160,
        211.5,
        161,
        212.5,
        161,
        212.5,
        162,
        212.5,
        163,
        213.5,
        164,
        213.5,
        165,
        214.5,
        166,
        214.5,
        167,
        215.5,
        168,
        216.5,
        169,
        216.5,
        170,
        217.5,
        170,
        218.5,
        172,
        219.5,
        173,
        220.5,
        175,
        221.5,
        176,
        222.5,
        177,
        222.5,
        178,
        223.5,
        178,
        224.5,
        179,
        225.5,
        180,
        225.5,
        181,
        226.5,
        181,
        227.5,
        182,
        227.5,
        183,
        228.5,
        183,
        228.5,
        184,
        229.5,
        185,
        230.5,
        185,
        230.5,
        186,
        231.5,
        187,
        232.5,
        188,
        234.5,
        189,
        234.5,
        190,
        235.5,
        190,
        236.5,
        191,
        237.5,
        192,
        239.5,
        193,
        240.5,
        194,
        241.5,
        195,
        242.5,
        195,
        243.5,
        196,
        244.5,
        196,
        245.5,
        196,
        245.5,
        197,
        246.5,
        197,
        247.5,
        197,
        248.5,
        198,
        249.5,
        198,
        249.5,
        199,
        250.5,
        199,
        251.5,
        199,
        252.5,
        199,
        252.5,
        200,
        253.5,
        200,
        254.5,
        200,
        255.5,
        201,
        256.5,
        201,
        257.5,
        202,
        258.5,
        202,
        259.5,
        202,
        260.5,
        202,
        261.5,
        202,
        262.5,
        203,
        263.5,
        203,
        264.5,
        203,
        265.5,
        203,
        266.5,
        203,
        267.5,
        204,
        268.5,
        204,
        269.5,
        204,
        270.5,
        204,
        271.5,
        204,
        272.5,
        204,
        273.5,
        204,
        274.5,
        204,
        275.5,
        204,
        276.5,
        204,
        277.5,
        204,
        278.5,
        204,
        279.5,
        204,
        280.5,
        204,
        281.5,
        204,
        283.5,
        204,
        284.5,
        204,
        285.5,
        204,
        286.5,
        204,
        287.5,
        204,
        288.5,
        204,
        289.5,
        204,
        291.5,
        204,
        292.5,
        204,
        293.5,
        204,
        294.5,
        204,
        295.5,
        204,
        296.5,
        204,
        297.5,
        204,
        298.5,
        204,
        299.5,
        204,
        300.5,
        204,
        301.5,
        204,
        302.5,
        203,
        303.5,
        203,
        305.5,
        203,
        307.5,
        203,
        308.5,
        202,
        310.5,
        202,
        311.5,
        202,
        312.5,
        201,
        313.5,
        201,
        314.5,
        201,
        315.5,
        200,
        316.5,
        200,
        317.5,
        200,
        318.5,
        200,
        319.5,
        199,
        320.5,
        199,
        321.5,
        199,
        322.5,
        198,
        323.5,
        198,
        324.5,
        197,
        325.5,
        196,
        326.5,
        196,
        326.5,
        195,
        327.5,
        195,
        327.5,
        194,
        328.5,
        194,
        328.5,
        193,
        329.5,
        193,
        330.5,
        192,
        330.5,
        191,
        331.5,
        191,
        331.5,
        190,
        332.5,
        190,
        332.5,
        189,
        333.5,
        189,
        333.5,
        188,
        334.5,
        187,
        334.5,
        186,
        335.5,
        185,
        335.5,
        184,
        336.5,
        183,
        336.5,
        182,
        336.5,
        181,
        337.5,
        180,
        337.5,
        179,
        337.5,
        178,
        337.5,
        177,
        337.5,
        176,
        338.5,
        174,
        338.5,
        173,
        338.5,
        172,
        338.5,
        171,
        338.5,
        170,
        338.5,
        168,
        338.5,
        167,
        338.5,
        166,
        338.5,
        164,
        337.5,
        163,
        337.5,
        162,
        337.5,
        161,
        337.5,
        160,
        336.5,
        159,
        335.5,
        158,
        335.5,
        157,
        334.5,
        156,
        333.5,
        155,
        333.5,
        154,
        332.5,
        153,
        331.5,
        153,
        330.5,
        152,
        328.5,
        151,
        327.5,
        150,
        326.5,
        149,
        324.5,
        148,
        323.5,
        148,
        322.5,
        147,
        321.5,
        147,
        320.5,
        146,
        319.5,
        146,
        318.5,
        146,
        316.5,
        145,
        314.5,
        145,
        313.5,
        144,
        312.5,
        144,
        310.5,
        144,
        309.5,
        143,
        308.5,
        143,
        307.5,
        143,
        305.5,
        143,
        303.5,
        143,
        302.5,
        143,
        300.5,
        143,
        299.5,
        143,
        297.5,
        143,
        296.5,
        143,
        295.5,
        143,
        294.5,
        143,
        293.5,
        144,
        292.5,
        144,
        290.5,
        145,
        289.5,
        146,
        287.5,
        147,
        286.5,
        148,
        285.5,
        149,
        284.5,
        150,
        282.5,
        151,
        281.5,
        152,
        281.5,
        153,
        280.5,
        153,
        279.5,
        154,
        279.5,
        155,
        278.5,
        156,
        277.5,
        158,
        277.5,
        159,
        276.5,
        161,
        276.5,
        162,
        276.5,
        163,
        276.5,
        164,
        275.5,
        165,
        275.5,
        166,
        275.5,
        168,
        275.5,
        170,
        275.5,
        172,
        275.5,
        174,
        275.5,
        175,
        275.5,
        177,
        275.5,
        178,
        275.5,
        180,
        276.5,
        181,
        276.5,
        183,
        277.5,
        185,
        278.5,
        188,
        279.5,
        189,
        280.5,
        191,
        281.5,
        193,
        281.5,
        194,
        282.5,
        195,
        283.5,
        196,
        283.5,
        197,
        284.5,
        198,
        285.5,
        199,
        286.5,
        200,
        288.5,
        202,
        289.5,
        203,
        290.5,
        203,
        291.5,
        205,
        292.5,
        205,
        293.5,
        205,
        294.5,
        205,
        295.5,
        206,
        296.5,
        206,
        296.5,
        205,
        295.5,
        205,
        295.5,
        204,
        296.5,
        205
      ],
      "tool": "pen",
      "strokeWidth": 3
    },
    {
      "points": [
        399.5,
        107,
        400.5,
        105,
        400.5,
        106,
        400.5,
        107,
        400.5,
        109,
        400.5,
        112,
        400.5,
        114,
        400.5,
        117,
        400.5,
        120,
        400.5,
        123,
        400.5,
        126,
        400.5,
        130,
        400.5,
        134,
        400.5,
        137,
        400.5,
        140,
        400.5,
        142,
        400.5,
        145,
        400.5,
        146,
        400.5,
        148,
        400.5,
        149,
        400.5,
        150,
        400.5,
        151,
        400.5,
        152,
        400.5,
        153,
        400.5,
        154,
        399.5,
        154,
        399.5,
        153,
        399.5,
        152,
        399.5,
        151,
        399.5,
        149,
        399.5,
        153
      ],
      "tool": "pen",
      "strokeWidth": 3
    },
    {
      "points": [
        400.5,
        102,
        399.5,
        102,
        399.5,
        103,
        398.5,
        103,
        399.5,
        103,
        400.5,
        103,
        401.5,
        103,
        402.5,
        103,
        404.5,
        103,
        406.5,
        103,
        409.5,
        103,
        414.5,
        103,
        415.5,
        103,
        419.5,
        103,
        423.5,
        103,
        428.5,
        103,
        433.5,
        103,
        439.5,
        103,
        441.5,
        103,
        446.5,
        103,
        453.5,
        103,
        454.5,
        103,
        458.5,
        103,
        463.5,
        103,
        464.5,
        103,
        467.5,
        103,
        471.5,
        103,
        473.5,
        103,
        474.5,
        103,
        476.5,
        103,
        478.5,
        103,
        480.5,
        103,
        481.5,
        103,
        484.5,
        103,
        486.5,
        103,
        488.5,
        103,
        490.5,
        103,
        492.5,
        103,
        493.5,
        103,
        495.5,
        103,
        497.5,
        103,
        498.5,
        103,
        499.5,
        103,
        500.5,
        103,
        501.5,
        103,
        502.5,
        103,
        503.5,
        103,
        504.5,
        103,
        505.5,
        103,
        506.5,
        103,
        507.5,
        103,
        508.5,
        103,
        509.5,
        103,
        510.5,
        103,
        511.5,
        103,
        512.5,
        103,
        513.5,
        103,
        514.5,
        103,
        515.5,
        103,
        516.5,
        103,
        517.5,
        103,
        518.5,
        103,
        517.5,
        103,
        516.5,
        103,
        516.5,
        104,
        517.5,
        103
      ],
      "tool": "pen",
      "strokeWidth": 3
    },
    {
      "points": [
        459.5,
        103,
        459.5,
        104,
        459.5,
        105,
        459.5,
        106,
        459.5,
        107,
        460.5,
        109,
        460.5,
        111,
        460.5,
        114,
        460.5,
        117,
        460.5,
        119,
        460.5,
        122,
        460.5,
        125,
        460.5,
        128,
        460.5,
        131,
        460.5,
        134,
        460.5,
        136,
        460.5,
        139,
        460.5,
        142,
        460.5,
        145,
        460.5,
        149,
        460.5,
        150,
        460.5,
        151,
        460.5,
        152,
        460.5,
        153,
        460.5,
        155,
        460.5,
        157,
        460.5,
        158,
        460.5,
        159,
        459.5,
        160,
        459.5,
        161,
        459.5,
        162,
        459.5,
        163,
        459.5,
        162,
        460.5,
        162,
        460.5,
        163,
        460.5,
        164,
        460.5,
        165,
        460.5,
        166,
        460.5,
        167,
        460.5,
        168,
        460.5,
        169,
        460.5,
        170,
        460.5,
        171,
        460.5,
        172,
        460.5,
        173,
        460.5,
        174,
        460.5,
        175,
        460.5,
        176,
        460.5,
        177,
        460.5,
        178,
        459.5,
        178,
        459.5,
        179,
        459.5,
        180,
        459.5,
        181,
        459.5,
        182,
        459.5,
        183,
        458.5,
        183,
        458.5,
        184,
        458.5,
        185,
        457.5,
        186,
        457.5,
        187,
        457.5,
        188,
        456.5,
        188,
        456.5,
        189,
        456.5,
        190,
        455.5,
        190,
        455.5,
        191,
        454.5,
        192,
        454.5,
        193,
        453.5,
        193,
        453.5,
        194,
        452.5,
        194,
        452.5,
        195,
        451.5,
        195,
        451.5,
        196,
        450.5,
        196,
        449.5,
        197,
        448.5,
        197,
        448.5,
        198,
        447.5,
        198,
        446.5,
        198,
        446.5,
        199,
        445.5,
        199,
        444.5,
        199,
        443.5,
        200,
        442.5,
        200,
        441.5,
        201,
        440.5,
        201,
        440.5,
        202,
        439.5,
        202,
        438.5,
        202,
        437.5,
        203,
        436.5,
        203,
        435.5,
        203,
        435.5,
        204,
        434.5,
        204,
        433.5,
        204,
        432.5,
        205,
        431.5,
        205,
        430.5,
        205,
        429.5,
        205,
        427.5,
        205,
        427.5,
        206,
        426.5,
        206,
        425.5,
        206,
        424.5,
        206,
        422.5,
        206,
        421.5,
        206,
        420.5,
        206,
        419.5,
        206,
        418.5,
        206,
        417.5,
        207,
        416.5,
        207,
        415.5,
        207,
        414.5,
        207,
        413.5,
        207,
        412.5,
        207,
        411.5,
        207,
        409.5,
        207,
        408.5,
        207,
        407.5,
        207,
        405.5,
        207,
        404.5,
        207,
        403.5,
        207,
        401.5,
        206,
        400.5,
        206,
        399.5,
        206,
        398.5,
        205,
        397.5,
        205,
        395.5,
        204,
        394.5,
        204,
        393.5,
        203,
        391.5,
        202,
        390.5,
        202,
        389.5,
        201,
        388.5,
        201,
        387.5,
        200,
        387.5,
        199,
        386.5,
        199,
        385.5,
        198,
        384.5,
        197,
        383.5,
        197,
        381.5,
        196,
        380.5,
        195,
        379.5,
        194,
        378.5,
        193,
        378.5,
        192,
        377.5,
        192,
        377.5,
        190,
        376.5,
        189,
        375.5,
        188,
        375.5,
        187,
        374.5,
        186,
        374.5,
        185,
        374.5,
        184,
        373.5,
        183,
        373.5,
        182,
        372.5,
        182,
        372.5,
        181,
        372.5,
        180,
        372.5,
        179,
        372.5,
        177,
        372.5,
        176,
        372.5,
        175,
        373.5,
        173,
        373.5,
        172,
        374.5,
        171,
        374.5,
        170,
        375.5,
        169,
        375.5,
        168,
        376.5,
        167,
        377.5,
        166,
        378.5,
        164,
        379.5,
        163,
        380.5,
        162,
        381.5,
        162,
        382.5,
        161,
        383.5,
        159,
        384.5,
        159,
        385.5,
        158,
        386.5,
        157,
        387.5,
        157,
        388.5,
        156,
        389.5,
        156,
        390.5,
        156,
        391.5,
        155,
        392.5,
        155,
        393.5,
        155,
        395.5,
        154,
        396.5,
        154,
        397.5,
        153,
        398.5,
        153,
        399.5,
        153,
        400.5,
        153,
        401.5,
        153,
        403.5,
        152,
        405.5,
        152,
        406.5,
        152,
        408.5,
        152,
        409.5,
        152,
        410.5,
        152,
        411.5,
        152,
        413.5,
        152,
        414.5,
        152,
        415.5,
        152,
        416.5,
        152,
        417.5,
        152,
        419.5,
        152,
        421.5,
        152,
        423.5,
        151,
        425.5,
        151,
        427.5,
        151,
        428.5,
        151,
        430.5,
        151,
        431.5,
        151,
        432.5,
        151,
        433.5,
        151,
        434.5,
        151,
        435.5,
        151,
        438.5,
        151,
        439.5,
        151,
        441.5,
        151,
        443.5,
        150,
        445.5,
        150,
        447.5,
        150,
        448.5,
        150,
        450.5,
        150,
        451.5,
        150,
        453.5,
        150,
        454.5,
        150,
        456.5,
        150,
        457.5,
        150,
        459.5,
        150,
        460.5,
        150,
        461.5,
        150,
        461.5,
        151,
        462.5,
        151,
        463.5,
        151,
        464.5,
        151,
        465.5,
        151,
        467.5,
        151,
        468.5,
        151,
        469.5,
        151,
        471.5,
        151,
        472.5,
        151,
        475.5,
        151,
        477.5,
        151,
        479.5,
        150,
        480.5,
        150,
        482.5,
        150,
        484.5,
        150,
        485.5,
        150,
        486.5,
        150,
        488.5,
        150,
        489.5,
        150,
        490.5,
        150,
        492.5,
        150,
        493.5,
        150,
        494.5,
        150,
        495.5,
        150,
        496.5,
        150,
        497.5,
        150,
        498.5,
        150,
        499.5,
        150,
        500.5,
        150,
        501.5,
        150,
        502.5,
        150,
        503.5,
        150,
        504.5,
        150,
        505.5,
        150,
        506.5,
        150,
        507.5,
        150,
        508.5,
        150,
        509.5,
        150,
        510.5,
        150,
        511.5,
        150,
        512.5,
        150,
        513.5,
        150,
        513.5,
        151,
        512.5,
        152,
        511.5,
        152,
        513.5,
        150
      ],
      "tool": "pen",
      "strokeWidth": 3
    }
  ]
}