{
  "id": "chee",
  "shapes": [
    {
      "points": [
        398,
        221
      ],
      "tool": "pen",
      "strokeWidth": 3
    },
    {
      "points": [
        399,
        158,
        399,
        159,
        399,
        163,
        399,
        166,
        399,
        168,
        399,
        176,
        399,
        181,
        399,
        184,
        399,
        191,
        399,
        196,
        399,
        198,
        399,
        203,
        399,
        206,
        399,
        207,
        399,
        213,
        399,
        216,
        399,
        218,
        399,
        221,
        399,
        222,
        399,
        223,
        399,
        222
      ],
      "tool": "pen",
      "strokeWidth": 3
    },
    {
      "points": [
        398,
        160,
        398,
        158,
        398,
        157,
        399,
        157,
        400,
        157,
        401,
        157,
        402,
        157,
        403,
        157,
        405,
        157,
        409,
        157,
        412,
        157,
        416,
        157,
        420,
        157,
        426,
        157,
        431,
        157,
        437,
        157,
        442,
        157,
        448,
        157,
        453,
        157,
        457,
        157,
        461,
        157,
        465,
        157,
        469,
        157,
        473,
        157,
        477,
        157,
        481,
        157,
        485,
        157,
        489,
        157,
        492,
        157,
        496,
        157,
        499,
        157,
        502,
        157,
        504,
        157,
        506,
        157,
        508,
        158,
        511,
        158,
        513,
        158,
        516,
        158,
        519,
        158,
        521,
        158,
        522,
        158,
        524,
        158,
        526,
        158,
        527,
        158,
        528,
        158,
        530,
        158,
        531,
        158,
        532,
        158,
        533,
        158,
        534,
        158,
        535,
        158,
        536,
        158,
        537,
        158,
        538,
        158,
        539,
        158,
        540,
        158,
        541,
        158,
        542,
        158,
        543,
        158,
        544,
        158,
        545,
        158,
        546,
        158,
        545,
        158,
        544,
        158,
        546,
        158
      ],
      "tool": "pen",
      "strokeWidth": 3
    },
    {
      "points": [
        480,
        160,
        481,
        158,
        481,
        159,
        481,
        160,
        481,
        161,
        481,
        163,
        481,
        165,
        481,
        167,
        481,
        169,
        481,
        172,
        481,
        174,
        481,
        177,
        481,
        181,
        481,
        184,
        481,
        187,
        481,
        191,
        481,
        194,
        481,
        197,
        481,
        199,
        481,
        201,
        481,
        203,
        481,
        206,
        480,
        208,
        480,
        211,
        480,
        214,
        480,
        217,
        480,
        219,
        480,
        220,
        480,
        222,
        480,
        223,
        480,
        226,
        480,
        228,
        480,
        231,
        480,
        233,
        480,
        236,
        480,
        238,
        480,
        240,
        479,
        243,
        479,
        244,
        479,
        245,
        479,
        246,
        479,
        247,
        479,
        249,
        479,
        250,
        479,
        252,
        479,
        253,
        480,
        253,
        480,
        254,
        480,
        255,
        480,
        256,
        480,
        257,
        480,
        258,
        480,
        259,
        480,
        260,
        480,
        261,
        480,
        262,
        480,
        263,
        479,
        264,
        479,
        265,
        479,
        266,
        479,
        267,
        478,
        267,
        478,
        268,
        478,
        269,
        477,
        269,
        477,
        270,
        477,
        271,
        476,
        271,
        476,
        273,
        475,
        274,
        474,
        275,
        474,
        276,
        473,
        276,
        473,
        277,
        472,
        278,
        471,
        278,
        471,
        279,
        470,
        279,
        469,
        281,
        468,
        281,
        468,
        282,
        467,
        283,
        466,
        284,
        465,
        284,
        464,
        285,
        463,
        286,
        462,
        286,
        462,
        287,
        461,
        288,
        460,
        288,
        459,
        289,
        458,
        289,
        457,
        290,
        456,
        290,
        456,
        291,
        455,
        291,
        454,
        291,
        453,
        291,
        453,
        292,
        452,
        292,
        451,
        292,
        450,
        293,
        449,
        293,
        448,
        293,
        448,
        294,
        447,
        294,
        446,
        294,
        444,
        294,
        443,
        295,
        442,
        295,
        441,
        295,
        440,
        296,
        439,
        296,
        438,
        296,
        437,
        296,
        436,
        296,
        435,
        297,
        434,
        297,
        433,
        297,
        432,
        297,
        431,
        298,
        429,
        298,
        428,
        298,
        427,
        298,
        426,
        298,
        425,
        298,
        424,
        298,
        423,
        298,
        422,
        298,
        421,
        298,
        420,
        298,
        418,
        298,
        416,
        298,
        414,
        298,
        413,
        298,
        412,
        298,
        411,
        298,
        410,
        298,
        409,
        298,
        408,
        298,
        405,
        297,
        403,
        297,
        401,
        297,
        400,
        297,
        399,
        296,
        398,
        296,
        396,
        296,
        395,
        295,
        394,
        295,
        392,
        294,
        391,
        294,
        390,
        294,
        389,
        294,
        388,
        294,
        388,
        293,
        387,
        293,
        386,
        293,
        385,
        293,
        383,
        292,
        382,
        292,
        381,
        292,
        381,
        291,
        380,
        291,
        379,
        291,
        378,
        290,
        377,
        290,
        375,
        289,
        374,
        288,
        372,
        287,
        371,
        287,
        371,
        286,
        370,
        286,
        369,
        286,
        368,
        285,
        368,
        284,
        367,
        284,
        366,
        283,
        366,
        282,
        365,
        281,
        364,
        280,
        363,
        279,
        362,
        278,
        362,
        277,
        361,
        276,
        361,
        275,
        360,
        274,
        360,
        272,
        360,
        271,
        359,
        270,
        359,
        269,
        359,
        267,
        358,
        266,
        358,
        265,
        358,
        264,
        358,
        263,
        358,
        262,
        358,
        261,
        357,
        260,
        357,
        259,
        357,
        258,
        357,
        257,
        357,
        256,
        357,
        255,
        357,
        254,
        357,
        253,
        357,
        252,
        357,
        251,
        357,
        250,
        358,
        250,
        358,
        249,
        359,
        248,
        359,
        247,
        360,
        246,
        362,
        243,
        363,
        242,
        363,
        241,
        364,
        241,
        364,
        240,
        365,
        239,
        367,
        237,
        368,
        236,
        369,
        235,
        370,
        235,
        370,
        234,
        372,
        233,
        373,
        233,
        375,
        231,
        377,
        229,
        379,
        229,
        379,
        228,
        380,
        228,
        381,
        228,
        381,
        227,
        382,
        227,
        383,
        227,
        384,
        227,
        384,
        226,
        385,
        226,
        386,
        226,
        387,
        226,
        388,
        225,
        388,
        226,
        389,
        226,
        389,
        225,
        390,
        225,
        392,
        225,
        393,
        225,
        395,
        225,
        397,
        225,
        398,
        225,
        399,
        225,
        400,
        225,
        402,
        225,
        404,
        225,
        406,
        225,
        410,
        225,
        414,
        225,
        418,
        225,
        423,
        225,
        427,
        225,
        432,
        225,
        435,
        225,
        438,
        225,
        441,
        224,
        444,
        224,
        447,
        224,
        449,
        224,
        452,
        224,
        455,
        224,
        459,
        224,
        463,
        224,
        466,
        224,
        469,
        224,
        472,
        224,
        475,
        224,
        477,
        224,
        479,
        224,
        482,
        224,
        485,
        224,
        489,
        223,
        492,
        223,
        495,
        223,
        497,
        223,
        499,
        223,
        502,
        223,
        503,
        223,
        505,
        223,
        508,
        223,
        509,
        223,
        512,
        223,
        516,
        223,
        517,
        223,
        520,
        223,
        524,
        223,
        526,
        223,
        528,
        223,
        529,
        223,
        530,
        223,
        531,
        223,
        532,
        223,
        533,
        223,
        534,
        223,
        537,
        223,
        538,
        223,
        539,
        223,
        541,
        223,
        542,
        222,
        543,
        222,
        545,
        222,
        546,
        222,
        547,
        222,
        548,
        222,
        549,
        222,
        550,
        222,
        551,
        222
      ],
      "tool": "pen",
      "strokeWidth": 3
    },
    {
      "points": [
        480,
        160,
        480,
        159,
        479,
        159,
        479,
        158,
        478,
        158,
        478,
        157,
        477,
        157,
        476,
        157,
        476,
        156,
        475,
        156,
        474,
        155,
        473,
        155,
        473,
        154,
        472,
        154,
        471,
        153,
        470,
        153,
        470,
        152,
        469,
        152,
        468,
        151,
        467,
        150,
        466,
        149,
        465,
        149,
        465,
        148,
        464,
        147,
        462,
        145,
        461,
        144,
        461,
        143,
        460,
        142,
        459,
        141,
        458,
        140,
        458,
        139,
        457,
        138,
        456,
        137,
        455,
        135,
        455,
        134,
        454,
        134,
        454,
        133,
        454,
        132,
        454,
        131,
        453,
        131,
        453,
        129,
        453,
        126,
        453,
        124,
        453,
        123,
        453,
        121,
        454,
        120,
        454,
        119,
        454,
        118,
        455,
        117,
        455,
        115,
        456,
        114,
        456,
        113,
        456,
        112,
        457,
        111,
        457,
        110,
        457,
        109,
        458,
        108,
        458,
        107,
        459,
        105,
        460,
        104,
        461,
        104,
        461,
        103,
        462,
        102,
        462,
        101,
        463,
        100,
        464,
        99,
        464,
        98,
        465,
        97,
        467,
        96,
        468,
        95,
        469,
        94,
        470,
        94,
        470,
        93,
        471,
        93,
        472,
        92,
        473,
        91,
        475,
        90,
        476,
        89,
        478,
        88,
        479,
        87,
        480,
        87,
        481,
        86,
        482,
        85,
        483,
        84,
        485,
        83,
        487,
        82,
        488,
        81,
        490,
        81,
        491,
        80,
        492,
        80,
        493,
        80,
        494,
        79,
        496,
        78,
        498,
        77,
        499,
        77,
        500,
        76,
        501,
        76,
        503,
        76,
        504,
        76,
        507,
        76,
        509,
        75,
        512,
        75,
        513,
        75,
        514,
        75,
        515,
        75,
        516,
        75,
        517,
        74,
        519,
        74,
        521,
        74,
        522,
        74,
        524,
        74,
        525,
        74,
        526,
        74,
        528,
        74,
        528,
        75,
        531,
        75,
        532,
        75,
        534,
        75,
        536,
        75,
        538,
        75,
        539,
        76,
        540,
        76,
        541,
        76,
        543,
        76,
        544,
        76,
        545,
        76,
        546,
        77,
        547,
        77,
        548,
        77,
        549,
        77,
        550,
        77,
        551,
        78,
        552,
        78,
        553,
        78,
        554,
        79,
        556,
        79,
        557,
        79,
        558,
        79,
        558,
        80,
        559,
        80,
        560,
        80,
        561,
        81,
        562,
        81,
        562,
        82,
        563,
        82,
        564,
        83,
        565,
        83,
        566,
        84,
        567,
        85,
        568,
        86,
        569,
        87,
        570,
        87,
        570,
        88,
        571,
        88,
        571,
        89,
        572,
        89,
        573,
        90,
        573,
        91,
        574,
        91,
        574,
        92,
        575,
        92,
        575,
        93,
        576,
        94,
        577,
        95,
        577,
        96,
        577,
        97,
        578,
        97,
        578,
        98,
        578,
        99,
        579,
        100,
        579,
        102,
        579,
        103,
        580,
        104,
        580,
        105,
        580,
        106,
        580,
        107,
        580,
        108,
        580,
        109,
        580,
        110,
        579,
        111,
        579,
        112,
        579,
        113,
        579,
        114,
        578,
        115,
        578,
        116,
        577,
        117,
        576,
        118,
        576,
        119,
        575,
        120,
        575,
        121,
        574,
        121,
        574,
        122,
        573,
        123,
        572,
        124,
        571,
        125,
        570,
        126,
        569,
        127,
        568,
        127,
        568,
        128,
        567,
        128,
        567,
        129,
        566,
        129,
        564,
        130,
        563,
        131,
        562,
        131,
        561,
        132,
        560,
        132,
        559,
        132,
        558,
        133,
        557,
        133,
        556,
        133,
        554,
        133,
        553,
        134,
        552,
        134,
        551,
        134,
        550,
        134,
        549,
        134,
        548,
        134,
        547,
        134,
        546,
        134,
        545,
        134,
        544,
        134,
        541,
        134,
        540,
        134,
        539,
        133,
        537,
        133,
        536,
        133,
        535,
        133,
        534,
        133,
        534,
        132,
        533,
        132,
        532,
        132,
        531,
        132,
        530,
        131,
        529,
        131,
        528,
        131,
        527,
        130,
        526,
        130,
        525,
        130,
        524,
        129,
        523,
        128,
        522,
        128,
        521,
        127,
        520,
        126,
        519,
        126,
        518,
        124,
        517,
        124,
        517,
        123,
        516,
        122,
        515,
        121,
        514,
        120,
        514,
        119,
        513,
        117,
        513,
        116,
        512,
        115,
        512,
        113,
        512,
        112,
        511,
        111,
        511,
        110,
        511,
        109,
        511,
        107,
        511,
        106,
        511,
        105,
        511,
        103,
        511,
        102,
        511,
        101,
        511,
        100,
        511,
        99,
        511,
        98,
        511,
        97,
        511,
        96,
        511,
        95,
        512,
        94,
        512,
        93,
        513,
        91,
        513,
        90,
        514,
        89,
        515,
        87,
        516,
        86,
        517,
        85,
        519,
        83,
        519,
        82,
        520,
        82,
        521,
        81,
        522,
        80,
        525,
        79,
        527,
        78,
        529,
        76,
        530,
        76,
        530,
        77,
        530,
        78,
        530,
        76
      ],
      "tool": "pen",
      "strokeWidth": 3
    }
  ]
}