{
  "id": "choo",
  "shapes": [
    {
      "points": [
        364,
        194,
        365,
        194,
        366,
        194,
        366,
        195,
        366,
        196,
        366,
        197,
        366,
        198,
        366,
        200,
        366,
        202,
        366,
        203,
        366,
        206,
        366,
        208,
        366,
        209,
        366,
        213,
        366,
        215,
        366,
        216,
        366,
        219,
        366,
        222,
        366,
        226,
        366,
        228,
        366,
        231,
        366,
        234,
        366,
        236,
        366,
        238,
        366,
        240,
        366,
        242,
        366,
        245,
        366,
        247,
        366,
        250,
        366,
        253,
        366,
        254,
        366,
        255,
        366,
        257,
        366,
        258,
        366,
        260,
        366,
        261,
        366,
        262,
        366,
        263,
        366,
        264,
        366,
        265,
        366,
        266,
        366,
        267,
        367,
        267,
        367,
        266,
        366,
        267
      ],
      "tool": "pen",
      "strokeWidth": 3
    },
    {
      "points": [
        365,
        197,
        365,
        198,
        366,
        198,
        367,
        198,
        368,
        198,
        370,
        198,
        372,
        198,
        376,
        198,
        380,
        198,
        385,
        198,
        389,
        198,
        394,
        198,
        399,
        198,
        405,
        198,
        411,
        198,
        417,
        198,
        423,
        198,
        429,
        198,
        435,
        198,
        441,
        198,
        447,
        198,
        452,
        198,
        458,
        197,
        463,
        197,
        469,
        197,
        474,
        197,
        479,
        197,
        483,
        197,
        487,
        197,
        491,
        197,
        495,
        197,
        498,
        197,
        501,
        197,
        505,
        197,
        508,
        197,
        510,
        197,
        512,
        197,
        514,
        197,
        516,
        197,
        517,
        197,
        519,
        197,
        520,
        197,
        521,
        197,
        523,
        197,
        524,
        197,
        525,
        197,
        526,
        197,
        526,
        198,
        526,
        197
      ],
      "tool": "pen",
      "strokeWidth": 3
    },
    {
      "points": [
        445,
        197,
        449,
        197,
        449,
        196,
        449,
        197,
        449,
        198,
        449,
        200,
        449,
        205,
        449,
        208,
        449,
        213,
        449,
        223,
        449,
        226,
        449,
        231,
        449,
        239,
        449,
        241,
        448,
        246,
        448,
        252,
        448,
        254,
        448,
        259,
        448,
        265,
        448,
        267,
        448,
        270,
        448,
        274,
        448,
        276,
        448,
        277,
        448,
        281,
        448,
        283,
        448,
        284,
        447,
        287,
        447,
        288,
        447,
        289,
        447,
        291,
        447,
        292,
        447,
        293,
        447,
        294,
        447,
        295,
        447,
        296,
        447,
        298,
        447,
        299,
        447,
        300,
        447,
        301,
        447,
        302,
        447,
        303,
        448,
        303,
        447,
        303,
        447,
        304,
        447,
        305,
        447,
        306,
        447,
        307,
        447,
        308,
        446,
        308,
        446,
        309,
        446,
        310,
        445,
        310,
        445,
        311,
        445,
        312,
        444,
        313,
        444,
        314,
        443,
        315,
        442,
        316,
        441,
        317,
        441,
        318,
        440,
        318,
        440,
        319,
        439,
        319,
        438,
        319,
        438,
        320,
        437,
        320,
        436,
        321,
        436,
        322,
        435,
        322,
        434,
        323,
        433,
        323,
        432,
        324,
        431,
        324,
        431,
        325,
        430,
        325,
        430,
        326,
        429,
        326,
        428,
        327,
        427,
        327,
        426,
        328,
        425,
        328,
        424,
        329,
        423,
        330,
        422,
        331,
        421,
        331,
        420,
        332,
        419,
        332,
        418,
        333,
        417,
        333,
        416,
        333,
        416,
        334,
        415,
        334,
        414,
        334,
        413,
        334,
        412,
        335,
        410,
        336,
        408,
        336,
        407,
        337,
        406,
        337,
        405,
        337,
        404,
        338,
        403,
        338,
        401,
        338,
        399,
        339,
        398,
        339,
        396,
        339,
        395,
        339,
        394,
        340,
        393,
        340,
        391,
        340,
        390,
        340,
        389,
        340,
        388,
        340,
        387,
        340,
        386,
        340,
        385,
        340,
        384,
        340,
        383,
        340,
        382,
        340,
        381,
        339,
        380,
        339,
        378,
        339,
        377,
        338,
        376,
        338,
        375,
        338,
        374,
        338,
        372,
        337,
        370,
        337,
        367,
        336,
        366,
        336,
        364,
        336,
        364,
        335,
        363,
        335,
        362,
        335,
        361,
        335,
        360,
        334,
        359,
        334,
        357,
        333,
        356,
        333,
        354,
        333,
        353,
        332,
        352,
        332,
        351,
        332,
        350,
        332,
        349,
        331,
        348,
        331,
        347,
        330,
        345,
        329,
        344,
        329,
        342,
        328,
        341,
        327,
        340,
        327,
        339,
        326,
        338,
        326,
        338,
        325,
        337,
        325,
        337,
        324,
        336,
        323,
        335,
        322,
        335,
        321,
        334,
        321,
        334,
        320,
        333,
        319,
        332,
        318,
        332,
        317,
        331,
        316,
        331,
        315,
        330,
        314,
        329,
        313,
        329,
        312,
        329,
        311,
        328,
        310,
        328,
        309,
        327,
        307,
        327,
        306,
        327,
        305,
        327,
        304,
        327,
        303,
        327,
        302,
        327,
        301,
        327,
        300,
        327,
        298,
        327,
        296,
        328,
        295,
        328,
        294,
        328,
        293,
        329,
        291,
        329,
        290,
        329,
        289,
        330,
        288,
        330,
        286,
        331,
        286,
        331,
        285,
        332,
        284,
        332,
        283,
        333,
        282,
        334,
        280,
        335,
        280,
        336,
        278,
        339,
        275,
        341,
        273,
        342,
        272,
        343,
        270,
        344,
        270,
        345,
        270,
        345,
        269,
        346,
        268,
        349,
        266,
        350,
        266,
        351,
        265,
        353,
        264,
        354,
        264,
        355,
        263,
        356,
        263,
        357,
        263,
        358,
        262,
        359,
        262,
        361,
        262,
        362,
        261,
        363,
        261,
        364,
        261,
        365,
        261,
        366,
        261,
        366,
        260,
        367,
        260,
        368,
        260,
        369,
        260,
        370,
        260,
        371,
        260,
        372,
        260,
        374,
        260,
        376,
        260,
        377,
        260,
        378,
        260,
        379,
        260,
        380,
        260,
        381,
        260,
        383,
        260,
        384,
        260,
        386,
        260,
        388,
        260,
        391,
        260,
        394,
        260,
        396,
        260,
        399,
        260,
        402,
        259,
        405,
        259,
        407,
        259,
        411,
        259,
        415,
        259,
        418,
        259,
        421,
        259,
        424,
        259,
        427,
        259,
        431,
        259,
        434,
        259,
        437,
        259,
        441,
        259,
        444,
        259,
        448,
        258,
        451,
        258,
        455,
        258,
        458,
        258,
        462,
        258,
        467,
        258,
        471,
        258,
        475,
        258,
        479,
        258,
        483,
        257,
        488,
        257,
        492,
        257,
        496,
        257,
        500,
        257,
        504,
        257,
        508,
        257,
        511,
        257,
        515,
        257,
        518,
        257,
        522,
        257,
        525,
        257,
        528,
        256,
        531,
        256,
        534,
        256,
        538,
        256,
        541,
        256,
        544,
        256,
        547,
        256,
        549,
        256,
        551,
        256,
        554,
        256,
        555,
        256,
        557,
        256,
        559,
        256,
        560,
        256,
        562,
        256,
        563,
        256,
        566,
        256,
        567,
        256,
        568,
        256,
        570,
        256,
        571,
        256,
        572,
        256,
        573,
        256,
        574,
        256,
        575,
        256,
        576,
        256,
        577,
        256,
        578,
        256,
        579,
        256,
        580,
        256,
        580,
        257,
        579,
        257,
        578,
        257,
        577,
        257,
        574,
        258
      ],
      "tool": "pen",
      "strokeWidth": 3
    },
    {
      "points": [
        520,
        260,
        520,
        259,
        520,
        260,
        520,
        261,
        520,
        262,
        520,
        263,
        520,
        264,
        521,
        265,
        521,
        268,
        521,
        271,
        521,
        276,
        521,
        277,
        521,
        280,
        521,
        285,
        521,
        286,
        521,
        289,
        521,
        292,
        521,
        295,
        521,
        299,
        521,
        304,
        521,
        306,
        522,
        308,
        522,
        312,
        522,
        315,
        522,
        316,
        522,
        319,
        522,
        321,
        522,
        322,
        522,
        324,
        522,
        326,
        522,
        327,
        522,
        328,
        522,
        329,
        523,
        331,
        523,
        332,
        523,
        333,
        523,
        334,
        522,
        335,
        522,
        336,
        522,
        337,
        522,
        339,
        522,
        340,
        522,
        339,
        522,
        338,
        523,
        337,
        523,
        335,
        522,
        339
      ],
      "tool": "pen",
      "strokeWidth": 3
    },
    {
      "points": [
        522,
        320,
        521,
        320,
        521,
        319,
        521,
        318,
        522,
        318,
        522,
        317,
        522,
        315,
        523,
        314,
        524,
        312,
        524,
        311,
        525,
        311,
        525,
        310,
        526,
        310,
        527,
        310,
        527,
        309,
        528,
        308,
        529,
        308,
        530,
        307,
        531,
        307,
        532,
        306,
        533,
        306,
        534,
        305,
        535,
        304,
        536,
        304,
        537,
        304,
        538,
        303,
        539,
        303,
        540,
        303,
        541,
        302,
        542,
        302,
        543,
        302,
        544,
        301,
        545,
        301,
        546,
        301,
        547,
        301,
        549,
        300,
        551,
        300,
        552,
        300,
        553,
        300,
        554,
        300,
        555,
        300,
        556,
        300,
        557,
        300,
        558,
        300,
        559,
        300,
        561,
        301,
        562,
        301,
        564,
        301,
        565,
        301,
        566,
        302,
        567,
        302,
        569,
        302,
        570,
        303,
        571,
        303,
        572,
        303,
        573,
        304,
        574,
        304,
        575,
        304,
        576,
        305,
        577,
        305,
        577,
        306,
        578,
        306,
        579,
        307,
        580,
        307,
        581,
        308,
        582,
        309,
        583,
        310,
        584,
        311,
        585,
        312,
        586,
        313,
        587,
        314,
        587,
        315,
        588,
        316,
        589,
        317,
        590,
        318,
        590,
        319,
        591,
        320,
        591,
        321,
        592,
        322,
        592,
        323,
        593,
        324,
        593,
        325,
        593,
        326,
        593,
        327,
        594,
        329,
        594,
        330,
        595,
        331,
        595,
        332,
        595,
        333,
        595,
        334,
        595,
        335,
        595,
        336,
        595,
        337,
        596,
        338,
        596,
        340,
        596,
        341,
        596,
        342,
        596,
        344,
        596,
        345,
        595,
        347,
        595,
        348,
        595,
        349,
        595,
        352,
        594,
        353,
        594,
        354,
        594,
        355,
        594,
        356,
        594,
        357,
        593,
        358,
        593,
        359,
        593,
        360,
        593,
        361,
        592,
        362,
        592,
        363,
        591,
        364,
        591,
        366,
        590,
        367,
        590,
        368,
        590,
        369,
        589,
        370,
        589,
        371,
        588,
        372,
        588,
        373,
        587,
        374,
        587,
        375,
        586,
        376,
        586,
        377,
        585,
        379,
        584,
        380,
        584,
        381,
        583,
        381,
        583,
        382,
        582,
        383,
        582,
        384,
        581,
        385,
        581,
        386,
        580,
        387,
        579,
        388,
        578,
        389,
        577,
        390,
        577,
        391,
        576,
        391,
        576,
        392,
        575,
        393,
        574,
        394,
        573,
        395,
        572,
        395,
        572,
        396,
        571,
        397,
        570,
        398,
        569,
        398,
        569,
        399,
        568,
        399,
        568,
        400,
        567,
        401,
        566,
        401,
        565,
        402,
        564,
        403,
        563,
        404,
        562,
        405,
        561,
        406,
        560,
        406,
        560,
        407,
        559,
        408,
        558,
        408,
        558,
        409,
        556,
        410,
        555,
        411,
        553,
        412,
        552,
        412,
        551,
        413,
        550,
        414,
        549,
        414,
        549,
        415,
        548,
        415,
        547,
        416,
        546,
        417,
        545,
        417,
        544,
        418,
        543,
        418,
        542,
        419,
        541,
        419,
        540,
        419,
        540,
        420,
        539,
        420,
        538,
        420,
        537,
        421,
        536,
        421,
        535,
        421,
        535,
        422,
        534,
        422,
        533,
        422,
        532,
        422,
        532,
        423,
        531,
        423,
        530,
        423,
        529,
        423,
        529,
        424,
        528,
        424,
        527,
        424,
        526,
        424,
        525,
        425,
        524,
        425,
        523,
        425,
        522,
        426,
        521,
        426,
        520,
        426,
        519,
        426,
        518,
        427,
        517,
        427,
        516,
        427,
        515,
        427,
        513,
        428,
        511,
        429,
        509,
        430,
        508,
        430,
        507,
        430,
        506,
        431,
        505,
        431,
        504,
        431,
        503,
        431,
        502,
        431,
        501,
        431,
        501,
        432,
        500,
        432,
        499,
        432,
        498,
        432,
        496,
        432,
        495,
        432,
        494,
        432,
        492,
        433,
        491,
        433,
        490,
        433,
        488,
        433,
        486,
        433,
        485,
        433,
        484,
        434,
        483,
        434,
        482,
        434,
        479,
        435,
        477,
        435,
        475,
        435,
        474,
        435,
        473,
        436,
        472,
        436,
        471,
        436,
        470,
        436,
        469,
        436,
        468,
        436,
        466,
        436,
        465,
        435,
        464,
        435,
        463,
        435,
        461,
        435,
        460,
        435,
        458,
        435,
        457,
        435,
        455,
        435,
        454,
        435,
        453,
        435,
        452,
        435,
        451,
        435,
        450,
        435,
        449,
        435,
        448,
        435,
        447,
        435,
        446,
        435,
        445,
        435,
        444,
        435,
        443,
        435,
        442,
        435,
        441,
        435,
        440,
        435,
        438,
        435,
        436,
        435,
        434,
        435,
        432,
        435,
        431,
        435,
        430,
        435,
        428,
        435,
        427,
        435,
        426,
        435,
        425,
        435,
        424,
        435,
        423,
        435,
        422,
        435,
        420,
        435,
        419,
        435,
        418,
        435,
        417,
        435,
        416,
        435,
        415,
        435,
        412,
        435,
        411,
        434,
        409,
        434,
        406,
        434,
        404,
        434,
        403,
        434,
        401,
        433,
        399,
        433,
        397,
        433,
        396,
        432,
        395,
        432,
        393,
        432,
        391,
        431,
        390,
        431,
        387,
        430,
        386,
        430,
        385,
        430,
        383,
        429,
        382,
        429,
        381,
        429,
        379,
        429,
        378,
        428,
        376,
        428,
        375,
        428,
        374,
        427,
        373,
        427,
        372,
        427,
        371,
        427,
        370,
        426,
        369,
        426,
        368,
        425,
        367,
        425,
        366,
        425,
        364,
        424,
        363,
        424,
        361,
        423,
        360,
        423,
        359,
        423,
        358,
        422,
        357,
        422,
        356,
        422,
        355,
        421,
        354,
        421,
        353,
        421,
        352,
        420,
        350,
        420,
        349,
        419,
        348,
        419,
        347,
        419,
        346,
        418,
        345,
        418,
        344,
        418,
        343,
        418,
        343,
        417,
        342,
        417,
        341,
        417,
        340,
        417,
        340,
        416,
        341,
        416,
        341,
        417,
        340,
        417,
        340,
        416,
        339,
        416,
        338,
        416,
        338,
        415,
        337,
        415,
        336,
        415,
        335,
        414,
        334,
        414,
        333,
        413,
        332,
        413,
        332,
        412,
        331,
        412,
        330,
        411,
        329,
        411,
        328,
        410,
        326,
        409,
        325,
        409,
        324,
        408,
        323,
        408,
        322,
        407,
        321,
        406,
        320,
        405,
        319,
        405,
        318,
        404,
        316,
        403,
        316,
        402,
        315,
        401,
        313,
        400,
        312,
        400,
        310,
        398,
        308,
        397,
        307,
        396,
        305,
        394,
        304,
        394,
        303,
        393,
        301,
        392,
        300,
        391,
        298,
        390,
        296,
        388,
        295,
        388,
        293,
        386,
        292,
        385,
        291,
        384,
        290,
        383,
        289,
        382,
        287,
        380,
        286,
        379,
        285,
        378,
        284,
        377,
        283,
        377,
        283,
        376,
        282,
        375,
        281,
        373,
        280,
        373,
        279,
        372,
        278,
        371,
        277,
        369,
        276,
        368,
        275,
        367,
        274,
        366,
        274,
        365,
        273,
        365,
        273,
        364,
        272,
        363,
        271,
        362,
        271,
        361,
        270,
        361,
        270,
        360,
        269,
        359,
        268,
        358,
        268,
        357,
        267,
        356,
        266,
        355,
        265,
        354,
        265,
        353,
        264,
        352,
        264,
        351,
        263,
        350,
        263,
        349,
        263,
        348,
        262,
        348,
        262,
        347,
        262,
        346,
        261,
        345,
        260,
        343,
        260,
        342,
        260,
        341,
        259,
        340,
        259,
        339,
        259,
        338,
        258,
        337,
        258,
        336,
        258,
        335,
        257,
        335,
        257,
        334,
        257,
        333,
        257,
        332,
        256,
        331,
        256,
        330,
        256,
        329,
        256,
        328,
        256,
        327,
        255,
        325,
        255,
        324,
        255,
        323,
        255,
        321,
        254,
        321,
        254,
        320,
        254,
        318,
        254,
        317,
        254,
        316,
        254,
        314,
        254,
        313,
        254,
        312,
        254,
        311,
        254,
        310,
        254,
        309,
        254,
        307,
        254,
        306,
        254,
        305,
        254,
        303,
        255,
        302,
        255,
        300,
        255,
        299,
        255,
        298,
        255,
        297,
        255,
        296,
        255,
        295,
        255,
        294,
        255,
        293,
        255,
        292,
        255,
        290,
        255,
        289,
        256,
        287,
        256,
        286,
        256,
        285,
        256,
        284,
        256,
        283,
        256,
        282,
        257,
        280,
        257,
        279,
        257,
        278,
        257,
        277,
        257,
        276,
        258,
        274,
        258,
        272,
        258,
        271,
        258,
        270,
        259,
        269,
        259,
        268,
        259,
        267,
        260,
        266,
        260,
        265,
        260,
        263,
        261,
        262,
        261,
        260,
        262,
        258,
        262,
        256,
        263,
        255,
        263,
        254,
        263,
        253,
        264,
        252,
        264,
        250,
        265,
        249,
        265,
        248,
        266,
        247,
        266,
        246,
        267,
        244,
        268,
        242,
        270,
        239,
        270,
        238,
        271,
        237,
        272,
        236,
        272,
        235,
        273,
        234,
        274,
        234,
        274,
        233,
        275,
        231,
        275,
        230,
        276,
        229,
        277,
        227,
        278,
        225,
        279,
        223,
        280,
        222,
        280,
        221,
        281,
        220,
        281,
        219,
        281,
        218,
        282,
        217,
        283,
        215,
        284,
        213,
        285,
        213,
        286,
        211,
        287,
        209,
        288,
        209,
        290,
        206,
        291,
        204,
        293,
        202,
        294,
        201,
        294,
        200,
        295,
        200,
        295,
        199,
        296,
        198,
        297,
        198,
        297,
        197,
        298,
        196,
        299,
        195,
        301,
        193,
        302,
        192,
        303,
        191,
        302,
        191,
        302,
        192,
        301,
        193,
        299,
        196,
        296,
        199
      ],
      "tool": "pen",
      "strokeWidth": 3
    }
  ]
}