{
  "id": "chu",
  "shapes": [
    {
      "points": [
        352,
        143,
        353,
        141,
        353,
        142,
        353,
        144,
        353,
        145,
        353,
        152,
        353,
        158,
        353,
        161,
        353,
        171,
        353,
        177,
        353,
        183,
        353,
        188,
        353,
        192,
        354,
        197,
        354,
        201,
        354,
        204,
        354,
        206,
        354,
        205,
        354,
        203,
        354,
        202,
        354,
        206
      ],
      "tool": "pen",
      "strokeWidth": 3
    },
    {
      "points": [
        352,
        143,
        351,
        143,
        352,
        143,
        353,
        143,
        354,
        143,
        356,
        143,
        359,
        144,
        363,
        144,
        371,
        144,
        374,
        144,
        380,
        144,
        391,
        144,
        394,
        144,
        401,
        144,
        410,
        144,
        414,
        144,
        420,
        144,
        429,
        144,
        432,
        144,
        438,
        145,
        447,
        145,
        450,
        145,
        455,
        145,
        462,
        145,
        465,
        145,
        467,
        145,
        472,
        145,
        475,
        145,
        476,
        145,
        479,
        145,
        481,
        145,
        483,
        145,
        486,
        145,
        487,
        145,
        488,
        145,
        490,
        145,
        491,
        145,
        492,
        145,
        493,
        145,
        494,
        145,
        495,
        145,
        496,
        145,
        497,
        145,
        498,
        145,
        499,
        145,
        500,
        145,
        501,
        145,
        502,
        145,
        502,
        146
      ],
      "tool": "pen",
      "strokeWidth": 3
    },
    {
      "points": [
        428,
        142,
        430,
        142,
        430,
        143,
        430,
        144,
        430,
        145,
        430,
        148,
        430,
        152,
        431,
        157,
        431,
        163,
        431,
        168,
        431,
        174,
        431,
        179,
        431,
        183,
        431,
        188,
        431,
        192,
        432,
        196,
        432,
        200,
        432,
        203,
        432,
        206,
        432,
        209,
        432,
        212,
        432,
        216,
        432,
        218,
        432,
        220,
        432,
        222,
        432,
        224,
        432,
        226,
        432,
        228,
        432,
        229,
        432,
        231,
        432,
        233,
        432,
        234,
        432,
        236,
        432,
        238,
        432,
        239,
        432,
        240,
        433,
        240,
        434,
        239,
        434,
        240,
        433,
        240,
        433,
        241,
        433,
        242,
        433,
        243,
        433,
        244,
        433,
        245,
        433,
        246,
        432,
        247,
        432,
        248,
        432,
        249,
        432,
        250,
        431,
        251,
        431,
        252,
        431,
        253,
        430,
        253,
        430,
        254,
        430,
        255,
        430,
        256,
        429,
        256,
        429,
        257,
        429,
        258,
        428,
        258,
        428,
        259,
        427,
        260,
        427,
        261,
        426,
        261,
        426,
        262,
        426,
        263,
        425,
        263,
        425,
        264,
        424,
        265,
        423,
        265,
        423,
        266,
        422,
        266,
        422,
        267,
        421,
        268,
        420,
        269,
        419,
        269,
        419,
        270,
        418,
        270,
        418,
        271,
        417,
        271,
        416,
        271,
        416,
        272,
        415,
        273,
        414,
        273,
        413,
        274,
        412,
        274,
        412,
        275,
        411,
        275,
        410,
        276,
        408,
        277,
        406,
        278,
        405,
        279,
        403,
        280,
        401,
        281,
        400,
        281,
        398,
        282,
        397,
        282,
        396,
        283,
        395,
        283,
        394,
        283,
        393,
        283,
        393,
        284,
        392,
        284,
        391,
        284,
        390,
        284,
        389,
        284,
        388,
        284,
        387,
        284,
        386,
        284,
        385,
        284,
        384,
        284,
        383,
        284,
        382,
        284,
        381,
        284,
        380,
        284,
        378,
        284,
        376,
        284,
        375,
        284,
        372,
        284,
        371,
        285,
        370,
        285,
        367,
        285,
        366,
        285,
        364,
        285,
        363,
        285,
        362,
        285,
        360,
        285,
        359,
        285,
        358,
        285,
        356,
        285,
        355,
        285,
        355,
        284,
        353,
        284,
        352,
        284,
        351,
        284,
        350,
        284,
        349,
        284
      ],
      "tool": "pen",
      "strokeWidth": 3
    },
    {
      "points": [
        376,
        286,
        375,
        285,
        374,
        285,
        373,
        285,
        372,
        285,
        371,
        285,
        370,
        285,
        369,
        285,
        368,
        285,
        367,
        285,
        366,
        285,
        365,
        285,
        364,
        285,
        363,
        285,
        362,
        285,
        361,
        285,
        360,
        285,
        359,
        285,
        358,
        285,
        357,
        285,
        356,
        285,
        355,
        285,
        354,
        285,
        353,
        284,
        352,
        284,
        351,
        284,
        350,
        284,
        349,
        284,
        348,
        284,
        347,
        283,
        346,
        283,
        345,
        283,
        344,
        282,
        343,
        282,
        342,
        281,
        341,
        281,
        339,
        280,
        338,
        280,
        337,
        279,
        335,
        279,
        334,
        279,
        333,
        278,
        332,
        277,
        330,
        276,
        328,
        275,
        327,
        274,
        326,
        273,
        324,
        272,
        323,
        271,
        322,
        270,
        322,
        269,
        321,
        268,
        321,
        267,
        320,
        266,
        320,
        265,
        319,
        263,
        318,
        262,
        318,
        261,
        317,
        260,
        317,
        259,
        316,
        257,
        315,
        255,
        315,
        254,
        314,
        252,
        314,
        251,
        314,
        250,
        314,
        249,
        314,
        248,
        314,
        247,
        314,
        246,
        314,
        244,
        314,
        243,
        314,
        242,
        315,
        241,
        315,
        239,
        316,
        237,
        317,
        236,
        317,
        235,
        317,
        234,
        317,
        233,
        318,
        233,
        318,
        232,
        318,
        231,
        319,
        231,
        320,
        229,
        321,
        228,
        322,
        226,
        323,
        225,
        324,
        224,
        324,
        223,
        325,
        223,
        326,
        222,
        327,
        221,
        328,
        220,
        329,
        219,
        331,
        218,
        333,
        217,
        334,
        216,
        336,
        215,
        337,
        214,
        338,
        213,
        340,
        213,
        342,
        212,
        343,
        211,
        344,
        211,
        345,
        210,
        347,
        210,
        349,
        209,
        350,
        208,
        352,
        208,
        353,
        207,
        355,
        207,
        356,
        207,
        358,
        207,
        359,
        207,
        360,
        207,
        362,
        207,
        365,
        207,
        368,
        207,
        371,
        207,
        374,
        207,
        377,
        207,
        379,
        207,
        382,
        207,
        386,
        206,
        389,
        206,
        393,
        206,
        396,
        206,
        401,
        206,
        405,
        206,
        410,
        206,
        415,
        206,
        419,
        206,
        424,
        206,
        428,
        206,
        432,
        206,
        436,
        206,
        441,
        205,
        445,
        205,
        453,
        205,
        456,
        205,
        461,
        205,
        469,
        205,
        472,
        205,
        477,
        205,
        484,
        204,
        486,
        204,
        489,
        204,
        492,
        204,
        494,
        204,
        496,
        204,
        499,
        204,
        501,
        204,
        503,
        204,
        507,
        204,
        509,
        204,
        512,
        204,
        518,
        204,
        521,
        204,
        523,
        204,
        527,
        204,
        530,
        203,
        531,
        203,
        532,
        203,
        533,
        203,
        534,
        203,
        536,
        203,
        538,
        203,
        539,
        203,
        541,
        203,
        543,
        203,
        545,
        203,
        546,
        203,
        547,
        203,
        548,
        203,
        549,
        203,
        550,
        203,
        551,
        203,
        552,
        203,
        553,
        203,
        552,
        203,
        551,
        203,
        548,
        204,
        546,
        204
      ],
      "tool": "pen",
      "strokeWidth": 3
    },
    {
      "points": [
        508,
        209,
        509,
        209,
        510,
        209,
        510,
        210,
        510,
        211,
        510,
        214,
        510,
        219,
        510,
        222,
        510,
        224,
        510,
        230,
        510,
        234,
        510,
        236,
        510,
        242,
        510,
        246,
        510,
        247,
        510,
        251,
        510,
        253,
        510,
        254,
        510,
        258,
        510,
        260,
        510,
        262,
        510,
        264,
        510,
        267,
        510,
        269,
        511,
        272,
        511,
        275,
        511,
        277,
        511,
        278,
        511,
        279,
        511,
        280,
        511,
        281,
        510,
        281,
        509,
        281,
        511,
        281
      ],
      "tool": "pen",
      "strokeWidth": 3
    }
  ]
}