{
  "id": "ka",
  "shapes": [
    {
      "points": [
        322,
        118,
        321,
        118,
        321,
        117,
        321,
        116,
        321,
        117,
        321,
        118,
        321,
        121,
        321,
        122,
        321,
        124,
        321,
        127,
        321,
        128,
        321,
        133,
        321,
        135,
        321,
        138,
        321,
        139,
        321,
        142,
        321,
        144,
        321,
        145,
        321,
        148,
        321,
        150,
        321,
        151,
        321,
        152,
        321,
        153,
        321,
        156,
        321,
        157,
        321,
        158,
        321,
        160,
        321,
        162,
        321,
        163,
        322,
        163,
        322,
        162,
        322,
        161,
        321,
        160,
        322,
        163
      ],
      "tool": "pen",
      "strokeWidth": 4
    },
    {
      "points": [
        322,
        117,
        322,
        119,
        321,
        119,
        322,
        119,
        323,
        119,
        326,
        119,
        327,
        119,
        332,
        119,
        336,
        119,
        340,
        119,
        345,
        119,
        350,
        119,
        355,
        119,
        360,
        119,
        365,
        119,
        371,
        119,
        378,
        119,
        384,
        119,
        390,
        119,
        395,
        118,
        401,
        118,
        407,
        118,
        413,
        118,
        418,
        118,
        424,
        118,
        429,
        118,
        433,
        118,
        438,
        118,
        442,
        118,
        445,
        118,
        449,
        118,
        451,
        118,
        454,
        118,
        456,
        118,
        459,
        118,
        462,
        117,
        464,
        117,
        467,
        117,
        469,
        117,
        471,
        117,
        473,
        117,
        475,
        117,
        477,
        117,
        479,
        117,
        480,
        117,
        482,
        117,
        483,
        117,
        485,
        117,
        487,
        117,
        488,
        117,
        490,
        117,
        492,
        117,
        493,
        117,
        494,
        117,
        495,
        117,
        498,
        117,
        499,
        117,
        500,
        117,
        501,
        117,
        502,
        117,
        503,
        117,
        504,
        117,
        505,
        117,
        507,
        117,
        508,
        117,
        509,
        117,
        510,
        117,
        511,
        117,
        511,
        116,
        510,
        116,
        511,
        117
      ],
      "tool": "pen",
      "strokeWidth": 4
    },
    {
      "points": [
        410,
        117,
        410,
        116,
        411,
        116,
        411,
        117,
        411,
        118,
        411,
        120,
        411,
        121,
        411,
        123,
        411,
        127,
        411,
        128,
        411,
        131,
        412,
        136,
        412,
        138,
        412,
        142,
        412,
        147,
        412,
        149,
        413,
        152,
        413,
        156,
        413,
        159,
        413,
        160,
        413,
        165,
        413,
        167,
        413,
        168,
        413,
        170,
        413,
        172,
        413,
        173,
        413,
        176,
        414,
        177,
        414,
        178,
        414,
        181,
        414,
        183,
        414,
        184,
        414,
        187,
        414,
        189,
        414,
        191,
        414,
        192,
        414,
        193,
        414,
        194,
        414,
        195,
        414,
        196,
        414,
        198,
        414,
        199,
        414,
        200,
        414,
        201,
        414,
        202,
        414,
        203,
        414,
        204,
        414,
        205,
        414,
        206,
        414,
        207,
        414,
        208,
        414,
        210,
        415,
        212,
        415,
        214,
        415,
        215,
        415,
        216,
        415,
        217,
        415,
        218,
        415,
        219,
        415,
        218,
        416,
        218,
        416,
        219,
        416,
        220,
        415,
        220,
        415,
        221,
        415,
        222,
        415,
        223,
        415,
        224,
        415,
        225,
        414,
        225,
        414,
        226,
        414,
        227,
        414,
        228,
        413,
        228,
        413,
        229,
        413,
        230,
        412,
        231,
        412,
        232,
        411,
        232,
        411,
        233,
        411,
        234,
        410,
        234,
        410,
        235,
        409,
        235,
        409,
        236,
        408,
        236,
        407,
        237,
        406,
        238,
        406,
        239,
        405,
        240,
        404,
        240,
        404,
        241,
        403,
        241,
        402,
        242,
        401,
        242,
        400,
        243,
        399,
        244,
        398,
        244,
        397,
        245,
        396,
        245,
        396,
        246,
        395,
        246,
        394,
        246,
        393,
        247,
        392,
        247,
        391,
        248,
        389,
        249,
        388,
        249,
        387,
        250,
        386,
        250,
        385,
        251,
        384,
        251,
        384,
        252,
        383,
        252,
        382,
        252,
        381,
        253,
        380,
        254,
        378,
        254,
        378,
        255,
        376,
        256,
        375,
        256,
        374,
        256,
        372,
        257,
        371,
        258,
        370,
        258,
        369,
        258,
        368,
        259,
        367,
        259,
        366,
        259,
        365,
        260,
        364,
        260,
        363,
        260,
        362,
        260,
        361,
        260,
        360,
        260,
        359,
        261,
        358,
        261,
        357,
        261,
        356,
        261,
        355,
        261,
        354,
        261,
        353,
        262,
        352,
        262,
        351,
        262,
        350,
        262,
        349,
        262,
        348,
        262,
        347,
        262,
        346,
        262,
        345,
        262,
        344,
        262,
        343,
        262,
        342,
        262,
        341,
        262,
        340,
        262,
        339,
        262,
        338,
        262,
        337,
        262,
        336,
        262,
        335,
        262,
        334,
        262,
        332,
        261,
        331,
        261,
        330,
        261,
        329,
        260,
        328,
        260,
        327,
        260,
        326,
        260,
        325,
        260,
        324,
        260,
        323,
        259,
        322,
        259,
        320,
        259,
        318,
        259,
        316,
        259,
        315,
        259,
        314,
        259,
        312,
        259,
        311,
        259,
        310,
        259,
        309,
        259,
        308,
        258,
        307,
        258,
        306,
        258,
        306,
        257,
        305,
        257,
        303,
        256,
        302,
        256,
        300,
        255,
        299,
        254,
        298,
        254,
        297,
        253,
        296,
        253,
        295,
        252,
        294,
        252,
        294,
        251,
        293,
        251,
        292,
        250,
        292,
        249,
        291,
        249,
        290,
        247,
        289,
        247,
        289,
        246,
        288,
        245,
        286,
        244,
        286,
        243,
        285,
        242,
        284,
        242,
        284,
        241,
        283,
        240,
        282,
        239,
        281,
        238,
        280,
        237,
        280,
        236,
        279,
        236,
        278,
        235,
        278,
        234,
        277,
        233,
        277,
        232,
        276,
        230,
        275,
        229,
        275,
        228,
        275,
        227,
        275,
        226,
        274,
        225,
        274,
        224,
        274,
        223,
        274,
        222,
        274,
        220,
        273,
        218,
        273,
        216,
        273,
        215,
        273,
        214,
        273,
        213,
        272,
        213,
        272,
        211,
        272,
        210,
        272,
        209,
        273,
        207,
        273,
        206,
        273,
        205,
        273,
        204,
        274,
        203,
        274,
        202,
        275,
        200,
        275,
        198,
        276,
        197,
        276,
        196,
        277,
        196,
        278,
        194,
        281,
        191,
        282,
        190,
        283,
        189,
        284,
        188,
        285,
        187,
        286,
        186,
        287,
        186,
        287,
        185,
        288,
        185,
        289,
        184,
        290,
        183,
        292,
        182,
        293,
        181,
        295,
        181,
        296,
        180,
        297,
        180,
        297,
        179,
        299,
        179,
        300,
        178,
        301,
        178,
        303,
        177,
        305,
        176,
        307,
        175,
        308,
        175,
        309,
        175,
        310,
        174,
        311,
        174,
        312,
        173,
        313,
        173,
        314,
        173,
        315,
        172,
        316,
        172,
        317,
        172,
        319,
        171,
        320,
        171,
        322,
        170,
        324,
        170,
        326,
        169,
        327,
        169,
        328,
        168,
        330,
        168,
        331,
        168,
        332,
        168,
        333,
        168,
        334,
        168,
        335,
        168,
        337,
        168,
        339,
        168,
        341,
        168,
        342,
        168,
        343,
        168,
        345,
        168,
        346,
        168,
        347,
        168,
        349,
        168,
        350,
        168,
        351,
        168,
        353,
        168,
        354,
        167,
        356,
        167,
        357,
        167,
        358,
        167,
        360,
        167,
        361,
        167,
        362,
        167,
        363,
        167,
        366,
        167,
        368,
        167,
        369,
        167,
        370,
        167,
        371,
        167,
        373,
        167,
        375,
        167,
        376,
        167,
        378,
        167,
        381,
        166,
        382,
        166,
        384,
        166,
        386,
        166,
        387,
        166,
        388,
        166,
        391,
        166,
        392,
        166,
        395,
        166,
        397,
        166,
        398,
        166,
        400,
        166,
        402,
        166,
        404,
        166,
        406,
        166,
        407,
        166,
        408,
        166,
        409,
        166,
        411,
        166,
        413,
        166,
        415,
        166,
        416,
        166,
        417,
        166,
        419,
        166,
        420,
        166,
        421,
        166,
        423,
        166,
        424,
        166,
        425,
        166,
        426,
        166,
        428,
        166,
        430,
        167,
        432,
        167,
        433,
        167,
        435,
        167,
        437,
        167,
        438,
        167,
        439,
        167,
        441,
        167,
        443,
        167,
        444,
        167,
        445,
        167,
        446,
        168,
        448,
        168,
        449,
        168,
        451,
        168,
        453,
        168,
        454,
        168,
        455,
        168,
        456,
        168,
        457,
        168,
        458,
        168,
        459,
        168,
        460,
        168,
        461,
        169,
        462,
        169,
        463,
        169,
        464,
        169,
        465,
        169,
        466,
        169,
        467,
        169,
        468,
        169,
        469,
        169,
        470,
        169,
        471,
        170,
        472,
        170,
        473,
        170,
        474,
        170,
        475,
        170,
        476,
        170,
        477,
        170,
        478,
        171,
        479,
        171,
        480,
        171,
        481,
        171,
        481,
        172,
        482,
        172,
        483,
        172,
        484,
        172,
        485,
        172,
        485,
        173,
        486,
        173,
        487,
        173,
        488,
        173,
        489,
        174,
        490,
        174,
        491,
        174,
        492,
        175,
        493,
        175,
        494,
        175,
        494,
        176,
        495,
        176,
        496,
        176,
        496,
        177,
        497,
        177,
        498,
        177,
        498,
        178,
        499,
        178,
        500,
        179,
        501,
        179,
        502,
        180,
        503,
        180,
        503,
        181,
        504,
        181,
        505,
        182,
        506,
        182,
        506,
        183,
        507,
        183,
        507,
        184,
        508,
        184,
        508,
        185,
        509,
        185,
        509,
        186,
        510,
        186,
        510,
        187,
        510,
        188,
        511,
        188,
        511,
        189,
        512,
        190,
        512,
        191,
        512,
        192,
        513,
        193,
        513,
        194,
        513,
        195,
        514,
        196,
        514,
        197,
        514,
        198,
        515,
        199,
        515,
        200,
        515,
        201,
        515,
        202,
        515,
        204,
        516,
        204,
        516,
        205,
        516,
        206,
        516,
        207,
        516,
        209,
        516,
        210,
        516,
        211,
        516,
        212,
        516,
        213,
        516,
        214,
        516,
        215,
        516,
        216,
        516,
        217,
        516,
        218,
        515,
        218,
        515,
        219,
        515,
        220,
        515,
        221,
        515,
        223,
        515,
        224,
        514,
        224,
        514,
        225,
        514,
        226,
        513,
        227,
        513,
        228,
        512,
        230,
        512,
        231,
        511,
        231,
        511,
        232,
        511,
        233,
        510,
        234,
        509,
        235,
        509,
        236,
        508,
        237,
        507,
        238,
        507,
        239,
        507,
        240,
        506,
        241,
        506,
        242,
        505,
        242,
        505,
        243,
        504,
        244,
        503,
        245,
        503,
        246,
        502,
        247,
        501,
        248,
        500,
        249,
        499,
        250,
        499,
        251,
        498,
        251,
        497,
        252,
        496,
        252,
        496,
        253,
        495,
        253,
        494,
        254,
        493,
        254,
        491,
        255,
        490,
        256,
        489,
        256,
        488,
        257,
        486,
        258,
        484,
        259,
        483,
        259,
        482,
        260,
        480,
        260,
        479,
        260,
        478,
        261,
        476,
        261,
        475,
        261,
        473,
        262,
        472,
        262,
        471,
        262,
        470,
        262,
        469,
        262,
        468,
        263,
        466,
        263,
        465,
        263,
        463,
        263,
        461,
        264,
        459,
        264,
        457,
        264,
        456,
        264,
        455,
        264,
        454,
        264,
        453,
        265,
        452,
        265,
        450,
        265,
        449,
        265,
        448,
        265,
        446,
        265,
        445,
        265,
        444,
        265,
        443,
        265,
        441,
        265,
        440,
        265,
        439,
        265,
        437,
        265,
        435,
        265,
        434,
        265,
        433,
        265,
        432,
        265,
        431,
        265,
        430,
        265,
        429,
        264,
        428,
        264,
        426,
        264,
        425,
        263,
        424,
        263,
        423,
        263,
        422,
        263,
        421,
        263,
        421,
        262,
        420,
        262,
        419,
        262,
        418,
        262,
        418,
        261,
        416,
        261,
        415,
        260,
        414,
        259,
        413,
        259,
        412,
        258,
        411,
        258,
        410,
        258,
        409,
        257,
        408,
        257,
        407,
        256,
        406,
        256,
        405,
        255,
        404,
        255,
        403,
        254,
        402,
        254,
        401,
        253,
        400,
        253,
        399,
        252,
        398,
        251,
        398,
        250,
        397,
        250,
        397,
        249,
        396,
        249,
        395,
        248,
        394,
        247,
        393,
        247,
        393,
        246,
        392,
        246,
        392,
        247,
        392,
        248,
        392,
        246
      ],
      "tool": "pen",
      "strokeWidth": 4
    }
  ]
}