{
  "id": "kaa",
  "shapes": [
    {
      "points": [
        341,
        184,
        341,
        185,
        341,
        186,
        341,
        188,
        341,
        192,
        341,
        193,
        341,
        196,
        341,
        200,
        341,
        202,
        341,
        206,
        341,
        209,
        341,
        210,
        341,
        212,
        341,
        215,
        341,
        218,
        341,
        220,
        341,
        222,
        341,
        223,
        341,
        224,
        341,
        225,
        341,
        226,
        342,
        227,
        342,
        228,
        342,
        230,
        342,
        231,
        342,
        232,
        341,
        231,
        342,
        232
      ],
      "tool": "pen",
      "strokeWidth": 4
    },
    {
      "points": [
        341,
        185,
        342,
        185,
        343,
        185,
        344,
        185,
        345,
        185,
        346,
        185,
        349,
        185,
        352,
        185,
        354,
        185,
        359,
        185,
        362,
        185,
        364,
        185,
        372,
        185,
        378,
        185,
        382,
        185,
        390,
        185,
        395,
        185,
        398,
        186,
        407,
        186,
        413,
        186,
        416,
        186,
        422,
        186,
        424,
        186,
        427,
        186,
        429,
        186,
        432,
        186,
        435,
        186,
        436,
        186,
        438,
        186,
        439,
        186,
        441,
        186,
        443,
        186,
        445,
        186,
        446,
        186,
        448,
        186,
        450,
        186,
        452,
        186,
        454,
        187,
        457,
        187,
        460,
        187,
        463,
        187,
        465,
        187,
        466,
        187,
        467,
        187,
        468,
        187,
        469,
        187,
        470,
        187,
        471,
        187,
        472,
        187,
        473,
        187,
        474,
        187,
        475,
        187,
        476,
        187,
        477,
        187,
        476,
        187,
        475,
        187,
        477,
        187
      ],
      "tool": "pen",
      "strokeWidth": 4
    },
    {
      "points": [
        408,
        188,
        408,
        187,
        407,
        187,
        407,
        188,
        407,
        189,
        407,
        192,
        408,
        194,
        408,
        195,
        408,
        199,
        408,
        201,
        408,
        204,
        408,
        206,
        408,
        209,
        409,
        212,
        409,
        214,
        409,
        216,
        409,
        219,
        409,
        222,
        409,
        224,
        409,
        225,
        409,
        227,
        409,
        228,
        409,
        230,
        409,
        231,
        409,
        234,
        409,
        236,
        409,
        239,
        409,
        241,
        409,
        242,
        409,
        243,
        409,
        244,
        409,
        245,
        409,
        246,
        409,
        248,
        409,
        249,
        409,
        250,
        409,
        251,
        409,
        252,
        409,
        253,
        409,
        254,
        409,
        255,
        409,
        256,
        410,
        257,
        410,
        258,
        410,
        259,
        410,
        260,
        410,
        262,
        410,
        263,
        410,
        264,
        410,
        265,
        410,
        266,
        410,
        267,
        411,
        267,
        410,
        267,
        410,
        268,
        410,
        269,
        410,
        270,
        409,
        271,
        409,
        272,
        409,
        273,
        408,
        274,
        408,
        275,
        407,
        276,
        407,
        277,
        406,
        277,
        406,
        278,
        406,
        279,
        405,
        279,
        405,
        280,
        404,
        281,
        404,
        282,
        403,
        283,
        402,
        283,
        402,
        284,
        401,
        285,
        400,
        286,
        399,
        287,
        398,
        288,
        397,
        289,
        396,
        290,
        395,
        290,
        395,
        291,
        394,
        291,
        393,
        292,
        392,
        292,
        392,
        293,
        391,
        293,
        390,
        294,
        389,
        294,
        388,
        294,
        387,
        295,
        386,
        295,
        386,
        296,
        385,
        296,
        384,
        296,
        383,
        296,
        382,
        297,
        380,
        297,
        379,
        298,
        378,
        298,
        377,
        298,
        376,
        298,
        373,
        299,
        371,
        299,
        369,
        300,
        368,
        300,
        367,
        300,
        366,
        300,
        365,
        301,
        364,
        301,
        362,
        301,
        361,
        301,
        360,
        301,
        358,
        301,
        357,
        301,
        355,
        301,
        354,
        301,
        353,
        301,
        352,
        301,
        350,
        301,
        349,
        301,
        348,
        301,
        347,
        301,
        346,
        300,
        345,
        300,
        344,
        300,
        343,
        300,
        342,
        299,
        341,
        299,
        340,
        299,
        338,
        299,
        337,
        298,
        336,
        298,
        335,
        298,
        334,
        298,
        334,
        297,
        333,
        297,
        332,
        297,
        331,
        296,
        330,
        295,
        329,
        295,
        328,
        295,
        327,
        294,
        326,
        294,
        326,
        293,
        325,
        293,
        325,
        292,
        324,
        292,
        323,
        291,
        323,
        290,
        322,
        290,
        321,
        289,
        320,
        288,
        319,
        287,
        319,
        286,
        318,
        285,
        317,
        284,
        317,
        283,
        316,
        283,
        316,
        282,
        316,
        281,
        315,
        281,
        315,
        280,
        314,
        280,
        314,
        279,
        313,
        278,
        313,
        277,
        313,
        276,
        312,
        275,
        312,
        274,
        311,
        274,
        311,
        272,
        310,
        271,
        310,
        270,
        309,
        269,
        309,
        268,
        309,
        267,
        309,
        266,
        308,
        265,
        308,
        264,
        308,
        263,
        308,
        262,
        308,
        260,
        308,
        259,
        308,
        258,
        308,
        257,
        308,
        256,
        308,
        255,
        308,
        254,
        308,
        253,
        309,
        253,
        309,
        251,
        309,
        250,
        310,
        249,
        310,
        248,
        311,
        247,
        311,
        246,
        312,
        244,
        313,
        243,
        314,
        242,
        315,
        241,
        316,
        241,
        316,
        240,
        317,
        240,
        318,
        239,
        319,
        238,
        321,
        237,
        323,
        236,
        325,
        235,
        326,
        234,
        327,
        234,
        327,
        233,
        328,
        233,
        330,
        232,
        331,
        232,
        333,
        231,
        335,
        231,
        336,
        230,
        337,
        230,
        338,
        230,
        339,
        230,
        340,
        230,
        341,
        230,
        343,
        229,
        344,
        229,
        345,
        229,
        346,
        229,
        347,
        229,
        348,
        229,
        349,
        228,
        350,
        228,
        351,
        228,
        352,
        228,
        353,
        228,
        355,
        228,
        356,
        228,
        358,
        228,
        359,
        227,
        360,
        227,
        361,
        227,
        362,
        227,
        363,
        227,
        365,
        227,
        369,
        227,
        371,
        227,
        372,
        227,
        374,
        227,
        375,
        227,
        376,
        226,
        377,
        226,
        378,
        226,
        379,
        226,
        380,
        226,
        382,
        226,
        383,
        226,
        386,
        226,
        387,
        226,
        388,
        226,
        389,
        226,
        390,
        226,
        391,
        226,
        392,
        226,
        394,
        226,
        395,
        226,
        397,
        226,
        398,
        225,
        399,
        225,
        400,
        225,
        401,
        225,
        402,
        225,
        403,
        225,
        404,
        225,
        407,
        225,
        409,
        225,
        411,
        225,
        412,
        225,
        413,
        225,
        414,
        225,
        415,
        225,
        416,
        225,
        417,
        225,
        418,
        225,
        419,
        225,
        420,
        225,
        421,
        225,
        422,
        225,
        423,
        225,
        425,
        225,
        426,
        225,
        427,
        225,
        428,
        225,
        429,
        225,
        430,
        225,
        431,
        225,
        432,
        225,
        433,
        225,
        434,
        225,
        435,
        226,
        436,
        226,
        438,
        226,
        439,
        226,
        440,
        226,
        441,
        226,
        442,
        226,
        444,
        226,
        445,
        226,
        447,
        227,
        450,
        227,
        452,
        227,
        453,
        227,
        454,
        227,
        454,
        228,
        455,
        228,
        456,
        228,
        457,
        228,
        458,
        228,
        459,
        228,
        460,
        228,
        461,
        228,
        462,
        229,
        463,
        229,
        464,
        229,
        465,
        229,
        465,
        230,
        466,
        230,
        467,
        230,
        468,
        230,
        468,
        231,
        469,
        231,
        470,
        231,
        470,
        232,
        471,
        232,
        472,
        233,
        474,
        234,
        475,
        234,
        475,
        235,
        476,
        235,
        476,
        236,
        477,
        236,
        478,
        236,
        478,
        237,
        479,
        238,
        480,
        238,
        480,
        239,
        481,
        239,
        481,
        240,
        482,
        240,
        482,
        241,
        483,
        242,
        484,
        243,
        484,
        244,
        485,
        245,
        485,
        246,
        486,
        247,
        486,
        248,
        487,
        249,
        487,
        250,
        487,
        251,
        488,
        252,
        488,
        253,
        488,
        254,
        489,
        255,
        489,
        257,
        489,
        258,
        489,
        259,
        489,
        260,
        489,
        261,
        489,
        262,
        489,
        263,
        489,
        264,
        489,
        265,
        489,
        266,
        489,
        267,
        489,
        268,
        489,
        269,
        489,
        270,
        489,
        271,
        488,
        271,
        488,
        272,
        488,
        273,
        488,
        274,
        487,
        275,
        487,
        276,
        486,
        276,
        486,
        277,
        486,
        278,
        485,
        278,
        485,
        279,
        485,
        280,
        484,
        281,
        483,
        282,
        482,
        283,
        482,
        284,
        481,
        285,
        480,
        285,
        480,
        286,
        479,
        287,
        478,
        288,
        477,
        289,
        476,
        290,
        475,
        290,
        475,
        291,
        474,
        292,
        473,
        292,
        473,
        293,
        472,
        293,
        471,
        293,
        470,
        294,
        469,
        294,
        468,
        295,
        467,
        295,
        466,
        296,
        465,
        296,
        464,
        296,
        463,
        297,
        462,
        297,
        461,
        298,
        460,
        298,
        459,
        298,
        457,
        298,
        456,
        299,
        455,
        299,
        454,
        299,
        453,
        300,
        452,
        300,
        451,
        300,
        450,
        300,
        449,
        300,
        448,
        300,
        447,
        300,
        446,
        300,
        445,
        301,
        444,
        301,
        442,
        301,
        441,
        301,
        440,
        301,
        438,
        301,
        437,
        301,
        436,
        301,
        435,
        301,
        434,
        301,
        432,
        301,
        431,
        301,
        430,
        301,
        429,
        300,
        428,
        300,
        427,
        300,
        426,
        300,
        424,
        299,
        423,
        299,
        422,
        299,
        422,
        298,
        421,
        298,
        420,
        297,
        419,
        297,
        418,
        297,
        418,
        296,
        417,
        296,
        416,
        295,
        415,
        294,
        414,
        294,
        414,
        293,
        412,
        292,
        410,
        291,
        408,
        290,
        407,
        289,
        406,
        288,
        405,
        287,
        404,
        286,
        403,
        285,
        402,
        285,
        403,
        285
      ],
      "tool": "pen",
      "strokeWidth": 4
    },
    {
      "points": [
        544,
        186,
        545,
        186,
        545,
        187,
        545,
        188,
        545,
        190,
        546,
        194,
        546,
        198,
        546,
        200,
        546,
        207,
        546,
        212,
        546,
        218,
        546,
        224,
        546,
        229,
        546,
        234,
        546,
        239,
        546,
        243,
        546,
        248,
        546,
        252,
        546,
        255,
        546,
        258,
        546,
        262,
        546,
        265,
        546,
        268,
        546,
        269,
        546,
        271,
        546,
        272,
        546,
        274,
        546,
        277,
        547,
        279,
        547,
        281,
        547,
        282,
        547,
        283,
        547,
        285,
        547,
        286,
        547,
        288,
        547,
        289,
        547,
        290,
        547,
        291,
        547,
        293,
        547,
        294,
        547,
        296,
        547,
        297,
        547,
        298,
        547,
        297,
        547,
        298,
        546,
        300,
        546,
        301,
        547,
        298
      ],
      "tool": "pen",
      "strokeWidth": 4
    },
    {
      "points": [
        547,
        185,
        545,
        185,
        544,
        185,
        545,
        185,
        546,
        185,
        548,
        185,
        552,
        185,
        556,
        185,
        561,
        185,
        567,
        185,
        573,
        185,
        578,
        185,
        583,
        185,
        588,
        185,
        593,
        185,
        598,
        185,
        602,
        185,
        606,
        185,
        611,
        185,
        615,
        185,
        619,
        185,
        623,
        185,
        627,
        185,
        631,
        185,
        634,
        185,
        638,
        185,
        641,
        185,
        645,
        186,
        646,
        186,
        648,
        186,
        652,
        186,
        653,
        186,
        654,
        186,
        658,
        186,
        659,
        186,
        661,
        186,
        664,
        186,
        665,
        186,
        666,
        186,
        667,
        186,
        668,
        186,
        669,
        186,
        670,
        186,
        672,
        186,
        673,
        186,
        674,
        186,
        675,
        186,
        676,
        186,
        677,
        186,
        677,
        185
      ],
      "tool": "pen",
      "strokeWidth": 4
    },
    {
      "points": [
        638,
        188,
        638,
        185,
        638,
        186,
        638,
        189,
        638,
        190,
        638,
        193,
        638,
        200,
        638,
        205,
        638,
        207,
        639,
        214,
        639,
        219,
        639,
        222,
        639,
        229,
        639,
        234,
        639,
        237,
        639,
        242,
        639,
        246,
        639,
        248,
        639,
        253,
        639,
        255,
        639,
        257,
        639,
        259,
        639,
        261,
        639,
        263,
        639,
        267,
        639,
        269,
        639,
        272,
        639,
        274,
        639,
        276,
        639,
        278,
        639,
        280,
        639,
        283,
        639,
        286,
        639,
        288,
        639,
        290,
        639,
        292,
        639,
        293,
        639,
        294,
        639,
        295,
        639,
        296,
        639,
        297
      ],
      "tool": "pen",
      "strokeWidth": 4
    }
  ]
}