{
  "id": "kee",
  "shapes": [
    {
      "points": [
        347,
        158,
        348,
        157,
        348,
        158,
        348,
        159,
        348,
        161,
        348,
        165,
        348,
        167,
        348,
        171,
        348,
        179,
        348,
        182,
        348,
        189,
        349,
        199,
        349,
        202,
        349,
        206,
        349,
        212,
        349,
        213,
        349,
        216,
        349,
        218,
        349,
        220,
        349,
        221,
        349,
        222,
        349,
        223,
        349,
        224,
        348,
        224,
        346,
        223,
        349,
        224
      ],
      "tool": "pen",
      "strokeWidth": 3
    },
    {
      "points": [
        345,
        158,
        345,
        159,
        346,
        159,
        347,
        159,
        350,
        159,
        358,
        159,
        361,
        159,
        366,
        159,
        375,
        159,
        378,
        159,
        384,
        159,
        394,
        159,
        399,
        159,
        402,
        159,
        410,
        159,
        416,
        159,
        419,
        159,
        424,
        159,
        432,
        159,
        435,
        159,
        441,
        159,
        445,
        159,
        447,
        159,
        451,
        160,
        454,
        160,
        455,
        160,
        457,
        160,
        461,
        160,
        462,
        160,
        465,
        160,
        469,
        160,
        472,
        160,
        473,
        160,
        476,
        160,
        477,
        160,
        478,
        160,
        480,
        160,
        481,
        160,
        483,
        160,
        486,
        160,
        488,
        160,
        489,
        160,
        492,
        160,
        493,
        160,
        494,
        160,
        495,
        160,
        496,
        160,
        497,
        160,
        498,
        160,
        499,
        160,
        500,
        160,
        502,
        160,
        503,
        160,
        504,
        160,
        505,
        160,
        504,
        160,
        503,
        160,
        505,
        160
      ],
      "tool": "pen",
      "strokeWidth": 3
    },
    {
      "points": [
        428,
        157,
        429,
        157,
        429,
        158,
        429,
        159,
        429,
        161,
        429,
        164,
        429,
        168,
        429,
        171,
        429,
        176,
        429,
        181,
        429,
        186,
        429,
        191,
        429,
        198,
        429,
        199,
        429,
        203,
        429,
        208,
        429,
        210,
        429,
        213,
        429,
        218,
        429,
        219,
        429,
        221,
        429,
        223,
        429,
        224,
        429,
        227,
        429,
        228,
        428,
        229,
        428,
        231,
        428,
        233,
        428,
        234,
        428,
        236,
        428,
        237,
        428,
        240,
        428,
        242,
        428,
        243,
        428,
        246,
        428,
        247,
        428,
        248,
        428,
        250,
        428,
        251,
        428,
        252,
        428,
        255,
        428,
        256,
        428,
        257,
        428,
        258,
        428,
        259,
        428,
        260,
        428,
        261,
        428,
        262,
        427,
        262,
        428,
        262
      ],
      "tool": "pen",
      "strokeWidth": 3
    },
    {
      "points": [
        431,
        242,
        431,
        243,
        431,
        244,
        431,
        245,
        431,
        246,
        431,
        247,
        431,
        248,
        431,
        249,
        431,
        250,
        431,
        251,
        430,
        252,
        430,
        253,
        430,
        254,
        430,
        255,
        430,
        256,
        430,
        257,
        430,
        258,
        430,
        259,
        430,
        260,
        429,
        261,
        429,
        262,
        429,
        263,
        428,
        264,
        428,
        265,
        428,
        266,
        427,
        267,
        427,
        268,
        427,
        269,
        426,
        270,
        425,
        271,
        424,
        273,
        424,
        274,
        423,
        274,
        423,
        275,
        422,
        275,
        422,
        276,
        421,
        277,
        420,
        277,
        420,
        278,
        419,
        278,
        419,
        279,
        418,
        279,
        418,
        280,
        417,
        280,
        416,
        281,
        415,
        281,
        415,
        282,
        414,
        282,
        414,
        283,
        413,
        283,
        413,
        284,
        412,
        284,
        411,
        284,
        411,
        285,
        410,
        285,
        409,
        286,
        408,
        286,
        408,
        287,
        407,
        287,
        406,
        287,
        406,
        288,
        405,
        288,
        404,
        288,
        403,
        289,
        402,
        289,
        402,
        290,
        401,
        290,
        400,
        290,
        399,
        291,
        398,
        291,
        397,
        291,
        396,
        291,
        395,
        292,
        394,
        292,
        393,
        292,
        392,
        292,
        391,
        293,
        390,
        293,
        389,
        293,
        388,
        293,
        387,
        294,
        385,
        294,
        384,
        294,
        382,
        295,
        381,
        295,
        380,
        295,
        379,
        295,
        378,
        295,
        377,
        295,
        375,
        295,
        374,
        296,
        372,
        296,
        371,
        296,
        369,
        296,
        368,
        297,
        367,
        297,
        366,
        297,
        365,
        297,
        364,
        297,
        363,
        297,
        361,
        297,
        360,
        297,
        359,
        297,
        358,
        297,
        357,
        297,
        356,
        297,
        355,
        297,
        354,
        297,
        353,
        297,
        352,
        297,
        351,
        296,
        350,
        296,
        349,
        296,
        348,
        295,
        346,
        295,
        345,
        294,
        343,
        294,
        341,
        293,
        340,
        293,
        339,
        293,
        339,
        292,
        338,
        292,
        337,
        291,
        336,
        291,
        335,
        290,
        333,
        289,
        332,
        289,
        332,
        288,
        331,
        288,
        330,
        288,
        330,
        287,
        329,
        287,
        328,
        286,
        327,
        286,
        325,
        285,
        324,
        284,
        322,
        284,
        321,
        283,
        320,
        283,
        319,
        282,
        319,
        281,
        318,
        280,
        316,
        279,
        315,
        278,
        314,
        278,
        313,
        277,
        312,
        276,
        312,
        275,
        311,
        274,
        310,
        273,
        310,
        272,
        310,
        271,
        309,
        271,
        309,
        270,
        309,
        269,
        309,
        268,
        309,
        267,
        308,
        266,
        308,
        264,
        308,
        263,
        308,
        261,
        308,
        260,
        308,
        258,
        308,
        257,
        308,
        256,
        308,
        255,
        309,
        254,
        309,
        253,
        309,
        252,
        309,
        250,
        309,
        249,
        310,
        248,
        310,
        247,
        310,
        246,
        311,
        245,
        311,
        244,
        311,
        243,
        312,
        242,
        313,
        241,
        314,
        239,
        315,
        238,
        316,
        237,
        317,
        235,
        318,
        235,
        318,
        234,
        319,
        233,
        320,
        233,
        321,
        232,
        324,
        230,
        324,
        229,
        325,
        229,
        326,
        228,
        327,
        228,
        327,
        227,
        328,
        227,
        329,
        227,
        330,
        226,
        331,
        225,
        333,
        224,
        335,
        224,
        336,
        223,
        337,
        223,
        338,
        222,
        339,
        222,
        340,
        222,
        341,
        222,
        342,
        222,
        344,
        221,
        345,
        221,
        347,
        221,
        349,
        221,
        350,
        221,
        351,
        221,
        352,
        221,
        353,
        221,
        354,
        221,
        355,
        221,
        357,
        221,
        358,
        221,
        359,
        221,
        361,
        221,
        362,
        221,
        363,
        221,
        364,
        221,
        365,
        221,
        367,
        221,
        368,
        221,
        369,
        221,
        371,
        221,
        372,
        221,
        373,
        221,
        375,
        221,
        377,
        221,
        378,
        221,
        380,
        221,
        381,
        220,
        383,
        220,
        385,
        220,
        386,
        220,
        387,
        220,
        388,
        220,
        389,
        220,
        390,
        220,
        392,
        220,
        394,
        220,
        396,
        220,
        397,
        220,
        398,
        220,
        399,
        219,
        400,
        219,
        401,
        219,
        402,
        219,
        404,
        219,
        405,
        219,
        406,
        219,
        407,
        219,
        408,
        219,
        409,
        219,
        410,
        219,
        411,
        219,
        412,
        219,
        413,
        219,
        414,
        219,
        415,
        219,
        417,
        220,
        419,
        220,
        421,
        220,
        422,
        220,
        423,
        220,
        426,
        220,
        427,
        220,
        429,
        220,
        430,
        220,
        431,
        220,
        433,
        220,
        434,
        220,
        436,
        220,
        437,
        220,
        438,
        220,
        439,
        220,
        440,
        220,
        441,
        220,
        442,
        220,
        443,
        220,
        444,
        220,
        445,
        220,
        447,
        220,
        448,
        220,
        449,
        220,
        450,
        220,
        451,
        220,
        452,
        220,
        453,
        220,
        454,
        220,
        455,
        220,
        457,
        220,
        458,
        220,
        460,
        220,
        462,
        220,
        463,
        221,
        464,
        221,
        466,
        221,
        467,
        221,
        468,
        221,
        469,
        221,
        470,
        221,
        471,
        221,
        472,
        221,
        473,
        221,
        474,
        221,
        475,
        221,
        476,
        221,
        477,
        222,
        478,
        222,
        480,
        222,
        481,
        222,
        482,
        222,
        483,
        222,
        484,
        223,
        485,
        223,
        486,
        223,
        487,
        223,
        488,
        223,
        488,
        224,
        489,
        224,
        491,
        224,
        492,
        224,
        494,
        225,
        495,
        225,
        496,
        225,
        497,
        226,
        498,
        226,
        500,
        227,
        501,
        227,
        502,
        227,
        502,
        228,
        503,
        228,
        504,
        228,
        505,
        229,
        507,
        230,
        508,
        230,
        509,
        231,
        510,
        232,
        511,
        232,
        511,
        233,
        512,
        234,
        513,
        234,
        513,
        235,
        514,
        236,
        515,
        237,
        515,
        238,
        516,
        238,
        516,
        239,
        517,
        239,
        517,
        240,
        517,
        241,
        518,
        241,
        518,
        242,
        519,
        243,
        519,
        244,
        520,
        245,
        521,
        246,
        521,
        247,
        521,
        248,
        522,
        249,
        522,
        250,
        523,
        250,
        523,
        251,
        523,
        252,
        523,
        253,
        523,
        254,
        523,
        255,
        524,
        256,
        524,
        257,
        524,
        258,
        524,
        260,
        524,
        261,
        524,
        262,
        524,
        263,
        523,
        263,
        523,
        264,
        523,
        265,
        523,
        266,
        523,
        267,
        523,
        268,
        522,
        268,
        522,
        269,
        522,
        270,
        521,
        271,
        520,
        273,
        520,
        274,
        519,
        274,
        519,
        275,
        518,
        276,
        517,
        277,
        517,
        278,
        516,
        279,
        516,
        280,
        515,
        281,
        514,
        282,
        514,
        283,
        513,
        284,
        512,
        284,
        512,
        285,
        511,
        285,
        511,
        286,
        510,
        286,
        510,
        287,
        509,
        288,
        508,
        288,
        507,
        289,
        506,
        289,
        506,
        290,
        505,
        290,
        504,
        291,
        503,
        291,
        502,
        291,
        502,
        292,
        501,
        292,
        500,
        292,
        499,
        292,
        498,
        292,
        497,
        293,
        496,
        293,
        495,
        293,
        494,
        294,
        493,
        294,
        492,
        294,
        491,
        294,
        490,
        294,
        489,
        294,
        488,
        294,
        487,
        294,
        486,
        294,
        485,
        294,
        484,
        294,
        482,
        294,
        481,
        294,
        479,
        294,
        478,
        294,
        477,
        294,
        475,
        293,
        474,
        293,
        473,
        293,
        472,
        293,
        471,
        293,
        470,
        292,
        469,
        292,
        468,
        292,
        467,
        292,
        466,
        292,
        465,
        291,
        464,
        291,
        463,
        291,
        462,
        291,
        461,
        291,
        460,
        290,
        459,
        290,
        458,
        290,
        457,
        289,
        456,
        289,
        455,
        289,
        454,
        289,
        453,
        288,
        452,
        288,
        451,
        288,
        450,
        288,
        451,
        288,
        451,
        287,
        452,
        287,
        450,
        288
      ],
      "tool": "pen",
      "strokeWidth": 3
    },
    {
      "points": [
        438,
        155,
        437,
        154,
        436,
        154,
        435,
        154,
        435,
        153,
        435,
        152,
        434,
        152,
        433,
        151,
        433,
        150,
        432,
        150,
        432,
        149,
        431,
        148,
        431,
        147,
        430,
        146,
        429,
        144,
        428,
        143,
        428,
        142,
        428,
        141,
        428,
        140,
        428,
        139,
        428,
        138,
        427,
        137,
        427,
        136,
        427,
        135,
        427,
        134,
        427,
        132,
        427,
        131,
        427,
        129,
        427,
        128,
        427,
        127,
        427,
        126,
        428,
        125,
        428,
        124,
        428,
        123,
        428,
        122,
        428,
        121,
        429,
        120,
        429,
        118,
        430,
        116,
        431,
        115,
        431,
        113,
        432,
        112,
        433,
        110,
        433,
        108,
        434,
        107,
        434,
        106,
        435,
        105,
        435,
        104,
        436,
        103,
        436,
        102,
        437,
        102,
        437,
        101,
        438,
        100,
        438,
        99,
        439,
        98,
        440,
        98,
        441,
        96,
        442,
        95,
        443,
        94,
        444,
        93,
        445,
        92,
        446,
        91,
        447,
        90,
        448,
        89,
        450,
        88,
        451,
        87,
        452,
        86,
        453,
        85,
        455,
        85,
        456,
        84,
        458,
        83,
        459,
        83,
        460,
        82,
        461,
        82,
        463,
        81,
        464,
        81,
        465,
        80,
        467,
        80,
        469,
        79,
        470,
        79,
        471,
        79,
        473,
        78,
        474,
        78,
        476,
        77,
        478,
        77,
        480,
        76,
        481,
        76,
        482,
        76,
        483,
        76,
        483,
        75,
        484,
        75,
        486,
        75,
        488,
        75,
        491,
        74,
        492,
        74,
        494,
        74,
        497,
        74,
        498,
        73,
        499,
        73,
        500,
        73,
        501,
        74,
        503,
        74,
        506,
        74,
        507,
        74,
        508,
        74,
        510,
        74,
        511,
        75,
        512,
        75,
        513,
        75,
        515,
        76,
        517,
        76,
        518,
        77,
        520,
        77,
        521,
        77,
        521,
        78,
        523,
        78,
        525,
        79,
        526,
        79,
        528,
        80,
        529,
        81,
        530,
        81,
        531,
        81,
        532,
        82,
        533,
        82,
        533,
        83,
        534,
        83,
        535,
        84,
        535,
        85,
        536,
        85,
        537,
        86,
        538,
        86,
        538,
        87,
        539,
        88,
        540,
        89,
        541,
        89,
        541,
        90,
        542,
        90,
        542,
        91,
        543,
        92,
        543,
        93,
        544,
        94,
        544,
        95,
        544,
        96,
        545,
        96,
        545,
        97,
        545,
        98,
        545,
        99,
        545,
        100,
        545,
        101,
        545,
        102,
        545,
        103,
        545,
        104,
        545,
        105,
        545,
        107,
        545,
        108,
        545,
        109,
        545,
        110,
        545,
        111,
        544,
        111,
        544,
        112,
        544,
        113,
        544,
        114,
        543,
        115,
        542,
        116,
        542,
        117,
        540,
        118,
        540,
        119,
        539,
        120,
        537,
        121,
        537,
        122,
        536,
        122,
        536,
        123,
        535,
        123,
        534,
        123,
        532,
        124,
        531,
        124,
        530,
        124,
        528,
        125,
        527,
        126,
        526,
        126,
        524,
        126,
        523,
        127,
        522,
        127,
        520,
        128,
        518,
        128,
        517,
        128,
        516,
        128,
        515,
        129,
        514,
        129,
        513,
        129,
        512,
        129,
        510,
        129,
        509,
        129,
        507,
        129,
        506,
        129,
        505,
        128,
        504,
        128,
        503,
        128,
        502,
        128,
        501,
        127,
        500,
        127,
        499,
        127,
        498,
        126,
        497,
        126,
        496,
        125,
        495,
        125,
        494,
        125,
        493,
        124,
        493,
        123,
        492,
        123,
        491,
        122,
        490,
        121,
        489,
        121,
        487,
        120,
        486,
        119,
        485,
        117,
        484,
        116,
        483,
        115,
        482,
        115,
        481,
        113,
        480,
        112,
        479,
        111,
        478,
        110,
        478,
        108,
        477,
        107,
        477,
        106,
        477,
        105,
        477,
        104,
        477,
        102,
        476,
        101,
        476,
        99,
        476,
        98,
        476,
        96,
        476,
        94,
        476,
        92,
        476,
        91,
        477,
        90,
        477,
        89,
        478,
        88,
        478,
        87,
        479,
        86,
        480,
        85,
        481,
        85,
        482,
        84,
        483,
        84,
        483,
        83,
        483,
        84,
        483,
        85,
        482,
        86,
        483,
        84
      ],
      "tool": "pen",
      "strokeWidth": 3
    }
  ]
}