{
  "id": "ki",
  "shapes": [
    {
      "points": [
        365,
        177,
        365,
        175,
        365,
        174,
        365,
        173,
        365,
        174,
        365,
        175,
        365,
        176,
        365,
        180,
        365,
        184,
        365,
        186,
        365,
        192,
        365,
        196,
        365,
        198,
        365,
        206,
        365,
        211,
        365,
        214,
        365,
        221,
        365,
        226,
        366,
        228,
        366,
        234,
        366,
        237,
        366,
        238,
        366,
        240,
        366,
        241,
        366,
        242,
        366,
        243,
        365,
        243,
        364,
        244,
        366,
        242
      ],
      "tool": "pen",
      "strokeWidth": 3
    },
    {
      "points": [
        363,
        173,
        359,
        174,
        360,
        174,
        361,
        174,
        363,
        174,
        365,
        173,
        368,
        173,
        373,
        173,
        379,
        173,
        387,
        173,
        399,
        173,
        403,
        173,
        412,
        173,
        420,
        173,
        428,
        173,
        435,
        173,
        442,
        172,
        448,
        172,
        455,
        172,
        461,
        172,
        466,
        172,
        472,
        172,
        477,
        172,
        481,
        172,
        484,
        172,
        486,
        172,
        488,
        172,
        489,
        172,
        490,
        172,
        491,
        172,
        492,
        172,
        493,
        172,
        494,
        172,
        495,
        172,
        497,
        171,
        498,
        171,
        501,
        171,
        503,
        171,
        504,
        171,
        506,
        171,
        508,
        171,
        510,
        171,
        512,
        171,
        514,
        171,
        516,
        171,
        517,
        171,
        516,
        171,
        516,
        172,
        515,
        172,
        513,
        172,
        511,
        172,
        509,
        172
      ],
      "tool": "pen",
      "strokeWidth": 3
    },
    {
      "points": [
        445,
        173,
        446,
        173,
        447,
        172,
        447,
        173,
        447,
        174,
        447,
        175,
        447,
        176,
        447,
        179,
        447,
        184,
        447,
        186,
        447,
        191,
        447,
        195,
        447,
        196,
        447,
        201,
        447,
        204,
        447,
        208,
        447,
        209,
        447,
        214,
        447,
        218,
        447,
        221,
        447,
        223,
        447,
        224,
        447,
        225,
        447,
        226,
        447,
        227,
        447,
        228,
        447,
        229,
        447,
        230,
        447,
        231,
        447,
        233,
        447,
        234,
        447,
        235,
        447,
        236,
        447,
        238,
        447,
        240,
        447,
        242,
        448,
        245,
        448,
        247,
        448,
        248,
        448,
        251,
        448,
        254,
        448,
        256,
        448,
        258,
        448,
        260,
        448,
        262,
        448,
        264,
        448,
        266,
        448,
        267,
        448,
        269,
        448,
        271,
        448,
        272,
        448,
        273,
        448,
        274,
        448,
        275,
        448,
        276,
        448,
        277,
        448,
        278,
        448,
        279,
        448,
        280,
        448,
        281,
        447,
        281,
        447,
        282,
        447,
        283,
        447,
        284,
        446,
        284,
        446,
        285,
        446,
        286,
        445,
        286,
        445,
        287,
        444,
        288,
        444,
        289,
        443,
        289,
        442,
        289,
        442,
        290,
        441,
        291,
        440,
        291,
        440,
        292,
        439,
        292,
        439,
        293,
        438,
        293,
        437,
        294,
        437,
        295,
        436,
        295,
        436,
        296,
        435,
        296,
        434,
        297,
        433,
        297,
        433,
        298,
        432,
        298,
        432,
        299,
        431,
        299,
        429,
        300,
        428,
        301,
        427,
        301,
        425,
        302,
        425,
        303,
        424,
        303,
        423,
        303,
        422,
        304,
        421,
        304,
        419,
        305,
        417,
        306,
        416,
        307,
        414,
        307,
        413,
        307,
        412,
        308,
        411,
        308,
        410,
        309,
        409,
        309,
        408,
        309,
        407,
        310,
        406,
        310,
        405,
        310,
        404,
        310,
        403,
        310,
        402,
        310,
        401,
        311,
        400,
        311,
        399,
        311,
        397,
        311,
        396,
        311,
        394,
        311,
        393,
        312,
        392,
        312,
        391,
        312,
        390,
        312,
        389,
        312,
        388,
        312,
        387,
        312,
        385,
        312,
        384,
        313,
        382,
        313,
        380,
        313,
        379,
        313,
        378,
        313,
        377,
        313,
        376,
        313,
        375,
        313,
        374,
        313,
        373,
        313,
        372,
        312,
        371,
        312,
        370,
        312,
        369,
        312,
        369,
        311,
        368,
        311,
        367,
        311,
        366,
        311,
        365,
        311,
        365,
        310,
        364,
        310,
        363,
        310,
        362,
        310,
        361,
        309,
        360,
        309,
        360,
        308,
        359,
        308,
        358,
        307,
        357,
        307,
        357,
        306,
        356,
        306,
        355,
        306,
        355,
        305,
        354,
        305,
        354,
        304,
        353,
        304,
        352,
        304,
        351,
        303,
        350,
        303,
        349,
        302,
        348,
        302,
        347,
        302,
        346,
        301,
        345,
        301,
        344,
        300,
        343,
        300,
        342,
        300,
        342,
        299,
        341,
        299,
        340,
        299,
        339,
        298,
        338,
        298,
        338,
        297,
        337,
        297,
        337,
        296,
        336,
        296,
        336,
        295,
        335,
        294,
        334,
        293,
        333,
        292,
        332,
        292,
        332,
        291,
        331,
        291,
        331,
        290,
        330,
        290,
        330,
        289,
        330,
        288,
        329,
        287,
        328,
        286,
        328,
        285,
        327,
        285,
        327,
        284,
        327,
        283,
        326,
        282,
        326,
        281,
        326,
        280,
        326,
        278,
        325,
        278,
        325,
        277,
        325,
        276,
        325,
        275,
        325,
        274,
        325,
        272,
        325,
        271,
        325,
        270,
        326,
        269,
        326,
        268,
        326,
        266,
        327,
        266,
        327,
        264,
        328,
        263,
        328,
        262,
        328,
        261,
        329,
        259,
        330,
        259,
        331,
        258,
        331,
        257,
        333,
        256,
        334,
        254,
        335,
        253,
        336,
        252,
        337,
        251,
        338,
        250,
        339,
        249,
        339,
        248,
        340,
        248,
        340,
        247,
        341,
        247,
        342,
        246,
        343,
        246,
        344,
        245,
        345,
        245,
        345,
        244,
        346,
        244,
        347,
        244,
        347,
        243,
        348,
        243,
        349,
        243,
        349,
        242,
        350,
        242,
        351,
        242,
        352,
        241,
        354,
        240,
        355,
        240,
        356,
        239,
        357,
        239,
        358,
        239,
        359,
        239,
        360,
        238,
        361,
        238,
        362,
        238,
        364,
        238,
        365,
        237,
        366,
        237,
        367,
        237,
        368,
        237,
        369,
        237,
        370,
        237,
        371,
        237,
        372,
        237,
        373,
        236,
        374,
        236,
        375,
        236,
        376,
        236,
        377,
        236,
        378,
        236,
        379,
        236,
        380,
        236,
        381,
        236,
        381,
        235,
        383,
        235,
        384,
        235,
        386,
        235,
        387,
        235,
        388,
        235,
        391,
        235,
        392,
        235,
        394,
        235,
        396,
        235,
        397,
        235,
        398,
        235,
        400,
        235,
        401,
        235,
        402,
        235,
        403,
        235,
        405,
        235,
        407,
        235,
        408,
        235,
        409,
        235,
        410,
        235,
        411,
        235,
        412,
        235,
        414,
        235,
        415,
        235,
        416,
        235,
        418,
        235,
        419,
        235,
        420,
        235,
        421,
        235,
        423,
        234,
        424,
        234,
        426,
        234,
        427,
        234,
        428,
        234,
        430,
        234,
        431,
        234,
        432,
        234,
        433,
        234,
        434,
        234,
        435,
        234,
        436,
        234,
        438,
        234,
        439,
        234,
        440,
        234,
        440,
        233,
        441,
        233,
        442,
        233,
        443,
        233,
        444,
        233,
        445,
        233,
        447,
        233,
        449,
        233,
        450,
        233,
        451,
        233,
        452,
        233,
        453,
        233,
        454,
        233,
        456,
        233,
        457,
        233,
        459,
        233,
        459,
        234,
        460,
        234,
        462,
        234,
        463,
        234,
        464,
        234,
        465,
        234,
        466,
        234,
        469,
        234,
        470,
        234,
        471,
        234,
        474,
        234,
        475,
        234,
        477,
        234,
        479,
        234,
        480,
        234,
        481,
        234,
        482,
        234,
        484,
        234,
        485,
        234,
        486,
        234,
        487,
        234,
        488,
        234,
        489,
        235,
        490,
        235,
        491,
        235,
        493,
        235,
        493,
        236,
        495,
        236,
        496,
        236,
        497,
        236,
        498,
        237,
        499,
        237,
        500,
        237,
        501,
        237,
        502,
        237,
        503,
        238,
        504,
        238,
        505,
        238,
        506,
        238,
        506,
        239,
        507,
        239,
        508,
        239,
        509,
        239,
        509,
        240,
        510,
        240,
        511,
        241,
        512,
        241,
        513,
        241,
        513,
        242,
        514,
        242,
        515,
        242,
        515,
        243,
        516,
        243,
        517,
        244,
        518,
        244,
        519,
        245,
        520,
        246,
        521,
        247,
        522,
        247,
        522,
        248,
        523,
        248,
        524,
        249,
        525,
        249,
        525,
        250,
        526,
        251,
        527,
        251,
        527,
        252,
        528,
        253,
        529,
        253,
        529,
        254,
        530,
        255,
        531,
        256,
        531,
        257,
        532,
        257,
        532,
        258,
        533,
        259,
        533,
        260,
        534,
        260,
        534,
        261,
        534,
        262,
        535,
        263,
        535,
        264,
        535,
        265,
        536,
        266,
        536,
        267,
        536,
        268,
        536,
        269,
        536,
        270,
        536,
        271,
        537,
        271,
        537,
        272,
        537,
        273,
        537,
        274,
        537,
        275,
        536,
        275,
        536,
        276,
        536,
        277,
        536,
        278,
        536,
        279,
        536,
        280,
        535,
        281,
        535,
        282,
        535,
        283,
        535,
        284,
        534,
        285,
        534,
        286,
        533,
        287,
        533,
        288,
        532,
        289,
        532,
        290,
        531,
        290,
        531,
        291,
        531,
        292,
        530,
        293,
        530,
        294,
        529,
        294,
        529,
        295,
        528,
        296,
        527,
        297,
        526,
        297,
        525,
        298,
        525,
        299,
        524,
        299,
        523,
        300,
        522,
        300,
        521,
        301,
        520,
        301,
        519,
        302,
        517,
        302,
        516,
        303,
        515,
        303,
        515,
        304,
        514,
        304,
        513,
        304,
        512,
        304,
        512,
        305,
        511,
        305,
        510,
        306,
        509,
        306,
        508,
        306,
        507,
        306,
        506,
        306,
        506,
        307,
        505,
        307,
        504,
        307,
        503,
        307,
        502,
        307,
        501,
        308,
        500,
        308,
        499,
        308,
        498,
        308,
        497,
        308,
        497,
        309,
        496,
        309,
        495,
        309,
        494,
        309,
        492,
        309,
        491,
        309,
        491,
        310,
        490,
        310,
        489,
        310,
        488,
        310,
        487,
        310,
        486,
        310,
        485,
        310,
        484,
        310,
        482,
        310,
        481,
        310,
        480,
        310,
        479,
        310,
        478,
        309,
        477,
        309,
        476,
        309,
        475,
        309,
        474,
        308,
        473,
        308,
        472,
        308,
        471,
        307,
        470,
        307,
        469,
        307,
        467,
        306,
        465,
        306,
        465,
        305,
        464,
        305,
        463,
        305,
        464,
        305,
        465,
        305,
        465,
        304,
        463,
        305
      ],
      "tool": "pen",
      "strokeWidth": 3
    },
    {
      "points": [
        450,
        173,
        449,
        173,
        448,
        173,
        448,
        172,
        447,
        172,
        446,
        171,
        445,
        171,
        445,
        170,
        444,
        170,
        444,
        169,
        443,
        169,
        442,
        168,
        442,
        167,
        441,
        166,
        440,
        165,
        440,
        164,
        439,
        164,
        439,
        163,
        439,
        162,
        439,
        161,
        438,
        160,
        438,
        159,
        438,
        158,
        437,
        156,
        437,
        155,
        437,
        153,
        437,
        152,
        437,
        150,
        437,
        149,
        437,
        148,
        437,
        147,
        437,
        145,
        437,
        144,
        437,
        143,
        437,
        142,
        437,
        141,
        437,
        140,
        438,
        139,
        438,
        138,
        438,
        136,
        439,
        135,
        439,
        134,
        439,
        133,
        439,
        132,
        440,
        132,
        440,
        131,
        441,
        130,
        441,
        129,
        442,
        128,
        442,
        126,
        443,
        126,
        443,
        125,
        444,
        124,
        445,
        122,
        446,
        121,
        446,
        120,
        447,
        119,
        448,
        118,
        450,
        117,
        451,
        115,
        452,
        114,
        453,
        113,
        454,
        113,
        454,
        112,
        455,
        112,
        455,
        111,
        456,
        111,
        457,
        110,
        459,
        109,
        460,
        108,
        462,
        108,
        463,
        107,
        464,
        106,
        465,
        106,
        466,
        105,
        467,
        104,
        468,
        104,
        469,
        103,
        470,
        103,
        471,
        102,
        472,
        102,
        473,
        101,
        474,
        101,
        476,
        100,
        478,
        99,
        479,
        99,
        481,
        99,
        482,
        98,
        483,
        98,
        484,
        98,
        485,
        98,
        486,
        97,
        487,
        97,
        488,
        97,
        489,
        97,
        490,
        97,
        491,
        96,
        493,
        96,
        494,
        96,
        495,
        95,
        496,
        95,
        497,
        95,
        498,
        95,
        499,
        95,
        502,
        95,
        504,
        94,
        507,
        94,
        508,
        94,
        509,
        94,
        511,
        94,
        512,
        94,
        513,
        94,
        514,
        94,
        515,
        94,
        516,
        94,
        517,
        94,
        518,
        94,
        520,
        94,
        521,
        94,
        522,
        94,
        523,
        94,
        524,
        94,
        525,
        94,
        526,
        94,
        527,
        94,
        528,
        95,
        530,
        95,
        531,
        95,
        533,
        95,
        535,
        96,
        537,
        96,
        539,
        96,
        541,
        96,
        542,
        96,
        543,
        97,
        544,
        97,
        545,
        97,
        547,
        98,
        548,
        98,
        549,
        98,
        552,
        99,
        554,
        100,
        555,
        100,
        556,
        101,
        557,
        101,
        558,
        101,
        559,
        102,
        560,
        102,
        562,
        103,
        563,
        103,
        565,
        104,
        566,
        104,
        568,
        105,
        569,
        105,
        570,
        106,
        571,
        106,
        571,
        107,
        572,
        107,
        573,
        108,
        574,
        109,
        575,
        109,
        576,
        110,
        577,
        111,
        579,
        112,
        581,
        114,
        583,
        116,
        584,
        117,
        585,
        119,
        586,
        119,
        586,
        120,
        587,
        121,
        588,
        122,
        589,
        123,
        589,
        124,
        590,
        124,
        591,
        126,
        592,
        126,
        592,
        127,
        593,
        128,
        593,
        129,
        594,
        129,
        594,
        130,
        595,
        130,
        595,
        131,
        596,
        132,
        596,
        133,
        597,
        134,
        597,
        135,
        598,
        136,
        599,
        137,
        599,
        138,
        599,
        139,
        600,
        139,
        600,
        140,
        600,
        141,
        601,
        142,
        602,
        144,
        602,
        145,
        602,
        146,
        603,
        147,
        603,
        148,
        604,
        149,
        604,
        151,
        604,
        152,
        605,
        153,
        605,
        154,
        605,
        155,
        606,
        156,
        606,
        157,
        606,
        158,
        606,
        159,
        607,
        159,
        607,
        161,
        607,
        162,
        607,
        163,
        608,
        163,
        608,
        164,
        608,
        165,
        608,
        166,
        608,
        167,
        608,
        168,
        608,
        169,
        609,
        169,
        609,
        170,
        609,
        171,
        609,
        172,
        609,
        173,
        609,
        174,
        609,
        175,
        609,
        177,
        609,
        178,
        609,
        180,
        609,
        181,
        609,
        183,
        609,
        185,
        609,
        188,
        609,
        190,
        609,
        193,
        609,
        195,
        609,
        197,
        609,
        199,
        609,
        201,
        609,
        202,
        609,
        204,
        609,
        205,
        609,
        207,
        609,
        208,
        609,
        210,
        609,
        212,
        609,
        213,
        609,
        215,
        609,
        216,
        609,
        217,
        609,
        218,
        609,
        220,
        609,
        221,
        609,
        223,
        609,
        225,
        609,
        227,
        609,
        229,
        609,
        231,
        609,
        233,
        609,
        234,
        609,
        235,
        609,
        237,
        609,
        238,
        609,
        239,
        609,
        241,
        609,
        242,
        609,
        244,
        609,
        245,
        609,
        246,
        609,
        248,
        609,
        249,
        609,
        251,
        609,
        252,
        609,
        254,
        609,
        257,
        609,
        258,
        609,
        260,
        609,
        264,
        609,
        265,
        609,
        266,
        609,
        269,
        609,
        270,
        609,
        272,
        609,
        274,
        609,
        275,
        609,
        277,
        609,
        279,
        609,
        280,
        609,
        281,
        608,
        284,
        608,
        286,
        608,
        287,
        608,
        290,
        608,
        291,
        608,
        292,
        608,
        294,
        608,
        295,
        608,
        296,
        608,
        297,
        608,
        298,
        608,
        300,
        608,
        301,
        608,
        302,
        608,
        304,
        608,
        305,
        608,
        306,
        608,
        307,
        608,
        308,
        608,
        309,
        608,
        311,
        608,
        312,
        608,
        313,
        608,
        312,
        607,
        311,
        606,
        310,
        608,
        313
      ],
      "tool": "pen",
      "strokeWidth": 3
    }
  ]
}