{
  "id": "koo",
  "shapes": [
    {
      "points": [
        221,
        182,
        221,
        180,
        221,
        181,
        221,
        183,
        221,
        186,
        221,
        191,
        222,
        196,
        222,
        203,
        222,
        210,
        222,
        218,
        222,
        227,
        222,
        236,
        222,
        244,
        222,
        250,
        222,
        252,
        222,
        253,
        222,
        251,
        222,
        249,
        222,
        245,
        222,
        242,
        221,
        240
      ],
      "tool": "pen",
      "strokeWidth": 3
    },
    {
      "points": [
        226,
        181,
        222,
        181,
        221,
        181,
        221,
        180,
        222,
        180,
        223,
        180,
        225,
        180,
        228,
        180,
        233,
        180,
        237,
        180,
        242,
        180,
        248,
        180,
        254,
        180,
        260,
        180,
        267,
        180,
        274,
        180,
        284,
        180,
        287,
        180,
        293,
        180,
        302,
        180,
        305,
        180,
        310,
        180,
        318,
        180,
        321,
        180,
        325,
        180,
        332,
        180,
        334,
        180,
        338,
        180,
        344,
        180,
        346,
        180,
        349,
        180,
        353,
        180,
        354,
        180,
        356,
        180,
        359,
        180,
        360,
        180,
        361,
        180,
        364,
        180,
        366,
        180,
        368,
        180,
        369,
        180,
        370,
        180,
        371,
        180,
        372,
        180,
        373,
        180,
        374,
        180,
        375,
        180,
        374,
        180
      ],
      "tool": "pen",
      "strokeWidth": 3
    },
    {
      "points": [
        308,
        184,
        309,
        183,
        309,
        182,
        309,
        181,
        309,
        182,
        309,
        185,
        309,
        187,
        309,
        190,
        309,
        195,
        309,
        197,
        309,
        200,
        309,
        205,
        309,
        207,
        309,
        210,
        309,
        214,
        309,
        216,
        309,
        221,
        309,
        224,
        309,
        227,
        309,
        229,
        309,
        231,
        309,
        234,
        309,
        235,
        309,
        239,
        309,
        241,
        309,
        243,
        309,
        244,
        309,
        245,
        309,
        247,
        309,
        249,
        309,
        251,
        309,
        254,
        309,
        256,
        309,
        257,
        309,
        260,
        309,
        262,
        309,
        264,
        309,
        265,
        309,
        266,
        309,
        267,
        309,
        269,
        309,
        270,
        309,
        272,
        309,
        273,
        309,
        274,
        309,
        275,
        309,
        276,
        309,
        277,
        309,
        278,
        309,
        279,
        310,
        279,
        310,
        280,
        310,
        281,
        310,
        282,
        310,
        283,
        310,
        284,
        310,
        285,
        310,
        286,
        310,
        287,
        310,
        288,
        309,
        288,
        309,
        289,
        309,
        290,
        308,
        291,
        308,
        292,
        307,
        293,
        307,
        294,
        306,
        294,
        306,
        295,
        305,
        296,
        304,
        297,
        304,
        298,
        303,
        298,
        302,
        299,
        301,
        299,
        301,
        300,
        300,
        301,
        299,
        301,
        299,
        302,
        298,
        302,
        298,
        303,
        297,
        303,
        297,
        304,
        296,
        304,
        295,
        305,
        294,
        305,
        294,
        306,
        293,
        306,
        292,
        307,
        291,
        307,
        291,
        308,
        290,
        308,
        289,
        309,
        288,
        309,
        288,
        310,
        287,
        310,
        286,
        310,
        286,
        311,
        285,
        311,
        284,
        311,
        283,
        311,
        283,
        312,
        282,
        312,
        281,
        312,
        280,
        313,
        278,
        313,
        277,
        314,
        276,
        314,
        275,
        314,
        274,
        315,
        273,
        315,
        272,
        315,
        271,
        316,
        270,
        316,
        268,
        316,
        267,
        317,
        266,
        317,
        265,
        317,
        264,
        318,
        263,
        318,
        262,
        319,
        261,
        319,
        260,
        320,
        259,
        320,
        258,
        320,
        257,
        320,
        256,
        320,
        255,
        321,
        254,
        321,
        253,
        321,
        252,
        321,
        250,
        321,
        247,
        322,
        246,
        322,
        245,
        322,
        243,
        322,
        242,
        322,
        241,
        322,
        240,
        322,
        239,
        322,
        238,
        322,
        236,
        322,
        235,
        322,
        234,
        322,
        233,
        321,
        232,
        321,
        231,
        321,
        230,
        320,
        229,
        320,
        228,
        320,
        227,
        320,
        226,
        319,
        225,
        319,
        224,
        318,
        223,
        318,
        222,
        318,
        222,
        317,
        221,
        317,
        220,
        317,
        219,
        316,
        218,
        316,
        218,
        315,
        217,
        315,
        216,
        315,
        215,
        314,
        214,
        314,
        213,
        314,
        213,
        313,
        212,
        313,
        211,
        312,
        210,
        312,
        209,
        312,
        209,
        311,
        208,
        311,
        207,
        310,
        206,
        310,
        206,
        309,
        205,
        309,
        205,
        308,
        204,
        308,
        203,
        307,
        202,
        306,
        201,
        305,
        201,
        304,
        200,
        304,
        199,
        302,
        198,
        302,
        197,
        301,
        196,
        300,
        195,
        300,
        195,
        299,
        194,
        299,
        193,
        298,
        193,
        297,
        192,
        297,
        192,
        296,
        191,
        295,
        190,
        294,
        190,
        293,
        189,
        292,
        189,
        291,
        188,
        290,
        188,
        289,
        188,
        288,
        188,
        287,
        188,
        286,
        188,
        285,
        188,
        284,
        188,
        283,
        187,
        282,
        187,
        281,
        187,
        280,
        187,
        279,
        187,
        278,
        188,
        277,
        188,
        276,
        188,
        275,
        188,
        274,
        189,
        273,
        190,
        272,
        190,
        271,
        191,
        269,
        192,
        268,
        193,
        267,
        194,
        266,
        195,
        265,
        196,
        264,
        197,
        263,
        199,
        262,
        200,
        261,
        201,
        260,
        202,
        259,
        203,
        259,
        203,
        258,
        204,
        258,
        205,
        257,
        206,
        256,
        207,
        256,
        208,
        255,
        210,
        254,
        212,
        253,
        213,
        252,
        214,
        252,
        216,
        251,
        217,
        250,
        218,
        250,
        220,
        249,
        221,
        248,
        222,
        248,
        224,
        247,
        225,
        247,
        226,
        247,
        227,
        246,
        228,
        246,
        229,
        246,
        230,
        246,
        231,
        246,
        232,
        246,
        233,
        246,
        234,
        246,
        235,
        246,
        236,
        246,
        237,
        246,
        239,
        246,
        240,
        246,
        241,
        246,
        243,
        246,
        244,
        246,
        245,
        246,
        245,
        247,
        246,
        247,
        247,
        247,
        248,
        247,
        249,
        246,
        251,
        246,
        252,
        246,
        253,
        246,
        255,
        246,
        256,
        246,
        258,
        246,
        262,
        246,
        263,
        246,
        265,
        246,
        270,
        246,
        272,
        246,
        274,
        246,
        279,
        246,
        281,
        246,
        286,
        246,
        293,
        245,
        298,
        245,
        300,
        245,
        309,
        245,
        314,
        245,
        316,
        245,
        321,
        245,
        324,
        245,
        326,
        245,
        331,
        245,
        334,
        245,
        336,
        245,
        340,
        244,
        344,
        244,
        347,
        244,
        351,
        244,
        352,
        244,
        353,
        244,
        355,
        244,
        356,
        244,
        357,
        244,
        359,
        244,
        360,
        244,
        361,
        244,
        363,
        244,
        366,
        244,
        369,
        244,
        372,
        244,
        376,
        244,
        379,
        244,
        382,
        244,
        385,
        244,
        387,
        243,
        388,
        243,
        389,
        243,
        390,
        243,
        391,
        243,
        393,
        243,
        395,
        243,
        398,
        243,
        401,
        243,
        403,
        243,
        404,
        243,
        405,
        243,
        406,
        243,
        407,
        243,
        408,
        243,
        409,
        243,
        410,
        243,
        412,
        243,
        413,
        243,
        414,
        243,
        415,
        243,
        416,
        243,
        417,
        243,
        418,
        244,
        419,
        244,
        420,
        245,
        421,
        245,
        422,
        245,
        422,
        246,
        423,
        246,
        424,
        246,
        425,
        247,
        426,
        247,
        427,
        247,
        427,
        248,
        428,
        248,
        429,
        248,
        430,
        249,
        431,
        249,
        432,
        250,
        433,
        250,
        434,
        251,
        435,
        251,
        436,
        252,
        437,
        252,
        439,
        253,
        440,
        253,
        440,
        254,
        441,
        254,
        442,
        255,
        443,
        255,
        443,
        256,
        444,
        256,
        445,
        256,
        445,
        257,
        446,
        257,
        447,
        257,
        447,
        258,
        448,
        258,
        449,
        259,
        450,
        260,
        451,
        260,
        451,
        261,
        452,
        261,
        452,
        262,
        453,
        263,
        454,
        263,
        454,
        264,
        455,
        264,
        455,
        265,
        456,
        265,
        456,
        266,
        457,
        267,
        458,
        267,
        458,
        268,
        459,
        268,
        459,
        269,
        460,
        269,
        460,
        270,
        461,
        271,
        461,
        272,
        462,
        273,
        463,
        274,
        463,
        275,
        464,
        277,
        464,
        278,
        465,
        280,
        465,
        281,
        465,
        282,
        465,
        283,
        465,
        284,
        465,
        285,
        465,
        286,
        465,
        287,
        465,
        288,
        465,
        289,
        465,
        290,
        465,
        291,
        465,
        292,
        464,
        294,
        464,
        295,
        464,
        296,
        463,
        297,
        462,
        298,
        462,
        299,
        461,
        300,
        461,
        301,
        460,
        302,
        460,
        303,
        459,
        304,
        458,
        305,
        458,
        306,
        457,
        307,
        456,
        308,
        455,
        309,
        455,
        310,
        454,
        310,
        454,
        311,
        453,
        311,
        453,
        312,
        452,
        312,
        451,
        313,
        450,
        314,
        449,
        314,
        448,
        315,
        447,
        316,
        445,
        317,
        444,
        317,
        443,
        318,
        442,
        318,
        441,
        319,
        440,
        319,
        439,
        320,
        438,
        320,
        437,
        320,
        436,
        320,
        435,
        320,
        434,
        320,
        433,
        320,
        432,
        320,
        431,
        320,
        429,
        320,
        426,
        320,
        425,
        320,
        424,
        320,
        423,
        320,
        422,
        320,
        421,
        320,
        419,
        319,
        418,
        319,
        417,
        319,
        416,
        319,
        415,
        318,
        413,
        318,
        411,
        317,
        410,
        317,
        409,
        317,
        408,
        316,
        407,
        316,
        406,
        316,
        405,
        315,
        404,
        315,
        402,
        314,
        401,
        313,
        400,
        313,
        398,
        312,
        397,
        311,
        396,
        311,
        395,
        310,
        394,
        309,
        393,
        308,
        392,
        307,
        391,
        306,
        389,
        305,
        388,
        304,
        388,
        303,
        387,
        302,
        386,
        301,
        386,
        299,
        385,
        298,
        385,
        296,
        384,
        294,
        383,
        292,
        383,
        291,
        382,
        290,
        382,
        289,
        382,
        287,
        382,
        286,
        381,
        284,
        381,
        282,
        381,
        280,
        381,
        278,
        381,
        275,
        381,
        273,
        381,
        272,
        381,
        271,
        381,
        270,
        381,
        269,
        381,
        267,
        381,
        265,
        382,
        263,
        382,
        262,
        382,
        261,
        383,
        260,
        383,
        259,
        383,
        257,
        384,
        256,
        384,
        255,
        385,
        253,
        385,
        252,
        385,
        250,
        386,
        249,
        386,
        248,
        387,
        247,
        388,
        244,
        388,
        243,
        389,
        242,
        389,
        241,
        390,
        241,
        390,
        240,
        391,
        239,
        394,
        237,
        396,
        235,
        397,
        234,
        399,
        231,
        400,
        230,
        401,
        229,
        401,
        228,
        402,
        227,
        403,
        226,
        404,
        225,
        405,
        225,
        405,
        224,
        405,
        223,
        406,
        223,
        406,
        222,
        407,
        221,
        409,
        220,
        410,
        219,
        411,
        218,
        412,
        218,
        413,
        217,
        413,
        216,
        414,
        216,
        415,
        215,
        416,
        214,
        418,
        213,
        419,
        213,
        420,
        212,
        421,
        211,
        422,
        211,
        424,
        210,
        425,
        210,
        426,
        209,
        427,
        209,
        428,
        209,
        429,
        209,
        430,
        208,
        431,
        208,
        433,
        208,
        435,
        207,
        437,
        207,
        439,
        207,
        440,
        206,
        441,
        206,
        442,
        206,
        443,
        206,
        444,
        205,
        446,
        205,
        447,
        205,
        448,
        205,
        449,
        205,
        450,
        205,
        451,
        205,
        452,
        204,
        453,
        204,
        455,
        204,
        457,
        204,
        459,
        204,
        461,
        204,
        463,
        204,
        464,
        204,
        465,
        204,
        466,
        204,
        467,
        204,
        469,
        204,
        471,
        204,
        472,
        205,
        475,
        205,
        476,
        205,
        478,
        206,
        481,
        207,
        482,
        207,
        483,
        207,
        485,
        208,
        486,
        208,
        487,
        208,
        489,
        209,
        490,
        209,
        491,
        210,
        493,
        211,
        495,
        212,
        496,
        213,
        499,
        214,
        500,
        214,
        502,
        216,
        504,
        217,
        506,
        218,
        507,
        219,
        508,
        219,
        509,
        221,
        511,
        221,
        511,
        222,
        513,
        223,
        514,
        224,
        515,
        225,
        516,
        226,
        517,
        227,
        518,
        227,
        519,
        228,
        520,
        229,
        521,
        230,
        522,
        231,
        523,
        232,
        524,
        232,
        524,
        233,
        525,
        233,
        525,
        234,
        526,
        235,
        526,
        236,
        527,
        237,
        528,
        238,
        528,
        239,
        528,
        240,
        529,
        241,
        530,
        242,
        530,
        243,
        530,
        244,
        531,
        246,
        531,
        247,
        532,
        248,
        532,
        249,
        532,
        250,
        533,
        251,
        533,
        252,
        533,
        253,
        533,
        254,
        533,
        255,
        533,
        256,
        533,
        257,
        534,
        258,
        534,
        259,
        534,
        260,
        534,
        262,
        534,
        263,
        534,
        264,
        534,
        265,
        534,
        267,
        534,
        268,
        533,
        269,
        533,
        270,
        533,
        271,
        533,
        272,
        532,
        274,
        532,
        275,
        532,
        277,
        531,
        280,
        530,
        281,
        529,
        283,
        528,
        286,
        528,
        287,
        527,
        289,
        527,
        290,
        526,
        291,
        525,
        293,
        525,
        295,
        524,
        295,
        524,
        297,
        522,
        300,
        522,
        301,
        521,
        302,
        520,
        303,
        520,
        304,
        519,
        305,
        518,
        306,
        517,
        308,
        516,
        311,
        514,
        312,
        514,
        313,
        513,
        314,
        513,
        315,
        513,
        316,
        514,
        316,
        515,
        316,
        515,
        317,
        515,
        316,
        516,
        316,
        517,
        316,
        518,
        316,
        519,
        316,
        520,
        316,
        521,
        316,
        522,
        316,
        524,
        316,
        527,
        316,
        528,
        316,
        530,
        316,
        532,
        316,
        533,
        316,
        535,
        316,
        536,
        316,
        537,
        316,
        540,
        316,
        542,
        316,
        544,
        316,
        548,
        316,
        550,
        316,
        552,
        316,
        554,
        316,
        557,
        316,
        558,
        316,
        561,
        316,
        564,
        316,
        566,
        316,
        570,
        316,
        572,
        316,
        573,
        316,
        576,
        317,
        577,
        317,
        579,
        317,
        580,
        317,
        581,
        317,
        582,
        317,
        583,
        317,
        584,
        317,
        586,
        317,
        588,
        317,
        589,
        317,
        591,
        317,
        592,
        317,
        593,
        317,
        594,
        317,
        593,
        317,
        591,
        320,
        594,
        317
      ],
      "tool": "pen",
      "strokeWidth": 3
    }
  ]
}