{
  "id": "ku",
  "shapes": [
    {
      "points": [
        373,
        178,
        374,
        174,
        374,
        173,
        374,
        175,
        374,
        177,
        374,
        179,
        374,
        185,
        374,
        191,
        375,
        196,
        375,
        202,
        375,
        208,
        375,
        213,
        375,
        217,
        375,
        220,
        375,
        223,
        375,
        226,
        375,
        228,
        375,
        230,
        375,
        233,
        375,
        235,
        375,
        236,
        375,
        235,
        375,
        234,
        375,
        232,
        375,
        231
      ],
      "tool": "pen",
      "strokeWidth": 3
    },
    {
      "points": [
        370,
        174,
        371,
        174,
        372,
        174,
        372,
        173,
        373,
        173,
        374,
        173,
        377,
        173,
        380,
        173,
        383,
        173,
        387,
        173,
        391,
        173,
        395,
        173,
        400,
        172,
        405,
        172,
        411,
        172,
        417,
        172,
        423,
        172,
        430,
        172,
        438,
        172,
        446,
        172,
        454,
        172,
        461,
        172,
        467,
        171,
        472,
        171,
        477,
        171,
        482,
        171,
        487,
        171,
        492,
        171,
        496,
        171,
        500,
        171,
        501,
        171,
        503,
        171,
        507,
        171,
        508,
        171,
        509,
        170,
        511,
        170,
        512,
        170,
        514,
        170,
        515,
        170,
        516,
        170,
        518,
        170,
        519,
        170,
        520,
        170,
        521,
        170,
        522,
        170,
        523,
        170,
        524,
        170
      ],
      "tool": "pen",
      "strokeWidth": 3
    },
    {
      "points": [
        453,
        173,
        453,
        172,
        453,
        173,
        453,
        174,
        453,
        175,
        453,
        176,
        453,
        178,
        453,
        179,
        453,
        180,
        454,
        181,
        454,
        183,
        454,
        184,
        454,
        185,
        454,
        186,
        454,
        187,
        454,
        188,
        454,
        190,
        454,
        191,
        454,
        192,
        454,
        193,
        454,
        194,
        454,
        195,
        454,
        197,
        454,
        198,
        454,
        199,
        454,
        200,
        454,
        201,
        454,
        202,
        454,
        203,
        454,
        206,
        454,
        208,
        454,
        209,
        454,
        210,
        454,
        211,
        454,
        212,
        454,
        213,
        454,
        214,
        454,
        216,
        454,
        218,
        454,
        219,
        454,
        220,
        454,
        222,
        454,
        223,
        454,
        224,
        454,
        226,
        454,
        227,
        454,
        228,
        454,
        230,
        454,
        231,
        454,
        232,
        454,
        233,
        454,
        234,
        454,
        235,
        454,
        237,
        454,
        239,
        454,
        240,
        454,
        241,
        454,
        243,
        454,
        244,
        454,
        246,
        454,
        248,
        454,
        250,
        454,
        252,
        454,
        253,
        454,
        255,
        454,
        257,
        454,
        258,
        454,
        259,
        454,
        260,
        454,
        261,
        454,
        262,
        454,
        263,
        454,
        264,
        454,
        266,
        454,
        267,
        454,
        269,
        453,
        271,
        453,
        272,
        453,
        273,
        453,
        274,
        453,
        275,
        453,
        276,
        453,
        277,
        452,
        278,
        452,
        280,
        451,
        281,
        450,
        282,
        450,
        283,
        449,
        284,
        449,
        285,
        448,
        286,
        447,
        286,
        447,
        287,
        446,
        288,
        446,
        289,
        445,
        290,
        444,
        291,
        443,
        291,
        443,
        292,
        442,
        292,
        442,
        293,
        441,
        293,
        440,
        294,
        439,
        295,
        438,
        296,
        437,
        297,
        436,
        298,
        434,
        299,
        433,
        300,
        431,
        301,
        430,
        302,
        429,
        303,
        427,
        304,
        426,
        305,
        425,
        306,
        424,
        306,
        423,
        307,
        422,
        307,
        421,
        308,
        420,
        308,
        418,
        309,
        417,
        309,
        416,
        310,
        415,
        310,
        414,
        310,
        413,
        310,
        413,
        311,
        412,
        311,
        411,
        311,
        410,
        311,
        409,
        311,
        409,
        312,
        408,
        312,
        406,
        312,
        405,
        312,
        404,
        313,
        403,
        313,
        401,
        313,
        399,
        313,
        398,
        314,
        397,
        314,
        395,
        314,
        394,
        314,
        392,
        314,
        391,
        314,
        390,
        314,
        389,
        314,
        387,
        314,
        385,
        314,
        384,
        314,
        382,
        313,
        380,
        313,
        379,
        312,
        377,
        311,
        376,
        311,
        375,
        311,
        374,
        310,
        373,
        310,
        372,
        309,
        371,
        309,
        370,
        308,
        369,
        308,
        368,
        308,
        367,
        307,
        365,
        306,
        363,
        306,
        362,
        305,
        361,
        305,
        360,
        304,
        359,
        304,
        358,
        303,
        357,
        303,
        357,
        302,
        356,
        302,
        354,
        301,
        353,
        300,
        353,
        299,
        352,
        298,
        351,
        297,
        351,
        296,
        350,
        296,
        350,
        295,
        349,
        294,
        347,
        293,
        347,
        292,
        346,
        291,
        345,
        289,
        344,
        289,
        343,
        288,
        343,
        287,
        342,
        286,
        341,
        285,
        341,
        284,
        340,
        283,
        339,
        281,
        339,
        280,
        338,
        278,
        338,
        276,
        338,
        275,
        338,
        273,
        338,
        271,
        338,
        270,
        338,
        267,
        338,
        266,
        338,
        264,
        338,
        262,
        338,
        260,
        338,
        259,
        338,
        258,
        338,
        257,
        338,
        256,
        339,
        255,
        339,
        254,
        340,
        253,
        340,
        252,
        341,
        251,
        341,
        250,
        343,
        249,
        344,
        248,
        344,
        247,
        345,
        246,
        346,
        245,
        347,
        245,
        348,
        244,
        349,
        243,
        350,
        243,
        351,
        242,
        352,
        242,
        352,
        241,
        354,
        241,
        355,
        240,
        356,
        240,
        357,
        239,
        358,
        239,
        359,
        239,
        360,
        239,
        362,
        238,
        363,
        238,
        365,
        237,
        366,
        237,
        367,
        237,
        368,
        237,
        369,
        237,
        370,
        237,
        372,
        236,
        373,
        236,
        374,
        236,
        375,
        236,
        376,
        236,
        377,
        236,
        378,
        235,
        379,
        235,
        380,
        235,
        381,
        235,
        382,
        235,
        383,
        235,
        384,
        235,
        385,
        235,
        386,
        235,
        387,
        235,
        388,
        235,
        389,
        235,
        389,
        234,
        390,
        234,
        391,
        234,
        392,
        234,
        393,
        234,
        395,
        234,
        396,
        234,
        398,
        234,
        399,
        234,
        400,
        234,
        401,
        234,
        402,
        234,
        403,
        234,
        404,
        234,
        406,
        234,
        407,
        234,
        410,
        234,
        411,
        234,
        413,
        234,
        414,
        234,
        415,
        234,
        417,
        234,
        418,
        234,
        419,
        234,
        421,
        234,
        422,
        234,
        423,
        234,
        424,
        234,
        425,
        234,
        426,
        233,
        427,
        233,
        428,
        233,
        429,
        233,
        431,
        233,
        432,
        233,
        434,
        233,
        436,
        233,
        437,
        233,
        438,
        233,
        439,
        233,
        440,
        233,
        441,
        233,
        442,
        233,
        445,
        233,
        446,
        233,
        448,
        233,
        450,
        233,
        452,
        233,
        453,
        233,
        454,
        233,
        455,
        233,
        456,
        233,
        457,
        233,
        458,
        233,
        459,
        233,
        460,
        233,
        462,
        233,
        463,
        233,
        464,
        233,
        465,
        233,
        466,
        233,
        467,
        232,
        468,
        232,
        469,
        232,
        470,
        232,
        471,
        232,
        472,
        232,
        473,
        232,
        474,
        232,
        476,
        232,
        477,
        233,
        478,
        233,
        479,
        233,
        480,
        233,
        481,
        233,
        482,
        233,
        483,
        233,
        485,
        233,
        487,
        234,
        488,
        234,
        489,
        234,
        490,
        234,
        490,
        235,
        492,
        235,
        493,
        236,
        494,
        236,
        494,
        237,
        495,
        237,
        495,
        238,
        496,
        238,
        497,
        239,
        498,
        239,
        499,
        240,
        500,
        240,
        501,
        241,
        502,
        241,
        503,
        242,
        504,
        242,
        505,
        242,
        505,
        243,
        506,
        243,
        507,
        244,
        508,
        244,
        509,
        244,
        509,
        245,
        510,
        245,
        511,
        246,
        512,
        246,
        512,
        247,
        513,
        247,
        514,
        248,
        515,
        248,
        515,
        249,
        516,
        249,
        516,
        250,
        517,
        250,
        518,
        251,
        519,
        252,
        520,
        252,
        520,
        253,
        521,
        254,
        522,
        255,
        523,
        255,
        524,
        256,
        525,
        257,
        526,
        258,
        527,
        258,
        527,
        259,
        528,
        260,
        528,
        261,
        529,
        261,
        530,
        262,
        530,
        263,
        531,
        263,
        531,
        264,
        532,
        265,
        533,
        265,
        533,
        266,
        534,
        267,
        534,
        268,
        535,
        268,
        535,
        269,
        535,
        270,
        536,
        270,
        536,
        271,
        536,
        272,
        537,
        272,
        537,
        273,
        537,
        274,
        538,
        274,
        538,
        275,
        538,
        276,
        539,
        277,
        539,
        278,
        539,
        279,
        539,
        280,
        540,
        280,
        540,
        281,
        541,
        282,
        541,
        283,
        542,
        284,
        542,
        285,
        543,
        286,
        543,
        287,
        543,
        288,
        543,
        289,
        543,
        290,
        544,
        291,
        544,
        292,
        544,
        294,
        544,
        295,
        544,
        296,
        544,
        297,
        544,
        298,
        544,
        299,
        544,
        300,
        544,
        301,
        544,
        302,
        544,
        303,
        545,
        303,
        545,
        305,
        545,
        306,
        545,
        307,
        545,
        308,
        545,
        309,
        545,
        310,
        545,
        311,
        545,
        312,
        545,
        313,
        545,
        315,
        545,
        316,
        545,
        318,
        544,
        319,
        544,
        320,
        544,
        321,
        544,
        322,
        544,
        323,
        544,
        324,
        544,
        326,
        543,
        327,
        543,
        328,
        542,
        329,
        542,
        330,
        542,
        331,
        542,
        333,
        541,
        334,
        541,
        335,
        541,
        336,
        540,
        336,
        540,
        337,
        540,
        338,
        539,
        339,
        539,
        340,
        538,
        342,
        537,
        343,
        537,
        344,
        536,
        344,
        536,
        345,
        535,
        346,
        535,
        347,
        534,
        348,
        533,
        349,
        532,
        350,
        532,
        351,
        531,
        352,
        530,
        353,
        530,
        354,
        529,
        354,
        529,
        355,
        528,
        355,
        527,
        356,
        526,
        357,
        525,
        358,
        524,
        359,
        523,
        360,
        522,
        360,
        522,
        361,
        521,
        361,
        520,
        362,
        519,
        362,
        519,
        363,
        517,
        364,
        516,
        364,
        515,
        365,
        514,
        365,
        513,
        366,
        512,
        367,
        511,
        367,
        510,
        368,
        509,
        368,
        508,
        369,
        507,
        369,
        506,
        369,
        505,
        370,
        504,
        371,
        502,
        372,
        501,
        372,
        500,
        373,
        498,
        374,
        496,
        375,
        494,
        376,
        493,
        376,
        492,
        377,
        491,
        377,
        490,
        377,
        489,
        377,
        489,
        378,
        488,
        378,
        487,
        378,
        487,
        379,
        486,
        379,
        485,
        379,
        484,
        380,
        483,
        380,
        482,
        381,
        481,
        381,
        480,
        381,
        479,
        381,
        478,
        382,
        477,
        382,
        476,
        382,
        475,
        383,
        474,
        383,
        473,
        383,
        472,
        384,
        471,
        384,
        470,
        384,
        469,
        384,
        467,
        384,
        466,
        385,
        464,
        385,
        463,
        385,
        462,
        385,
        461,
        385,
        460,
        386,
        458,
        386,
        457,
        386,
        456,
        386,
        455,
        386,
        453,
        386,
        452,
        386,
        451,
        386,
        450,
        386,
        449,
        386,
        448,
        386,
        447,
        386,
        446,
        386,
        445,
        387,
        444,
        387,
        443,
        387,
        442,
        387,
        440,
        387,
        439,
        387,
        438,
        387,
        436,
        387,
        436,
        388,
        435,
        388,
        433,
        388,
        432,
        388,
        431,
        388,
        429,
        388,
        428,
        388,
        427,
        388,
        424,
        388,
        423,
        388,
        421,
        388,
        419,
        388,
        418,
        388,
        415,
        388,
        413,
        388,
        412,
        388,
        410,
        388,
        408,
        388,
        407,
        388,
        405,
        388,
        404,
        388,
        403,
        388,
        402,
        388,
        400,
        388,
        399,
        388,
        398,
        388,
        397,
        388,
        396,
        388,
        395,
        388,
        394,
        388,
        393,
        388,
        390,
        388,
        388,
        388,
        387,
        388,
        385,
        388,
        384,
        388,
        383,
        388,
        382,
        388,
        381,
        388,
        380,
        388,
        378,
        388,
        377,
        388,
        375,
        387,
        374,
        387,
        373,
        387,
        371,
        387,
        370,
        387,
        368,
        387,
        366,
        386,
        364,
        386,
        363,
        386,
        362,
        386,
        361,
        386,
        360,
        386,
        359,
        385,
        358,
        385,
        357,
        385,
        356,
        384,
        355,
        384,
        354,
        384,
        352,
        383,
        351,
        383,
        351,
        382,
        350,
        382,
        349,
        382,
        348,
        382,
        348,
        381,
        347,
        381,
        346,
        381,
        345,
        380,
        344,
        380,
        343,
        379,
        342,
        379,
        341,
        379,
        340,
        378,
        339,
        378,
        338,
        377,
        336,
        377,
        335,
        376,
        334,
        376,
        333,
        375,
        331,
        375,
        330,
        374,
        329,
        374,
        328,
        373,
        327,
        373,
        326,
        372,
        324,
        372,
        323,
        371,
        322,
        371,
        321,
        370,
        320,
        370,
        320,
        369,
        319,
        369,
        318,
        368,
        317,
        368,
        316,
        367,
        315,
        366,
        314,
        365,
        313,
        365,
        312,
        364,
        311,
        364,
        310,
        363,
        309,
        362,
        308,
        361,
        307,
        360,
        306,
        359,
        305,
        358,
        304,
        358,
        302,
        357,
        301,
        355,
        299,
        353,
        298,
        352,
        298,
        351,
        297,
        350,
        296,
        349,
        295,
        348,
        294,
        347,
        294,
        346,
        292,
        345,
        291,
        344,
        290,
        342,
        289,
        342,
        289,
        341,
        288,
        340,
        287,
        339,
        287,
        338,
        286,
        338,
        286,
        337,
        285,
        336,
        284,
        335,
        284,
        334,
        283,
        333,
        282,
        332,
        281,
        331,
        281,
        330,
        281,
        329,
        280,
        329,
        280,
        328,
        279,
        328,
        279,
        327,
        279,
        326,
        278,
        325,
        277,
        324,
        277,
        323,
        276,
        321,
        276,
        320,
        275,
        318,
        274,
        317,
        274,
        316,
        273,
        314,
        273,
        313,
        272,
        311,
        272,
        309,
        271,
        308,
        271,
        307,
        270,
        305,
        270,
        304,
        270,
        302,
        269,
        301,
        269,
        300,
        269,
        299,
        269,
        297,
        269,
        295,
        268,
        294,
        268,
        292,
        268,
        291,
        268,
        290,
        268,
        289,
        267,
        288,
        267,
        287,
        267,
        285,
        267,
        284,
        267,
        281,
        267,
        280,
        267,
        278,
        266,
        276,
        266,
        275,
        266,
        273,
        266,
        271,
        266,
        268,
        266,
        267,
        266,
        265,
        266,
        264,
        266,
        263,
        267,
        262,
        267,
        260,
        267,
        259,
        267,
        258,
        267,
        256,
        268,
        254,
        268,
        253,
        268,
        250,
        269,
        249,
        269,
        248,
        269,
        247,
        269,
        246,
        270,
        245,
        270,
        243,
        270,
        242,
        271,
        240,
        271,
        238,
        272,
        237,
        272,
        235,
        273,
        233,
        273,
        232,
        273,
        230,
        274,
        229,
        274,
        226,
        275,
        225,
        275,
        223,
        276,
        222,
        276,
        221,
        277,
        220,
        278,
        219,
        278,
        217,
        279,
        216,
        279,
        215,
        280,
        213,
        281,
        212,
        281,
        210,
        282,
        209,
        282,
        208,
        283,
        207,
        284,
        205,
        285,
        204,
        286,
        202,
        287,
        200,
        288,
        198,
        290,
        196,
        290,
        195,
        291,
        195,
        291,
        194,
        292,
        193,
        293,
        192,
        293,
        191,
        294,
        190,
        295,
        188,
        296,
        186,
        297,
        186,
        298,
        184,
        299,
        182,
        300,
        182,
        300,
        181,
        302,
        179,
        302,
        178,
        303,
        177,
        304,
        176,
        304,
        175,
        305,
        174,
        306,
        173,
        306,
        172,
        307,
        171,
        307,
        170,
        308,
        170,
        308,
        169,
        308,
        168,
        309,
        167,
        309,
        168,
        308,
        170,
        307,
        173
      ],
      "tool": "pen",
      "strokeWidth": 3
    }
  ]
}