{
  "id": "mee",
  "shapes": [
    {
      "points": [
        358,
        170,
        357,
        170,
        357,
        171,
        357,
        172,
        357,
        173,
        357,
        174,
        357,
        177,
        357,
        180,
        357,
        181,
        357,
        186,
        357,
        190,
        357,
        194,
        357,
        199,
        357,
        204,
        357,
        208,
        356,
        213,
        356,
        218,
        356,
        223,
        356,
        229,
        356,
        235,
        356,
        241,
        356,
        246,
        356,
        252,
        356,
        258,
        356,
        264,
        356,
        271,
        356,
        277,
        356,
        282,
        355,
        286,
        355,
        290,
        355,
        293,
        355,
        297,
        355,
        300,
        355,
        303,
        355,
        306,
        355,
        309,
        355,
        311,
        355,
        312,
        355,
        313,
        355,
        314,
        355,
        315,
        355,
        316,
        355,
        315,
        356,
        314,
        356,
        313,
        355,
        315
      ],
      "tool": "pen",
      "strokeWidth": 3
    },
    {
      "points": [
        358,
        311,
        358,
        312,
        357,
        312,
        357,
        311
      ],
      "tool": "pen",
      "strokeWidth": 3
    },
    {
      "points": [
        357,
        313,
        355,
        311,
        356,
        311,
        357,
        311,
        358,
        311,
        359,
        311,
        360,
        311,
        361,
        311,
        362,
        311,
        365,
        311,
        368,
        311,
        370,
        311,
        377,
        311,
        381,
        311,
        383,
        311,
        388,
        311,
        392,
        311,
        394,
        311,
        401,
        311,
        406,
        311,
        409,
        311,
        416,
        311,
        420,
        311,
        423,
        311,
        430,
        311,
        435,
        311,
        439,
        311,
        441,
        311,
        448,
        311,
        453,
        311,
        455,
        311,
        463,
        311,
        468,
        311,
        473,
        312,
        476,
        312,
        480,
        312,
        484,
        312,
        488,
        312,
        492,
        312,
        495,
        312,
        498,
        312,
        502,
        312,
        506,
        312,
        509,
        312,
        511,
        312,
        513,
        312,
        516,
        312,
        518,
        312,
        520,
        312,
        522,
        312,
        524,
        312,
        526,
        312,
        528,
        312,
        529,
        312,
        530,
        312,
        531,
        312,
        532,
        312,
        533,
        312,
        534,
        312,
        535,
        312,
        536,
        312,
        537,
        312,
        537,
        313
      ],
      "tool": "pen",
      "strokeWidth": 3
    },
    {
      "points": [
        538,
        313,
        537,
        313,
        538,
        313,
        539,
        313,
        540,
        312,
        541,
        312,
        542,
        311,
        543,
        310,
        544,
        310,
        545,
        309,
        546,
        308,
        548,
        307,
        548,
        306,
        549,
        305,
        550,
        305,
        551,
        304,
        552,
        304,
        553,
        303,
        554,
        301,
        555,
        300,
        556,
        298,
        557,
        298,
        557,
        297,
        558,
        295,
        559,
        294,
        559,
        293,
        560,
        291,
        561,
        289,
        561,
        288,
        562,
        285,
        563,
        284,
        563,
        283,
        564,
        280,
        564,
        279,
        565,
        278,
        565,
        276,
        565,
        275,
        566,
        274,
        566,
        272,
        566,
        271,
        566,
        269,
        566,
        267,
        567,
        265,
        567,
        263,
        567,
        261,
        567,
        260,
        568,
        259,
        568,
        256,
        568,
        255,
        568,
        254,
        568,
        253,
        568,
        251,
        568,
        250,
        568,
        248,
        569,
        246,
        569,
        244,
        569,
        243,
        569,
        242,
        568,
        241,
        568,
        240,
        568,
        239,
        568,
        237,
        567,
        236,
        567,
        235,
        566,
        234,
        566,
        233,
        566,
        231,
        565,
        230,
        565,
        229,
        564,
        228,
        564,
        227,
        563,
        226,
        563,
        225,
        562,
        224,
        562,
        223,
        561,
        222,
        560,
        221,
        560,
        220,
        559,
        219,
        559,
        218,
        558,
        217,
        558,
        216,
        557,
        215,
        557,
        214,
        557,
        213,
        556,
        212,
        555,
        211,
        555,
        210,
        554,
        209,
        554,
        208,
        553,
        207,
        552,
        205,
        551,
        204,
        550,
        203,
        550,
        202,
        549,
        201,
        548,
        200,
        547,
        199,
        546,
        198,
        545,
        197,
        545,
        196,
        544,
        195,
        542,
        194,
        542,
        193,
        540,
        192,
        539,
        191,
        538,
        191,
        537,
        190,
        536,
        189,
        535,
        189,
        534,
        188,
        533,
        187,
        532,
        187,
        531,
        186,
        530,
        186,
        530,
        185,
        528,
        185,
        528,
        184,
        527,
        184,
        526,
        184,
        525,
        183,
        523,
        182,
        522,
        181,
        521,
        181,
        520,
        181,
        519,
        180,
        518,
        180,
        517,
        180,
        516,
        180,
        515,
        180,
        514,
        179,
        513,
        179,
        512,
        179,
        510,
        179,
        509,
        179,
        508,
        179,
        507,
        179,
        507,
        180,
        506,
        180,
        505,
        180,
        504,
        180,
        503,
        180,
        502,
        180,
        500,
        180,
        499,
        181,
        498,
        181,
        497,
        181,
        496,
        181,
        495,
        181,
        494,
        181,
        493,
        181,
        492,
        181,
        492,
        182,
        491,
        182,
        490,
        182,
        489,
        182,
        488,
        182,
        487,
        183,
        486,
        183,
        485,
        184,
        484,
        184,
        483,
        185,
        482,
        185,
        481,
        185,
        481,
        186,
        480,
        186,
        480,
        187,
        479,
        187,
        477,
        189,
        476,
        190,
        475,
        190,
        475,
        191,
        474,
        191,
        473,
        192,
        472,
        193,
        472,
        194,
        471,
        196,
        470,
        196,
        470,
        197,
        469,
        197,
        469,
        198,
        468,
        199,
        468,
        200,
        467,
        201,
        467,
        202,
        466,
        202,
        466,
        203,
        466,
        204,
        465,
        204,
        465,
        205,
        465,
        206,
        464,
        206,
        464,
        207,
        464,
        208,
        464,
        209,
        463,
        210,
        463,
        212,
        463,
        213,
        463,
        215,
        463,
        219,
        463,
        220,
        463,
        222,
        463,
        225,
        463,
        226,
        463,
        228,
        463,
        232,
        463,
        233,
        463,
        236,
        462,
        240,
        462,
        243,
        462,
        244,
        462,
        249,
        462,
        252,
        462,
        253,
        462,
        258,
        462,
        261,
        462,
        263,
        462,
        267,
        462,
        270,
        462,
        272,
        462,
        278,
        461,
        281,
        461,
        283,
        461,
        287,
        461,
        291,
        461,
        294,
        461,
        298,
        461,
        301,
        461,
        303,
        461,
        306,
        461,
        309,
        461,
        312,
        461,
        315,
        461,
        317,
        461,
        318,
        460,
        318,
        460,
        319,
        460,
        318,
        461,
        318,
        461,
        317,
        460,
        317,
        460,
        316,
        460,
        319
      ],
      "tool": "pen",
      "strokeWidth": 3
    },
    {
      "points": [
        487,
        186,
        485,
        185,
        484,
        185,
        483,
        185,
        483,
        184,
        483,
        183,
        482,
        183,
        482,
        182,
        481,
        182,
        481,
        181,
        480,
        181,
        479,
        180,
        479,
        179,
        478,
        178,
        477,
        177,
        477,
        176,
        476,
        175,
        476,
        174,
        475,
        173,
        474,
        172,
        474,
        171,
        474,
        169,
        473,
        168,
        473,
        166,
        473,
        165,
        472,
        164,
        472,
        162,
        472,
        161,
        472,
        160,
        472,
        159,
        472,
        158,
        472,
        157,
        472,
        156,
        472,
        155,
        472,
        153,
        472,
        152,
        472,
        150,
        473,
        148,
        473,
        147,
        473,
        146,
        474,
        145,
        474,
        144,
        474,
        143,
        474,
        142,
        475,
        140,
        475,
        139,
        476,
        137,
        476,
        136,
        477,
        134,
        477,
        133,
        478,
        132,
        479,
        131,
        479,
        130,
        480,
        129,
        481,
        128,
        482,
        126,
        483,
        125,
        484,
        124,
        485,
        123,
        486,
        122,
        487,
        121,
        488,
        120,
        489,
        119,
        490,
        118,
        492,
        116,
        494,
        115,
        495,
        114,
        495,
        113,
        496,
        113,
        497,
        112,
        498,
        111,
        499,
        111,
        499,
        110,
        500,
        110,
        502,
        109,
        504,
        108,
        506,
        107,
        507,
        107,
        508,
        106,
        509,
        106,
        510,
        106,
        511,
        105,
        513,
        105,
        515,
        104,
        517,
        104,
        519,
        103,
        521,
        103,
        522,
        102,
        523,
        102,
        524,
        102,
        525,
        102,
        526,
        102,
        528,
        101,
        530,
        101,
        532,
        101,
        533,
        101,
        534,
        101,
        535,
        101,
        537,
        101,
        539,
        101,
        541,
        101,
        543,
        101,
        545,
        101,
        546,
        101,
        548,
        102,
        549,
        102,
        551,
        102,
        552,
        102,
        554,
        102,
        555,
        103,
        556,
        103,
        558,
        103,
        560,
        104,
        561,
        104,
        562,
        104,
        563,
        104,
        564,
        105,
        565,
        105,
        566,
        106,
        568,
        106,
        568,
        107,
        569,
        107,
        570,
        107,
        571,
        108,
        573,
        109,
        574,
        109,
        575,
        110,
        576,
        110,
        577,
        110,
        577,
        111,
        578,
        111,
        578,
        112,
        579,
        112,
        579,
        113,
        580,
        113,
        581,
        114,
        582,
        115,
        582,
        116,
        583,
        116,
        583,
        117,
        584,
        117,
        584,
        118,
        585,
        118,
        585,
        119,
        586,
        120,
        586,
        121,
        587,
        122,
        587,
        123,
        588,
        123,
        588,
        124,
        588,
        125,
        589,
        126,
        589,
        127,
        590,
        128,
        590,
        130,
        591,
        132,
        591,
        133,
        591,
        134,
        591,
        135,
        591,
        136,
        591,
        137,
        591,
        138,
        590,
        139,
        590,
        140,
        589,
        141,
        589,
        142,
        588,
        143,
        588,
        144,
        587,
        145,
        587,
        146,
        586,
        146,
        586,
        147,
        585,
        148,
        584,
        149,
        583,
        150,
        582,
        151,
        581,
        151,
        581,
        152,
        580,
        152,
        580,
        153,
        579,
        153,
        578,
        154,
        577,
        154,
        576,
        154,
        575,
        155,
        574,
        155,
        573,
        156,
        571,
        156,
        570,
        157,
        569,
        157,
        568,
        157,
        567,
        158,
        566,
        158,
        565,
        158,
        564,
        158,
        563,
        158,
        562,
        158,
        561,
        158,
        560,
        158,
        559,
        158,
        558,
        158,
        557,
        158,
        556,
        158,
        555,
        158,
        554,
        157,
        552,
        157,
        551,
        157,
        550,
        156,
        549,
        156,
        548,
        156,
        548,
        155,
        547,
        155,
        546,
        154,
        544,
        153,
        544,
        152,
        543,
        152,
        541,
        151,
        541,
        150,
        539,
        149,
        538,
        148,
        537,
        148,
        537,
        147,
        535,
        146,
        535,
        145,
        534,
        144,
        533,
        142,
        532,
        142,
        531,
        140,
        530,
        138,
        530,
        137,
        529,
        136,
        528,
        135,
        528,
        134,
        527,
        132,
        527,
        131,
        527,
        129,
        527,
        128,
        526,
        127,
        526,
        124,
        526,
        122,
        526,
        121,
        526,
        119,
        526,
        118,
        527,
        116,
        527,
        114,
        528,
        114,
        529,
        111,
        529,
        110,
        530,
        109,
        531,
        108,
        532,
        107,
        533,
        106,
        534,
        105,
        535,
        104,
        536,
        103,
        536,
        104,
        536,
        103
      ],
      "tool": "pen",
      "strokeWidth": 3
    }
  ]
}