{
  "id": "mu",
  "shapes": [
    {
      "points": [
        385,
        151,
        386,
        149,
        387,
        149,
        387,
        150,
        388,
        150,
        388,
        151,
        388,
        152,
        388,
        153,
        388,
        154,
        388,
        157,
        388,
        160,
        388,
        163,
        388,
        167,
        388,
        172,
        388,
        177,
        388,
        183,
        388,
        189,
        388,
        194,
        388,
        200,
        388,
        207,
        388,
        213,
        388,
        220,
        388,
        227,
        388,
        236,
        388,
        239,
        388,
        244,
        388,
        249,
        388,
        253,
        388,
        256,
        388,
        259,
        388,
        262,
        388,
        264,
        388,
        267,
        388,
        269,
        388,
        272,
        388,
        274,
        388,
        276,
        388,
        277,
        388,
        279,
        388,
        281,
        388,
        282,
        388,
        283,
        388,
        284,
        388,
        286,
        388,
        287,
        388,
        289,
        388,
        290,
        388,
        289,
        387,
        289,
        388,
        289
      ],
      "tool": "pen",
      "strokeWidth": 3
    },
    {
      "points": [
        384,
        288,
        384,
        289,
        385,
        289,
        386,
        289,
        387,
        289,
        388,
        289,
        390,
        289,
        391,
        289,
        393,
        289,
        396,
        289,
        398,
        289,
        402,
        289,
        406,
        289,
        410,
        289,
        415,
        290,
        417,
        290,
        421,
        290,
        426,
        290,
        428,
        290,
        432,
        290,
        438,
        290,
        441,
        290,
        445,
        290,
        452,
        290,
        454,
        290,
        458,
        291,
        463,
        291,
        465,
        291,
        469,
        291,
        475,
        291,
        478,
        291,
        480,
        291,
        486,
        291,
        489,
        291,
        491,
        291,
        495,
        291,
        498,
        291,
        499,
        291,
        504,
        291,
        506,
        292,
        507,
        292,
        511,
        292,
        513,
        292,
        515,
        292,
        518,
        292,
        520,
        292,
        521,
        292,
        524,
        292,
        525,
        292,
        526,
        292,
        528,
        292,
        529,
        292,
        530,
        292,
        531,
        292,
        532,
        292,
        533,
        292,
        534,
        291,
        534,
        290,
        535,
        290,
        535,
        291,
        535,
        290,
        534,
        290,
        535,
        291
      ],
      "tool": "pen",
      "strokeWidth": 3
    },
    {
      "points": [
        529,
        291,
        528,
        291,
        528,
        292,
        529,
        292,
        530,
        292,
        531,
        292,
        532,
        292,
        533,
        292,
        534,
        292,
        535,
        292,
        536,
        292,
        537,
        292,
        538,
        292,
        539,
        291,
        540,
        291,
        541,
        291,
        542,
        291,
        543,
        291,
        544,
        291,
        545,
        291,
        546,
        290,
        547,
        290,
        548,
        290,
        549,
        290,
        550,
        290,
        551,
        290,
        552,
        290,
        553,
        290,
        554,
        289,
        555,
        289,
        556,
        289,
        557,
        289,
        558,
        289,
        559,
        289,
        560,
        288,
        561,
        288,
        562,
        288,
        563,
        288,
        564,
        288,
        564,
        287,
        565,
        287,
        566,
        287,
        567,
        286,
        568,
        286,
        569,
        285,
        570,
        285,
        571,
        284,
        572,
        284,
        572,
        283,
        573,
        283,
        574,
        283,
        574,
        282,
        575,
        282,
        575,
        281,
        576,
        281,
        576,
        280,
        577,
        280,
        577,
        279,
        578,
        279,
        579,
        278,
        579,
        277,
        580,
        277,
        580,
        276,
        581,
        276,
        582,
        275,
        582,
        274,
        583,
        273,
        583,
        271,
        583,
        270,
        584,
        269,
        584,
        267,
        585,
        266,
        585,
        265,
        585,
        264,
        586,
        263,
        586,
        262,
        586,
        261,
        586,
        260,
        586,
        259,
        586,
        258,
        587,
        256,
        587,
        255,
        587,
        253,
        587,
        252,
        588,
        251,
        588,
        249,
        588,
        248,
        589,
        246,
        589,
        244,
        589,
        243,
        589,
        242,
        590,
        240,
        590,
        239,
        590,
        238,
        590,
        237,
        590,
        236,
        591,
        235,
        591,
        234,
        591,
        233,
        591,
        232,
        591,
        231,
        591,
        230,
        591,
        229,
        591,
        228,
        591,
        227,
        591,
        226,
        591,
        225,
        591,
        224,
        591,
        223,
        591,
        222,
        591,
        220,
        591,
        219,
        591,
        218,
        591,
        217,
        591,
        216,
        591,
        215,
        590,
        214,
        590,
        213,
        590,
        212,
        590,
        211,
        590,
        210,
        590,
        209,
        589,
        207,
        589,
        206,
        589,
        205,
        589,
        204,
        589,
        203,
        589,
        202,
        588,
        201,
        588,
        200,
        588,
        199,
        588,
        198,
        587,
        197,
        587,
        196,
        587,
        194,
        586,
        193,
        586,
        192,
        586,
        191,
        586,
        190,
        585,
        189,
        585,
        188,
        585,
        187,
        584,
        186,
        584,
        185,
        584,
        184,
        583,
        183,
        583,
        182,
        582,
        181,
        582,
        180,
        581,
        179,
        581,
        178,
        580,
        178,
        580,
        177,
        579,
        177,
        579,
        176,
        578,
        175,
        577,
        174,
        576,
        172,
        575,
        172,
        574,
        171,
        573,
        170,
        572,
        169,
        571,
        169,
        571,
        168,
        570,
        168,
        570,
        167,
        568,
        166,
        567,
        165,
        566,
        164,
        565,
        164,
        564,
        164,
        563,
        163,
        562,
        163,
        562,
        162,
        560,
        161,
        559,
        161,
        558,
        161,
        557,
        160,
        556,
        159,
        555,
        159,
        554,
        158,
        553,
        158,
        552,
        157,
        551,
        157,
        550,
        156,
        549,
        156,
        548,
        155,
        547,
        155,
        546,
        155,
        545,
        154,
        544,
        154,
        543,
        154,
        542,
        154,
        541,
        153,
        540,
        153,
        539,
        153,
        538,
        153,
        537,
        153,
        536,
        153,
        535,
        153,
        534,
        153,
        533,
        153,
        532,
        153,
        531,
        153,
        530,
        153,
        529,
        153,
        528,
        153,
        527,
        154,
        526,
        154,
        525,
        154,
        524,
        154,
        523,
        154,
        522,
        154,
        521,
        155,
        520,
        155,
        519,
        155,
        518,
        156,
        517,
        156,
        515,
        157,
        514,
        157,
        513,
        158,
        512,
        158,
        512,
        159,
        511,
        159,
        510,
        160,
        509,
        160,
        508,
        160,
        508,
        161,
        507,
        161,
        506,
        162,
        505,
        162,
        505,
        163,
        504,
        163,
        503,
        164,
        502,
        165,
        501,
        165,
        501,
        166,
        500,
        166,
        500,
        167,
        499,
        168,
        498,
        169,
        498,
        170,
        498,
        171,
        497,
        172,
        497,
        173,
        496,
        174,
        496,
        175,
        496,
        176,
        495,
        177,
        495,
        178,
        495,
        180,
        495,
        181,
        494,
        183,
        494,
        184,
        494,
        185,
        494,
        186,
        493,
        188,
        493,
        189,
        493,
        190,
        493,
        191,
        493,
        192,
        493,
        193,
        493,
        194,
        493,
        195,
        492,
        196,
        492,
        197,
        492,
        198,
        492,
        200,
        492,
        201,
        492,
        203,
        492,
        204,
        492,
        205,
        492,
        207,
        492,
        209,
        492,
        211,
        492,
        212,
        492,
        213,
        492,
        214,
        492,
        215,
        492,
        217,
        492,
        218,
        492,
        219,
        491,
        221,
        491,
        223,
        491,
        225,
        491,
        226,
        491,
        228,
        491,
        229,
        491,
        231,
        491,
        232,
        491,
        233,
        491,
        236,
        491,
        238,
        490,
        238,
        490,
        240,
        490,
        242,
        490,
        244,
        490,
        246,
        490,
        248,
        490,
        249,
        490,
        250,
        490,
        253,
        490,
        254,
        490,
        255,
        489,
        256,
        489,
        257,
        489,
        258,
        489,
        259,
        489,
        260,
        489,
        261,
        489,
        262,
        489,
        264,
        489,
        265,
        489,
        267,
        489,
        268,
        489,
        269,
        489,
        270,
        489,
        271,
        489,
        273,
        489,
        274,
        488,
        275,
        488,
        276,
        488,
        277,
        488,
        279,
        488,
        280,
        488,
        281,
        488,
        282,
        488,
        283,
        488,
        284,
        488,
        285,
        488,
        286,
        488,
        287,
        488,
        289,
        488,
        290,
        488,
        291,
        488,
        292,
        488,
        293,
        488,
        294,
        488,
        297,
        488,
        298,
        488,
        300,
        488,
        301,
        487,
        302,
        487,
        303,
        487,
        304,
        487,
        305,
        487,
        306,
        487,
        307,
        487,
        308,
        487,
        309,
        486,
        310,
        486,
        311,
        486,
        312,
        486,
        313,
        486,
        314,
        486,
        315,
        486,
        316,
        485,
        317,
        485,
        318,
        485,
        319,
        485,
        320,
        484,
        321,
        484,
        322,
        484,
        323,
        483,
        324,
        483,
        325,
        483,
        326,
        482,
        326,
        482,
        327,
        481,
        328,
        480,
        330,
        480,
        331,
        479,
        332,
        478,
        333,
        478,
        334,
        477,
        334,
        477,
        335,
        476,
        336,
        476,
        337,
        475,
        337,
        475,
        338,
        474,
        339,
        474,
        340,
        473,
        340,
        473,
        341,
        472,
        341,
        472,
        342,
        471,
        343,
        470,
        344,
        470,
        345,
        469,
        345,
        469,
        346,
        468,
        346,
        468,
        347,
        467,
        348,
        466,
        348,
        466,
        349,
        465,
        350,
        464,
        351,
        463,
        351,
        463,
        352,
        462,
        352,
        462,
        353,
        461,
        353,
        460,
        353,
        460,
        354,
        459,
        354,
        458,
        355,
        458,
        356,
        456,
        357,
        455,
        358,
        455,
        359,
        454,
        359,
        453,
        359,
        453,
        360,
        452,
        360,
        452,
        361,
        451,
        361,
        450,
        362,
        449,
        362,
        449,
        363,
        448,
        363,
        447,
        364,
        446,
        365,
        445,
        366,
        444,
        366,
        444,
        367,
        443,
        367,
        443,
        368,
        442,
        368,
        441,
        368,
        440,
        369,
        439,
        370,
        438,
        370,
        437,
        370,
        437,
        371,
        436,
        371,
        435,
        371,
        434,
        372,
        433,
        372,
        432,
        373,
        431,
        373,
        430,
        373,
        430,
        374,
        429,
        374,
        427,
        374,
        426,
        375,
        425,
        375,
        424,
        375,
        423,
        376,
        422,
        376,
        421,
        377,
        420,
        377,
        419,
        377,
        418,
        377,
        417,
        377,
        417,
        378,
        416,
        378,
        415,
        378,
        414,
        378,
        413,
        378,
        412,
        378,
        411,
        378,
        410,
        378,
        409,
        378,
        408,
        378,
        407,
        378,
        406,
        378,
        405,
        378,
        404,
        378,
        403,
        378,
        402,
        378,
        401,
        378,
        400,
        378,
        399,
        378,
        398,
        378,
        397,
        378,
        396,
        378,
        395,
        378,
        394,
        378,
        393,
        378,
        393,
        377,
        392,
        377,
        391,
        377,
        390,
        377,
        389,
        377,
        388,
        377,
        387,
        377,
        386,
        377,
        385,
        377,
        384,
        377,
        383,
        377,
        382,
        377,
        382,
        376,
        381,
        376,
        380,
        376,
        379,
        376,
        378,
        376,
        377,
        376,
        376,
        376,
        375,
        376,
        375,
        375,
        374,
        375,
        373,
        375,
        372,
        375,
        371,
        375,
        370,
        375,
        369,
        375,
        368,
        375,
        367,
        374,
        366,
        374,
        365,
        374,
        364,
        374,
        363,
        374,
        362,
        374,
        362,
        373,
        361,
        373,
        360,
        373,
        359,
        373,
        359,
        372,
        358,
        372,
        357,
        372,
        356,
        372,
        355,
        371,
        354,
        371,
        353,
        371,
        353,
        370,
        352,
        370,
        351,
        370,
        351,
        369,
        350,
        369,
        349,
        369,
        347,
        368,
        346,
        367,
        345,
        367,
        344,
        366,
        343,
        366,
        342,
        365,
        341,
        365,
        341,
        364,
        339,
        364,
        338,
        363,
        337,
        362,
        336,
        361,
        335,
        360,
        334,
        360,
        333,
        359,
        333,
        358,
        332,
        358,
        332,
        357,
        331,
        357,
        330,
        356,
        329,
        355,
        328,
        354,
        327,
        354,
        326,
        353,
        324,
        352,
        323,
        351,
        322,
        351,
        321,
        350,
        320,
        349,
        319,
        349,
        319,
        348,
        318,
        347,
        317,
        347,
        316,
        346,
        315,
        345,
        315,
        344,
        314,
        344,
        313,
        343,
        313,
        342,
        312,
        342,
        311,
        341,
        310,
        340,
        310,
        339,
        309,
        338,
        309,
        337,
        308,
        337,
        308,
        336,
        307,
        335,
        306,
        334,
        306,
        333,
        306,
        332,
        305,
        332,
        305,
        331,
        305,
        330,
        304,
        329,
        304,
        328,
        303,
        327,
        303,
        326,
        303,
        325,
        302,
        325,
        302,
        324,
        302,
        323,
        302,
        322,
        301,
        321,
        301,
        320,
        301,
        319,
        300,
        319,
        300,
        318,
        300,
        317,
        300,
        316,
        299,
        315,
        299,
        314,
        299,
        313,
        299,
        312,
        298,
        311,
        298,
        310,
        298,
        309,
        297,
        308,
        297,
        307,
        297,
        306,
        297,
        305,
        297,
        304,
        297,
        303,
        296,
        303,
        296,
        302,
        296,
        301,
        296,
        299,
        295,
        298,
        295,
        297,
        295,
        296,
        295,
        295,
        294,
        294,
        294,
        293,
        294,
        292,
        294,
        291,
        293,
        291,
        293,
        290,
        293,
        289,
        293,
        288,
        292,
        287,
        292,
        286,
        292,
        285,
        292,
        284,
        292,
        283,
        292,
        282,
        292,
        281,
        292,
        280,
        291,
        280,
        291,
        279,
        291,
        278,
        291,
        277,
        291,
        275,
        291,
        274,
        291,
        272,
        291,
        271,
        291,
        269,
        291,
        268,
        291,
        267,
        291,
        266,
        291,
        265,
        291,
        264,
        291,
        263,
        291,
        261,
        292,
        261,
        292,
        260,
        292,
        258,
        292,
        257,
        292,
        256,
        292,
        255,
        292,
        254,
        292,
        252,
        292,
        251,
        292,
        250,
        292,
        249,
        292,
        248,
        292,
        246,
        292,
        245,
        292,
        243,
        293,
        243,
        293,
        241,
        293,
        240,
        293,
        239,
        293,
        238,
        293,
        237,
        293,
        235,
        293,
        234,
        293,
        233,
        294,
        232,
        294,
        230,
        295,
        227,
        295,
        226,
        296,
        225,
        296,
        224,
        297,
        222,
        297,
        221,
        297,
        220,
        297,
        219,
        298,
        218,
        298,
        217,
        299,
        216,
        299,
        214,
        300,
        213,
        300,
        212,
        301,
        211,
        301,
        210,
        301,
        209,
        302,
        207,
        303,
        206,
        303,
        204,
        304,
        203,
        304,
        202,
        305,
        201,
        305,
        200,
        305,
        199,
        306,
        198,
        306,
        197,
        307,
        195,
        308,
        194,
        308,
        193,
        309,
        192,
        310,
        191,
        310,
        190,
        311,
        189,
        311,
        188,
        312,
        187,
        313,
        186,
        314,
        183,
        315,
        182,
        316,
        181,
        317,
        179,
        317,
        178,
        317,
        177,
        318,
        176,
        319,
        175,
        319,
        174,
        320,
        173,
        320,
        172,
        321,
        171,
        321,
        170,
        322,
        169,
        323,
        168,
        324,
        167,
        324,
        166,
        326,
        164,
        326,
        163,
        327,
        163,
        328,
        162,
        328,
        161,
        329,
        161,
        329,
        160,
        330,
        160,
        330,
        159,
        331,
        158,
        331,
        157,
        332,
        157,
        332,
        156,
        332,
        157,
        332,
        158,
        332,
        159,
        332,
        156
      ],
      "tool": "pen",
      "strokeWidth": 3
    }
  ]
}