{
  "id": "ng",
  "shapes": [
    {
      "points": [
        308,
        112,
        307,
        112,
        307,
        113,
        307,
        117,
        307,
        121,
        307,
        126,
        307,
        131,
        307,
        137,
        307,
        143,
        308,
        149,
        308,
        156,
        308,
        162,
        308,
        168,
        308,
        175,
        308,
        182,
        308,
        191,
        308,
        200,
        308,
        208,
        308,
        214,
        308,
        218,
        308,
        222,
        308,
        226,
        308,
        231,
        308,
        236,
        308,
        241,
        308,
        245,
        308,
        250,
        308,
        255,
        308,
        258,
        308,
        261,
        308,
        263,
        308,
        265,
        308,
        267,
        308,
        269,
        308,
        271,
        308,
        274,
        308,
        277,
        308,
        279,
        308,
        280,
        308,
        281,
        309,
        281,
        309,
        282,
        309,
        283,
        309,
        284,
        309,
        285,
        309,
        288,
        309,
        289,
        309,
        288,
        309,
        289
      ],
      "tool": "pen",
      "strokeWidth": 4
    },
    {
      "points": [
        311,
        111,
        311,
        110,
        312,
        110,
        313,
        110,
        316,
        110,
        320,
        110,
        325,
        110,
        330,
        109,
        337,
        109,
        343,
        109,
        349,
        109,
        355,
        109,
        360,
        109,
        365,
        108,
        371,
        108,
        376,
        108,
        383,
        108,
        388,
        108,
        394,
        107,
        399,
        107,
        405,
        107,
        409,
        107,
        414,
        107,
        418,
        107,
        421,
        107,
        424,
        106,
        428,
        106,
        432,
        106,
        438,
        106,
        440,
        106,
        444,
        106,
        450,
        106,
        451,
        106,
        454,
        106,
        459,
        106,
        461,
        105,
        464,
        105,
        470,
        105,
        471,
        105,
        474,
        105,
        477,
        105,
        479,
        105,
        481,
        105,
        483,
        105,
        485,
        105,
        487,
        105,
        488,
        105,
        490,
        104,
        491,
        104,
        492,
        104,
        494,
        104,
        495,
        104,
        496,
        104,
        498,
        104,
        500,
        104,
        502,
        104,
        503,
        104,
        504,
        104,
        505,
        104,
        506,
        104,
        507,
        104,
        508,
        104,
        509,
        104,
        510,
        104,
        511,
        104,
        511,
        105,
        510,
        105,
        511,
        104
      ],
      "tool": "pen",
      "strokeWidth": 4
    },
    {
      "points": [
        421,
        109
      ],
      "tool": "pen",
      "strokeWidth": 4
    },
    {
      "points": [
        420,
        110,
        421,
        110,
        421,
        111,
        421,
        112,
        421,
        113,
        421,
        114,
        421,
        115,
        421,
        116,
        421,
        117,
        421,
        118,
        421,
        119,
        421,
        121,
        421,
        124,
        421,
        127,
        421,
        128,
        421,
        133,
        421,
        137,
        421,
        139,
        421,
        145,
        422,
        149,
        422,
        151,
        422,
        158,
        422,
        163,
        422,
        166,
        423,
        174,
        423,
        180,
        423,
        183,
        423,
        192,
        423,
        198,
        423,
        200,
        424,
        208,
        424,
        213,
        424,
        218,
        424,
        221,
        424,
        224,
        424,
        228,
        425,
        233,
        425,
        238,
        425,
        241,
        425,
        243,
        425,
        246,
        425,
        249,
        425,
        251,
        425,
        253,
        425,
        255,
        425,
        258,
        425,
        259,
        425,
        261,
        425,
        262,
        425,
        264,
        425,
        266,
        425,
        267,
        425,
        268,
        426,
        269,
        426,
        270,
        426,
        271,
        426,
        272,
        426,
        273,
        426,
        274,
        426,
        276,
        426,
        277,
        426,
        278,
        426,
        279,
        426,
        280,
        426,
        283,
        426,
        284,
        426,
        286,
        427,
        288,
        427,
        289,
        427,
        288,
        427,
        287,
        427,
        286,
        427,
        288
      ],
      "tool": "pen",
      "strokeWidth": 4
    },
    {
      "points": [
        424,
        197,
        425,
        196,
        425,
        195,
        426,
        195,
        427,
        194,
        428,
        194,
        428,
        193,
        430,
        192,
        432,
        191,
        433,
        191,
        435,
        189,
        436,
        189,
        436,
        188,
        437,
        188,
        438,
        187,
        439,
        187,
        440,
        186,
        441,
        186,
        442,
        185,
        443,
        185,
        445,
        184,
        446,
        184,
        447,
        183,
        448,
        183,
        449,
        183,
        449,
        182,
        450,
        182,
        451,
        182,
        452,
        181,
        453,
        181,
        454,
        180,
        455,
        180,
        456,
        180,
        457,
        179,
        458,
        179,
        459,
        179,
        460,
        179,
        461,
        179,
        462,
        178,
        463,
        178,
        464,
        178,
        465,
        178,
        467,
        178,
        468,
        177,
        469,
        177,
        470,
        177,
        471,
        177,
        472,
        177,
        473,
        176,
        474,
        176,
        475,
        176,
        476,
        176,
        477,
        176,
        478,
        176,
        479,
        175,
        480,
        175,
        481,
        175,
        482,
        175,
        484,
        175,
        485,
        175,
        486,
        175,
        487,
        175,
        488,
        174,
        489,
        174,
        490,
        174,
        491,
        174,
        492,
        174,
        494,
        174,
        495,
        174,
        496,
        174,
        497,
        174,
        498,
        174,
        499,
        174,
        500,
        175,
        502,
        175,
        503,
        175,
        504,
        175,
        505,
        175,
        506,
        175,
        507,
        175,
        508,
        175,
        509,
        176,
        510,
        176,
        511,
        176,
        512,
        176,
        514,
        176,
        515,
        176,
        516,
        176,
        517,
        176,
        518,
        176,
        519,
        176,
        519,
        177,
        520,
        177,
        521,
        177,
        522,
        178,
        523,
        178,
        524,
        179,
        525,
        179,
        526,
        180,
        527,
        180,
        528,
        181,
        529,
        181,
        530,
        182,
        531,
        183,
        532,
        183,
        533,
        184,
        534,
        185,
        535,
        185,
        536,
        186,
        537,
        186,
        538,
        187,
        538,
        188,
        539,
        188,
        539,
        189,
        540,
        190,
        541,
        191,
        542,
        192,
        543,
        192,
        543,
        193,
        544,
        194,
        544,
        195,
        545,
        195,
        545,
        196,
        546,
        196,
        546,
        197,
        547,
        198,
        547,
        199,
        548,
        199,
        548,
        200,
        548,
        201,
        549,
        202,
        549,
        203,
        549,
        204,
        550,
        205,
        550,
        206,
        550,
        207,
        550,
        208,
        551,
        208,
        551,
        209,
        551,
        210,
        551,
        212,
        552,
        213,
        552,
        214,
        552,
        215,
        552,
        216,
        553,
        217,
        553,
        218,
        553,
        220,
        553,
        221,
        553,
        222,
        553,
        223,
        553,
        224,
        553,
        225,
        553,
        226,
        553,
        227,
        552,
        228,
        552,
        229,
        552,
        230,
        551,
        232,
        551,
        233,
        551,
        234,
        551,
        235,
        550,
        236,
        550,
        237,
        550,
        238,
        549,
        238,
        549,
        240,
        548,
        241,
        548,
        242,
        548,
        243,
        547,
        244,
        547,
        245,
        546,
        246,
        546,
        247,
        545,
        247,
        545,
        249,
        544,
        250,
        543,
        251,
        543,
        252,
        542,
        252,
        541,
        253,
        540,
        254,
        540,
        255,
        539,
        256,
        538,
        257,
        538,
        258,
        537,
        258,
        537,
        259,
        536,
        259,
        536,
        260,
        535,
        261,
        535,
        262,
        534,
        262,
        534,
        263,
        533,
        263,
        533,
        264,
        532,
        265,
        531,
        266,
        530,
        267,
        529,
        268,
        528,
        269,
        527,
        269,
        527,
        270,
        526,
        270,
        526,
        271,
        525,
        271,
        524,
        272,
        523,
        273,
        522,
        273,
        522,
        274,
        521,
        274,
        521,
        275,
        520,
        275,
        519,
        275,
        519,
        276,
        518,
        276,
        518,
        277,
        517,
        277,
        516,
        277,
        515,
        277,
        515,
        278,
        516,
        278,
        516,
        277,
        517,
        277,
        519,
        277,
        520,
        277,
        521,
        277,
        523,
        277,
        525,
        277,
        526,
        277,
        528,
        277,
        530,
        277,
        531,
        277,
        534,
        276,
        536,
        276,
        539,
        276,
        542,
        276,
        545,
        276,
        548,
        276,
        551,
        276,
        554,
        276,
        557,
        276,
        560,
        276,
        563,
        276,
        566,
        276,
        568,
        276,
        571,
        276,
        574,
        276,
        577,
        275,
        581,
        275,
        584,
        275,
        588,
        275,
        593,
        275,
        597,
        275,
        601,
        275,
        605,
        275,
        610,
        275,
        614,
        275,
        618,
        274,
        622,
        274,
        625,
        274,
        629,
        274,
        632,
        274,
        634,
        274,
        637,
        274,
        639,
        274,
        641,
        274,
        643,
        274,
        645,
        274,
        647,
        274,
        649,
        274,
        652,
        274,
        654,
        274,
        656,
        274,
        658,
        274,
        659,
        274,
        660,
        274,
        661,
        274,
        663,
        274,
        664,
        274,
        665,
        274,
        666,
        274,
        667,
        274,
        668,
        274,
        667,
        274
      ],
      "tool": "pen",
      "strokeWidth": 4
    },
    {
      "points": [
        668,
        274,
        667,
        274,
        666,
        273,
        668,
        274
      ],
      "tool": "pen",
      "strokeWidth": 4
    },
    {
      "points": [
        657,
        98,
        659,
        95,
        659,
        94,
        660,
        93,
        660,
        94,
        660,
        95,
        661,
        96,
        661,
        98,
        661,
        99,
        661,
        102,
        661,
        105,
        661,
        108,
        661,
        110,
        661,
        113,
        661,
        117,
        662,
        120,
        662,
        123,
        662,
        126,
        662,
        129,
        662,
        133,
        662,
        137,
        662,
        140,
        663,
        144,
        663,
        147,
        663,
        150,
        663,
        153,
        663,
        156,
        663,
        159,
        663,
        163,
        663,
        167,
        664,
        170,
        664,
        174,
        664,
        177,
        664,
        180,
        664,
        184,
        664,
        187,
        664,
        191,
        664,
        195,
        665,
        200,
        665,
        204,
        665,
        208,
        665,
        212,
        665,
        216,
        665,
        219,
        665,
        223,
        666,
        227,
        666,
        231,
        666,
        235,
        666,
        238,
        666,
        241,
        666,
        244,
        666,
        247,
        666,
        249,
        666,
        251,
        666,
        252,
        666,
        254,
        666,
        255,
        667,
        256,
        667,
        257,
        667,
        259,
        667,
        260,
        667,
        261,
        667,
        262,
        667,
        263,
        667,
        264,
        667,
        265,
        667,
        266,
        667,
        267,
        667,
        268,
        667,
        269,
        667,
        270,
        668,
        270,
        668,
        271,
        668,
        273,
        668,
        274,
        668,
        273,
        667,
        272,
        667,
        271,
        668,
        274
      ],
      "tool": "pen",
      "strokeWidth": 4
    },
    {
      "points": [
        457,
        61,
        457,
        62,
        456,
        62,
        455,
        62,
        455,
        61,
        454,
        61,
        453,
        61,
        452,
        61,
        451,
        61,
        451,
        60,
        450,
        60,
        449,
        60,
        448,
        60,
        448,
        59,
        447,
        59,
        447,
        58,
        446,
        58,
        446,
        57,
        445,
        57,
        445,
        56,
        444,
        56,
        444,
        55,
        443,
        55,
        443,
        54,
        442,
        54,
        442,
        53,
        441,
        52,
        441,
        51,
        441,
        50,
        440,
        50,
        440,
        49,
        440,
        48,
        439,
        47,
        439,
        46,
        439,
        45,
        439,
        44,
        439,
        43,
        439,
        42,
        439,
        41,
        438,
        40,
        438,
        39,
        438,
        38,
        438,
        37,
        438,
        36,
        438,
        35,
        439,
        34,
        439,
        33,
        439,
        32,
        439,
        31,
        440,
        30,
        440,
        29,
        441,
        29,
        441,
        28,
        442,
        27,
        442,
        26,
        443,
        25,
        445,
        24,
        445,
        23,
        446,
        22,
        447,
        22,
        448,
        21,
        449,
        20,
        450,
        20,
        451,
        19,
        452,
        19,
        454,
        18,
        455,
        18,
        456,
        18,
        457,
        18,
        458,
        17,
        459,
        17,
        460,
        17,
        461,
        17,
        462,
        17,
        463,
        17,
        464,
        17,
        465,
        17,
        466,
        17,
        467,
        17,
        468,
        17,
        469,
        17,
        470,
        17,
        471,
        17,
        472,
        17,
        473,
        18,
        474,
        18,
        475,
        18,
        476,
        18,
        476,
        19,
        477,
        19,
        478,
        19,
        479,
        19,
        480,
        20,
        481,
        20,
        482,
        20,
        482,
        21,
        483,
        21,
        484,
        21,
        484,
        22,
        485,
        22,
        485,
        23,
        486,
        23,
        486,
        24,
        487,
        24,
        488,
        25,
        489,
        26,
        489,
        27,
        490,
        27,
        490,
        28,
        491,
        28,
        491,
        29,
        491,
        30,
        492,
        31,
        492,
        32,
        492,
        33,
        492,
        34,
        493,
        34,
        493,
        35,
        493,
        36,
        493,
        37,
        493,
        38,
        493,
        39,
        493,
        40,
        492,
        41,
        492,
        42,
        492,
        43,
        492,
        44,
        491,
        46,
        491,
        47,
        490,
        48,
        490,
        49,
        490,
        50,
        489,
        50,
        489,
        51,
        488,
        52,
        488,
        53,
        488,
        54,
        487,
        55,
        487,
        56,
        486,
        56,
        486,
        57,
        485,
        57,
        484,
        57,
        484,
        58,
        483,
        58,
        482,
        59,
        480,
        59,
        480,
        60,
        479,
        60,
        477,
        61,
        476,
        61,
        475,
        62,
        474,
        62,
        473,
        62,
        471,
        62,
        469,
        63,
        468,
        63,
        466,
        63,
        464,
        63,
        463,
        64,
        462,
        64,
        461,
        64,
        460,
        64,
        458,
        64,
        457,
        64,
        455,
        64,
        454,
        64,
        453,
        64,
        452,
        63,
        451,
        63,
        451,
        62,
        450,
        62
      ],
      "tool": "pen",
      "strokeWidth": 4
    }
  ]
}