{
  "id": "nga",
  "shapes": [
    {
      "points": [
        340,
        162,
        339,
        162,
        339,
        161,
        339,
        162,
        339,
        164,
        339,
        165,
        339,
        166,
        339,
        170,
        339,
        171,
        339,
        174,
        339,
        179,
        339,
        181,
        339,
        185,
        339,
        189,
        339,
        196,
        339,
        199,
        339,
        203,
        339,
        210,
        339,
        212,
        339,
        215,
        339,
        221,
        339,
        222,
        339,
        226,
        338,
        233,
        338,
        236,
        338,
        240,
        338,
        246,
        338,
        247,
        338,
        251,
        338,
        256,
        338,
        259,
        338,
        261,
        338,
        265,
        338,
        268,
        338,
        269,
        338,
        273,
        338,
        276,
        338,
        277,
        338,
        282,
        338,
        284,
        338,
        286,
        338,
        290,
        338,
        293,
        338,
        294,
        337,
        296,
        337,
        298,
        337,
        299,
        337,
        300,
        337,
        301,
        337,
        302,
        337,
        303,
        337,
        304,
        337,
        303,
        336,
        303,
        335,
        303,
        337,
        303
      ],
      "tool": "pen",
      "strokeWidth": 4
    },
    {
      "points": [
        334,
        160,
        335,
        160,
        336,
        160,
        338,
        160,
        339,
        160,
        343,
        160,
        349,
        160,
        352,
        160,
        356,
        160,
        364,
        160,
        366,
        160,
        371,
        160,
        379,
        160,
        382,
        160,
        389,
        160,
        403,
        160,
        408,
        160,
        420,
        160,
        437,
        159,
        443,
        159,
        453,
        159,
        466,
        159,
        473,
        159,
        476,
        159,
        483,
        159,
        487,
        159,
        489,
        159,
        495,
        159,
        498,
        159,
        499,
        159,
        504,
        159,
        507,
        159,
        508,
        159,
        511,
        159,
        513,
        159,
        514,
        159,
        517,
        159,
        519,
        159,
        521,
        159,
        523,
        159,
        525,
        159,
        526,
        159,
        528,
        159,
        530,
        159,
        532,
        159,
        534,
        159,
        536,
        159,
        538,
        159,
        539,
        159,
        540,
        159,
        541,
        159,
        542,
        159,
        543,
        159,
        544,
        159,
        545,
        159,
        546,
        159,
        547,
        159,
        549,
        159,
        551,
        159,
        553,
        159,
        554,
        159,
        555,
        159,
        556,
        159,
        557,
        159,
        558,
        159
      ],
      "tool": "pen",
      "strokeWidth": 4
    },
    {
      "points": [
        458,
        158,
        459,
        158,
        459,
        159,
        459,
        160,
        459,
        163,
        459,
        167,
        459,
        172,
        459,
        180,
        459,
        188,
        459,
        197,
        459,
        206,
        459,
        215,
        459,
        225,
        459,
        234,
        459,
        243,
        459,
        249,
        459,
        254,
        459,
        257,
        459,
        261,
        459,
        265,
        459,
        268,
        459,
        271
      ],
      "tool": "pen",
      "strokeWidth": 4
    },
    {
      "points": [
        459,
        256,
        458,
        256,
        459,
        256,
        459,
        255,
        459,
        254,
        460,
        253,
        460,
        252,
        460,
        251,
        461,
        250,
        462,
        249,
        463,
        247,
        464,
        246,
        465,
        245,
        466,
        244,
        466,
        243,
        468,
        242,
        468,
        241,
        469,
        240,
        469,
        239,
        470,
        239,
        470,
        238,
        471,
        237,
        472,
        237,
        472,
        236,
        473,
        235,
        474,
        234,
        476,
        232,
        478,
        231,
        480,
        229,
        481,
        228,
        482,
        227,
        483,
        227,
        484,
        226,
        485,
        225,
        487,
        224,
        489,
        223,
        490,
        222,
        492,
        221,
        494,
        220,
        495,
        220,
        496,
        219,
        497,
        219,
        499,
        218,
        500,
        218,
        502,
        217,
        504,
        216,
        506,
        215,
        507,
        215,
        508,
        215,
        510,
        214,
        511,
        214,
        512,
        213,
        513,
        213,
        514,
        213,
        515,
        212,
        516,
        212,
        517,
        212,
        518,
        212,
        520,
        212,
        521,
        212,
        523,
        212,
        524,
        212,
        525,
        212,
        526,
        212,
        527,
        212,
        528,
        212,
        529,
        212,
        531,
        212,
        532,
        212,
        533,
        212,
        534,
        213,
        535,
        213,
        536,
        213,
        538,
        213,
        539,
        213,
        540,
        213,
        541,
        213,
        542,
        213,
        543,
        213,
        544,
        214,
        545,
        214,
        546,
        214,
        547,
        215,
        548,
        215,
        549,
        215,
        550,
        216,
        551,
        217,
        553,
        217,
        553,
        218,
        554,
        218,
        555,
        219,
        556,
        219,
        557,
        220,
        558,
        220,
        559,
        221,
        560,
        221,
        561,
        222,
        562,
        222,
        562,
        223,
        563,
        223,
        563,
        224,
        564,
        224,
        565,
        225,
        566,
        226,
        567,
        227,
        568,
        227,
        568,
        228,
        569,
        229,
        570,
        230,
        570,
        231,
        571,
        231,
        571,
        232,
        571,
        233,
        572,
        233,
        572,
        234,
        573,
        234,
        573,
        235,
        573,
        236,
        574,
        237,
        574,
        238,
        574,
        239,
        574,
        240,
        575,
        240,
        575,
        241,
        575,
        242,
        575,
        243,
        575,
        244,
        576,
        245,
        576,
        246,
        576,
        247,
        576,
        248,
        576,
        249,
        576,
        250,
        576,
        251,
        576,
        252,
        576,
        253,
        576,
        254,
        576,
        255,
        576,
        256,
        575,
        257,
        575,
        258,
        575,
        259,
        575,
        260,
        574,
        261,
        574,
        262,
        573,
        263,
        573,
        264,
        573,
        265,
        572,
        266,
        572,
        267,
        571,
        267,
        571,
        268,
        570,
        269,
        570,
        270,
        569,
        271,
        568,
        272,
        567,
        273,
        566,
        274,
        565,
        275,
        564,
        276,
        563,
        278,
        562,
        278,
        561,
        279,
        560,
        280,
        559,
        281,
        558,
        282,
        556,
        283,
        555,
        283,
        555,
        284,
        554,
        284,
        553,
        284,
        553,
        285,
        551,
        286,
        550,
        286,
        550,
        287,
        547,
        288,
        546,
        289,
        545,
        289,
        543,
        290,
        542,
        291,
        541,
        291,
        540,
        292,
        538,
        292,
        538,
        293,
        536,
        293,
        535,
        294,
        534,
        294,
        533,
        295,
        532,
        295,
        531,
        295,
        530,
        296,
        529,
        296,
        528,
        296,
        527,
        297,
        526,
        297,
        524,
        297,
        522,
        298,
        520,
        299,
        518,
        300,
        516,
        300,
        514,
        300,
        513,
        301,
        512,
        301,
        511,
        301,
        510,
        301,
        509,
        301,
        508,
        301,
        507,
        301,
        506,
        301,
        504,
        301,
        503,
        301,
        502,
        301,
        501,
        301,
        500,
        301,
        501,
        301,
        502,
        301,
        503,
        301,
        504,
        301,
        505,
        301,
        506,
        301,
        507,
        301,
        508,
        301,
        509,
        300,
        510,
        300,
        511,
        300,
        512,
        300,
        513,
        300,
        514,
        300,
        515,
        300,
        516,
        300,
        517,
        300,
        518,
        300,
        519,
        300,
        520,
        299,
        521,
        299,
        522,
        299,
        523,
        299,
        524,
        299,
        525,
        299,
        526,
        299,
        527,
        299,
        528,
        299,
        529,
        299,
        530,
        299,
        531,
        299,
        532,
        299,
        533,
        299,
        534,
        299,
        535,
        299,
        537,
        299,
        538,
        299,
        539,
        299,
        540,
        299,
        541,
        299,
        542,
        299,
        543,
        299,
        545,
        299,
        546,
        299,
        547,
        299,
        549,
        299,
        550,
        299,
        551,
        299,
        552,
        299,
        553,
        299,
        555,
        299,
        557,
        299,
        558,
        298,
        559,
        298,
        561,
        298,
        562,
        298,
        564,
        298,
        565,
        298,
        566,
        298,
        567,
        298,
        568,
        298,
        569,
        298,
        572,
        298,
        574,
        298,
        577,
        298,
        579,
        298,
        581,
        298,
        582,
        298,
        583,
        298,
        584,
        298,
        586,
        298,
        588,
        297,
        590,
        297,
        592,
        297,
        593,
        297,
        594,
        297,
        595,
        298,
        596,
        298,
        597,
        298,
        598,
        298,
        600,
        298,
        601,
        298,
        603,
        298,
        604,
        298,
        605,
        298,
        606,
        298,
        607,
        298,
        608,
        298,
        609,
        298,
        610,
        298,
        612,
        298,
        613,
        298,
        614,
        298,
        616,
        299,
        618,
        299,
        619,
        299,
        621,
        299,
        623,
        299,
        624,
        299,
        626,
        299,
        627,
        299,
        628,
        299,
        630,
        299,
        631,
        299,
        633,
        299,
        635,
        299,
        636,
        299,
        638,
        299,
        639,
        299,
        640,
        299,
        642,
        299,
        643,
        299,
        645,
        299,
        646,
        299,
        648,
        299,
        649,
        299,
        651,
        299,
        652,
        299,
        654,
        299,
        655,
        299,
        656,
        299,
        657,
        299,
        658,
        299,
        660,
        299,
        661,
        299,
        662,
        299,
        663,
        299,
        664,
        299,
        663,
        299,
        663,
        298,
        662,
        298,
        663,
        299
      ],
      "tool": "pen",
      "strokeWidth": 4
    },
    {
      "points": [
        665,
        294,
        666,
        294,
        666,
        293,
        666,
        292,
        666,
        290,
        666,
        288,
        666,
        287,
        666,
        284,
        665,
        280,
        665,
        278,
        665,
        271,
        665,
        267,
        665,
        264,
        665,
        258,
        665,
        253,
        665,
        251,
        665,
        245,
        665,
        240,
        665,
        237,
        665,
        228,
        665,
        223,
        665,
        218,
        665,
        213,
        665,
        209,
        665,
        204,
        665,
        199,
        665,
        194,
        665,
        189,
        665,
        185,
        665,
        181,
        665,
        178,
        665,
        175,
        666,
        173,
        666,
        170,
        666,
        168,
        666,
        166,
        666,
        164,
        666,
        162,
        666,
        161,
        667,
        161,
        667,
        162,
        666,
        162,
        665,
        163,
        667,
        161
      ],
      "tool": "pen",
      "strokeWidth": 4
    }
  ]
}