{
  "id": "ngaa",
  "shapes": [
    {
      "points": [
        367,
        169,
        367,
        167,
        367,
        166,
        367,
        168,
        367,
        172,
        368,
        175,
        368,
        177,
        368,
        182,
        368,
        190,
        368,
        194,
        368,
        201,
        369,
        212,
        369,
        219,
        369,
        223,
        370,
        233,
        370,
        240,
        370,
        243,
        370,
        252,
        370,
        257,
        370,
        259,
        370,
        264,
        370,
        266,
        370,
        268,
        371,
        269,
        371,
        271,
        371,
        273,
        371,
        275,
        371,
        276,
        371,
        277,
        371,
        278,
        371,
        279,
        371,
        281,
        371,
        283,
        370,
        283,
        369,
        283,
        371,
        283
      ],
      "tool": "pen",
      "strokeWidth": 4
    },
    {
      "points": [
        366,
        168,
        365,
        168,
        365,
        169,
        366,
        169,
        367,
        169,
        369,
        169,
        372,
        169,
        376,
        169,
        382,
        168,
        388,
        168,
        396,
        168,
        401,
        168,
        415,
        167,
        425,
        167,
        435,
        167,
        444,
        166,
        452,
        166,
        457,
        166,
        468,
        166,
        475,
        165,
        481,
        165,
        487,
        165,
        492,
        165,
        496,
        165,
        499,
        165,
        501,
        164,
        503,
        164,
        505,
        164,
        508,
        164,
        510,
        164,
        513,
        164,
        515,
        164,
        517,
        164,
        519,
        164,
        521,
        164,
        522,
        164,
        523,
        164,
        524,
        164,
        525,
        164,
        526,
        164,
        525,
        164,
        524,
        164,
        526,
        164
      ],
      "tool": "pen",
      "strokeWidth": 4
    },
    {
      "points": [
        457,
        165,
        458,
        165,
        458,
        167,
        458,
        168,
        458,
        169,
        458,
        172,
        458,
        175,
        459,
        180,
        459,
        185,
        459,
        192,
        460,
        200,
        461,
        209,
        461,
        218,
        462,
        227,
        462,
        236,
        462,
        243,
        463,
        250,
        463,
        256,
        463,
        261,
        464,
        266,
        464,
        270,
        464,
        272,
        464,
        274,
        464,
        275,
        464,
        276,
        464,
        277,
        464,
        278,
        465,
        279,
        465,
        281,
        465,
        282,
        465,
        283,
        465,
        282,
        465,
        281,
        465,
        280,
        465,
        283
      ],
      "tool": "pen",
      "strokeWidth": 4
    },
    {
      "points": [
        459,
        239,
        460,
        238,
        460,
        237,
        460,
        236,
        461,
        235,
        461,
        234,
        461,
        233,
        462,
        232,
        462,
        231,
        463,
        229,
        464,
        228,
        465,
        227,
        466,
        225,
        467,
        224,
        468,
        223,
        469,
        222,
        470,
        220,
        471,
        219,
        473,
        218,
        473,
        217,
        474,
        216,
        475,
        215,
        476,
        214,
        477,
        213,
        478,
        212,
        480,
        211,
        481,
        210,
        482,
        210,
        485,
        208,
        486,
        207,
        488,
        206,
        490,
        205,
        492,
        204,
        493,
        204,
        494,
        203,
        495,
        203,
        497,
        202,
        500,
        202,
        503,
        200,
        504,
        200,
        506,
        200,
        508,
        199,
        510,
        199,
        511,
        199,
        513,
        199,
        516,
        198,
        517,
        198,
        519,
        198,
        522,
        198,
        523,
        198,
        525,
        198,
        527,
        198,
        528,
        198,
        530,
        199,
        531,
        199,
        532,
        199,
        534,
        200,
        535,
        200,
        536,
        201,
        537,
        201,
        537,
        202,
        539,
        202,
        541,
        203,
        543,
        204,
        545,
        205,
        547,
        206,
        548,
        206,
        548,
        207,
        549,
        207,
        550,
        208,
        551,
        209,
        552,
        210,
        553,
        210,
        554,
        211,
        554,
        212,
        555,
        213,
        556,
        213,
        556,
        214,
        557,
        215,
        557,
        216,
        558,
        217,
        558,
        218,
        558,
        219,
        559,
        220,
        559,
        221,
        559,
        222,
        560,
        222,
        560,
        223,
        560,
        224,
        560,
        225,
        560,
        226,
        560,
        227,
        560,
        228,
        560,
        229,
        560,
        230,
        560,
        231,
        560,
        232,
        560,
        234,
        560,
        235,
        560,
        236,
        560,
        237,
        559,
        239,
        558,
        241,
        558,
        243,
        557,
        244,
        556,
        246,
        556,
        247,
        555,
        248,
        554,
        250,
        553,
        251,
        552,
        252,
        551,
        253,
        550,
        254,
        549,
        256,
        548,
        256,
        547,
        257,
        546,
        258,
        544,
        260,
        543,
        260,
        541,
        262,
        537,
        264,
        536,
        265,
        535,
        265,
        533,
        266,
        532,
        267,
        529,
        268,
        527,
        269,
        526,
        269,
        524,
        270,
        521,
        271,
        520,
        272,
        518,
        273,
        516,
        274,
        515,
        274,
        514,
        274,
        512,
        275,
        510,
        275,
        507,
        276,
        505,
        276,
        504,
        276,
        502,
        277,
        501,
        277,
        500,
        277,
        501,
        277,
        502,
        277,
        502,
        276,
        503,
        276,
        505,
        276,
        508,
        276,
        511,
        276,
        515,
        276,
        519,
        276,
        523,
        275,
        528,
        275,
        532,
        275,
        537,
        275,
        542,
        275,
        548,
        275,
        553,
        274,
        561,
        274,
        564,
        274,
        570,
        274,
        578,
        274,
        581,
        273,
        586,
        273,
        590,
        273,
        594,
        273,
        597,
        273,
        604,
        273,
        606,
        273,
        610,
        272,
        614,
        272,
        616,
        272,
        618,
        272,
        619,
        272,
        620,
        272,
        619,
        272,
        619,
        273,
        618,
        273,
        618,
        272,
        618,
        270,
        618,
        267,
        618,
        266,
        617,
        261,
        617,
        257,
        617,
        254,
        617,
        250,
        616,
        247,
        616,
        244,
        616,
        242,
        616,
        239,
        615,
        235,
        615,
        230,
        615,
        225,
        615,
        220,
        614,
        216,
        614,
        214,
        614,
        211,
        614,
        210,
        614,
        208,
        614,
        207,
        614,
        205,
        614,
        202,
        614,
        198,
        614,
        195,
        614,
        191,
        614,
        189,
        613,
        188,
        613,
        186,
        613,
        184,
        613,
        182,
        613,
        180,
        613,
        177,
        613,
        173,
        613,
        170,
        612,
        167,
        612,
        165,
        612,
        164,
        612,
        163,
        612,
        162,
        612,
        161,
        612,
        160,
        612,
        159,
        612,
        162,
        611,
        163
      ],
      "tool": "pen",
      "strokeWidth": 4
    },
    {
      "points": [
        674,
        164,
        674,
        162,
        675,
        162,
        675,
        163,
        675,
        164,
        675,
        166,
        675,
        169,
        675,
        171,
        675,
        177,
        675,
        182,
        675,
        187,
        675,
        194,
        676,
        200,
        676,
        207,
        676,
        213,
        676,
        219,
        677,
        225,
        677,
        231,
        677,
        235,
        677,
        238,
        677,
        241,
        677,
        245,
        677,
        248,
        677,
        251,
        677,
        254,
        677,
        257,
        677,
        259,
        677,
        261,
        678,
        263,
        678,
        265,
        678,
        266,
        678,
        267,
        678,
        268,
        678,
        269,
        678,
        270,
        678,
        271,
        678,
        273,
        678,
        276,
        678,
        277,
        678,
        278,
        678,
        279,
        678,
        278,
        678,
        279
      ],
      "tool": "pen",
      "strokeWidth": 4
    },
    {
      "points": [
        671,
        160,
        671,
        161,
        672,
        161,
        673,
        161,
        674,
        161,
        678,
        161,
        681,
        161,
        686,
        161,
        692,
        161,
        699,
        160,
        706,
        160,
        714,
        160,
        721,
        160,
        728,
        159,
        735,
        159,
        742,
        159,
        749,
        159,
        756,
        159,
        762,
        159,
        768,
        158,
        773,
        158,
        777,
        158,
        781,
        158,
        784,
        158,
        787,
        158,
        790,
        158,
        792,
        158,
        794,
        158,
        796,
        158,
        798,
        158,
        799,
        158,
        800,
        158,
        801,
        158,
        802,
        157,
        803,
        157,
        804,
        157,
        806,
        157,
        808,
        157,
        809,
        157,
        810,
        157,
        811,
        157,
        812,
        157,
        813,
        157,
        814,
        157,
        815,
        157,
        816,
        157,
        816,
        158,
        815,
        158,
        813,
        159,
        816,
        157
      ],
      "tool": "pen",
      "strokeWidth": 4
    },
    {
      "points": [
        767,
        159,
        767,
        160,
        767,
        163,
        767,
        165,
        767,
        173,
        767,
        181,
        768,
        189,
        768,
        198,
        769,
        207,
        769,
        215,
        770,
        223,
        770,
        230,
        770,
        237,
        770,
        243,
        771,
        248,
        771,
        253,
        771,
        254,
        771,
        259,
        771,
        262,
        771,
        263,
        771,
        264,
        771,
        265,
        771,
        266,
        771,
        267,
        771,
        268,
        771,
        269,
        771,
        270,
        772,
        270,
        772,
        271,
        772,
        272,
        772,
        273,
        772,
        274,
        772,
        275,
        772,
        276,
        773,
        276,
        773,
        275,
        773,
        276
      ],
      "tool": "pen",
      "strokeWidth": 4
    }
  ]
}