{
  "id": "ngee",
  "shapes": [
    {
      "points": [
        332,
        179,
        329,
        178,
        329,
        179,
        329,
        180,
        329,
        183,
        329,
        185,
        329,
        193,
        329,
        200,
        329,
        208,
        329,
        217,
        329,
        226,
        329,
        235,
        329,
        243,
        329,
        252,
        329,
        260,
        329,
        268,
        329,
        276,
        329,
        284,
        329,
        291,
        329,
        296,
        329,
        301,
        329,
        304,
        329,
        307,
        329,
        309,
        329,
        311,
        329,
        313,
        329,
        314,
        329,
        315,
        329,
        316,
        329,
        318,
        329,
        319,
        329,
        320,
        329,
        321,
        329,
        320,
        329,
        319,
        328,
        316
      ],
      "tool": "pen",
      "strokeWidth": 3
    },
    {
      "points": [
        328,
        179,
        327,
        179,
        326,
        179,
        327,
        179,
        329,
        179,
        330,
        179,
        333,
        179,
        335,
        179,
        339,
        179,
        343,
        179,
        347,
        179,
        351,
        179,
        356,
        179,
        361,
        179,
        367,
        179,
        372,
        179,
        379,
        179,
        385,
        179,
        391,
        179,
        398,
        179,
        404,
        179,
        410,
        179,
        415,
        179,
        419,
        179,
        423,
        180,
        427,
        180,
        430,
        180,
        434,
        180,
        437,
        180,
        441,
        180,
        445,
        180,
        447,
        180,
        449,
        180,
        450,
        180,
        452,
        180,
        453,
        180,
        455,
        180,
        456,
        180,
        457,
        180,
        458,
        180,
        459,
        180,
        460,
        180,
        461,
        180,
        462,
        180,
        463,
        180,
        464,
        180,
        465,
        180,
        466,
        180,
        467,
        180,
        468,
        180
      ],
      "tool": "pen",
      "strokeWidth": 3
    },
    {
      "points": [
        411,
        176,
        411,
        177,
        411,
        178,
        411,
        180,
        411,
        183,
        411,
        187,
        411,
        192,
        412,
        198,
        412,
        203,
        412,
        208,
        412,
        213,
        412,
        219,
        413,
        224,
        413,
        229,
        413,
        234,
        413,
        238,
        413,
        243,
        413,
        247,
        413,
        250,
        414,
        253,
        414,
        255,
        414,
        257,
        414,
        259,
        414,
        261,
        414,
        263,
        414,
        265,
        414,
        267,
        414,
        269,
        414,
        270,
        414,
        271,
        414,
        272,
        414,
        273,
        414,
        274,
        414,
        275,
        414,
        276,
        414,
        277,
        414,
        278,
        414,
        279,
        413,
        280,
        414,
        279
      ],
      "tool": "pen",
      "strokeWidth": 3
    },
    {
      "points": [
        413,
        259,
        413,
        258,
        413,
        257,
        413,
        256,
        414,
        256,
        414,
        255,
        414,
        254,
        415,
        254,
        416,
        252,
        417,
        251,
        418,
        251,
        419,
        249,
        420,
        248,
        420,
        247,
        421,
        246,
        422,
        246,
        423,
        245,
        423,
        244,
        425,
        243,
        427,
        241,
        428,
        241,
        430,
        239,
        431,
        239,
        431,
        238,
        432,
        237,
        433,
        237,
        435,
        236,
        436,
        235,
        438,
        234,
        440,
        234,
        441,
        233,
        443,
        232,
        445,
        232,
        447,
        231,
        448,
        231,
        449,
        230,
        450,
        230,
        451,
        230,
        452,
        230,
        454,
        230,
        457,
        230,
        458,
        229,
        460,
        229,
        462,
        229,
        464,
        229,
        465,
        229,
        466,
        229,
        467,
        229,
        469,
        229,
        470,
        229,
        472,
        230,
        474,
        230,
        475,
        230,
        477,
        230,
        478,
        230,
        478,
        231,
        479,
        231,
        480,
        231,
        481,
        232,
        483,
        233,
        484,
        234,
        485,
        235,
        487,
        236,
        487,
        237,
        488,
        237,
        489,
        238,
        490,
        239,
        491,
        239,
        491,
        240,
        492,
        241,
        493,
        242,
        494,
        243,
        495,
        244,
        496,
        246,
        497,
        246,
        497,
        247,
        498,
        248,
        499,
        249,
        499,
        250,
        500,
        250,
        500,
        251,
        501,
        253,
        502,
        254,
        502,
        256,
        502,
        257,
        503,
        258,
        503,
        259,
        504,
        260,
        504,
        261,
        504,
        263,
        504,
        264,
        505,
        265,
        505,
        266,
        505,
        267,
        505,
        269,
        505,
        270,
        505,
        272,
        505,
        273,
        505,
        274,
        505,
        276,
        505,
        278,
        504,
        280,
        504,
        281,
        504,
        282,
        504,
        283,
        504,
        284,
        503,
        285,
        503,
        286,
        503,
        287,
        503,
        289,
        503,
        290,
        502,
        292,
        502,
        293,
        502,
        294,
        501,
        294,
        501,
        296,
        501,
        297,
        500,
        297,
        500,
        298,
        499,
        299,
        499,
        300,
        498,
        301,
        498,
        302,
        497,
        302,
        497,
        303,
        496,
        303,
        496,
        304,
        495,
        305,
        494,
        305,
        494,
        306,
        493,
        307,
        492,
        308,
        491,
        309,
        490,
        309,
        490,
        310,
        489,
        310,
        489,
        311,
        488,
        311,
        488,
        312,
        487,
        312,
        486,
        313,
        487,
        313,
        487,
        312,
        487,
        311,
        487,
        313
      ],
      "tool": "pen",
      "strokeWidth": 3
    },
    {
      "points": [
        408,
        318,
        407,
        317,
        407,
        316,
        407,
        315,
        406,
        315,
        406,
        314,
        407,
        314,
        407,
        313,
        408,
        313,
        409,
        313,
        410,
        313,
        411,
        313,
        412,
        313,
        413,
        313,
        415,
        313,
        416,
        313,
        417,
        313,
        418,
        313,
        419,
        313,
        423,
        313,
        427,
        313,
        429,
        313,
        434,
        313,
        439,
        313,
        441,
        313,
        449,
        313,
        453,
        313,
        456,
        313,
        461,
        313,
        470,
        312,
        477,
        312,
        480,
        312,
        489,
        312,
        494,
        312,
        496,
        312,
        503,
        312,
        509,
        312,
        512,
        312,
        519,
        312,
        524,
        312,
        525,
        312,
        531,
        312,
        535,
        312,
        537,
        312,
        543,
        312,
        547,
        312,
        549,
        312,
        555,
        312,
        558,
        312,
        560,
        312,
        563,
        312,
        566,
        312,
        567,
        312,
        568,
        312,
        569,
        312,
        570,
        312,
        571,
        311,
        572,
        311,
        573,
        311,
        574,
        311,
        575,
        311,
        576,
        311,
        577,
        311,
        578,
        311,
        579,
        311,
        580,
        311,
        581,
        311,
        582,
        311,
        583,
        311,
        584,
        311,
        584,
        312,
        583,
        312,
        584,
        312
      ],
      "tool": "pen",
      "strokeWidth": 3
    },
    {
      "points": [
        581,
        176,
        581,
        175,
        582,
        175,
        582,
        174,
        581,
        174,
        581,
        175,
        581,
        177,
        581,
        179,
        581,
        180,
        581,
        183,
        581,
        189,
        582,
        192,
        582,
        200,
        582,
        212,
        582,
        220,
        583,
        223,
        583,
        233,
        583,
        239,
        583,
        242,
        583,
        250,
        583,
        256,
        583,
        259,
        584,
        268,
        584,
        274,
        584,
        277,
        584,
        283,
        584,
        287,
        584,
        289,
        584,
        293,
        584,
        295,
        584,
        297,
        584,
        300,
        584,
        302,
        585,
        305,
        585,
        308,
        585,
        310,
        585,
        311,
        585,
        312,
        585,
        311
      ],
      "tool": "pen",
      "strokeWidth": 3
    },
    {
      "points": [
        580,
        201,
        580,
        202,
        579,
        202,
        578,
        202,
        577,
        202,
        576,
        202,
        575,
        202,
        574,
        202,
        573,
        202,
        572,
        202,
        571,
        202,
        570,
        201,
        569,
        201,
        568,
        201,
        567,
        201,
        566,
        201,
        565,
        201,
        564,
        201,
        563,
        201,
        562,
        202,
        561,
        202,
        560,
        202,
        559,
        202,
        558,
        202,
        557,
        202,
        556,
        203,
        555,
        203,
        554,
        203,
        553,
        203,
        552,
        203,
        551,
        203,
        550,
        203,
        549,
        203,
        548,
        203,
        547,
        203,
        546,
        203,
        544,
        202,
        542,
        202,
        541,
        202,
        540,
        202,
        539,
        202,
        538,
        202,
        537,
        201,
        536,
        201,
        535,
        201,
        534,
        201,
        533,
        201,
        533,
        200,
        532,
        200,
        531,
        200,
        530,
        199,
        529,
        199,
        528,
        199,
        527,
        199,
        526,
        198,
        525,
        198,
        524,
        198,
        524,
        197,
        523,
        197,
        522,
        197,
        521,
        196,
        520,
        196,
        519,
        195,
        518,
        195,
        518,
        194,
        517,
        194,
        516,
        193,
        515,
        193,
        515,
        192,
        514,
        192,
        513,
        191,
        513,
        190,
        512,
        189,
        511,
        188,
        510,
        187,
        509,
        187,
        508,
        186,
        507,
        185,
        506,
        184,
        506,
        183,
        505,
        182,
        504,
        181,
        503,
        180,
        502,
        179,
        502,
        178,
        502,
        177,
        501,
        177,
        501,
        176,
        500,
        175,
        500,
        174,
        499,
        173,
        499,
        172,
        498,
        171,
        498,
        170,
        497,
        169,
        497,
        168,
        497,
        167,
        496,
        166,
        496,
        165,
        496,
        164,
        496,
        163,
        496,
        162,
        495,
        161,
        495,
        160,
        495,
        159,
        495,
        158,
        495,
        157,
        495,
        156,
        495,
        155,
        495,
        153,
        495,
        152,
        495,
        151,
        495,
        150,
        495,
        149,
        495,
        148,
        495,
        147,
        495,
        146,
        495,
        145,
        495,
        143,
        495,
        142,
        495,
        141,
        496,
        139,
        496,
        138,
        496,
        137,
        497,
        136,
        497,
        135,
        497,
        133,
        498,
        132,
        498,
        131,
        498,
        130,
        499,
        129,
        499,
        128,
        500,
        128,
        500,
        127,
        501,
        125,
        502,
        124,
        503,
        123,
        503,
        122,
        504,
        122,
        504,
        121,
        505,
        120,
        506,
        119,
        506,
        118,
        507,
        117,
        508,
        116,
        509,
        116,
        509,
        115,
        510,
        115,
        510,
        114,
        511,
        114,
        512,
        113,
        513,
        112,
        514,
        111,
        515,
        110,
        516,
        110,
        516,
        109,
        517,
        109,
        518,
        108,
        518,
        107,
        519,
        107,
        521,
        106,
        523,
        104,
        524,
        104,
        525,
        103,
        527,
        102,
        529,
        101,
        530,
        100,
        531,
        100,
        532,
        99,
        533,
        99,
        534,
        99,
        534,
        98,
        535,
        98,
        536,
        98,
        539,
        97,
        542,
        97,
        545,
        96,
        546,
        95,
        548,
        95,
        550,
        95,
        551,
        94,
        552,
        94,
        553,
        94,
        555,
        94,
        556,
        94,
        557,
        94,
        558,
        94,
        559,
        94,
        561,
        94,
        562,
        94,
        563,
        94,
        564,
        94,
        565,
        94,
        566,
        94,
        567,
        94,
        568,
        94,
        569,
        94,
        570,
        94,
        571,
        94,
        573,
        94,
        574,
        94,
        576,
        94,
        577,
        94,
        578,
        95,
        579,
        95,
        580,
        95,
        581,
        95,
        582,
        96,
        583,
        96,
        584,
        96,
        585,
        96,
        586,
        96,
        587,
        97,
        588,
        97,
        589,
        97,
        590,
        97,
        590,
        98,
        591,
        98,
        592,
        99,
        593,
        99,
        594,
        100,
        595,
        100,
        596,
        101,
        597,
        101,
        598,
        102,
        599,
        103,
        600,
        103,
        601,
        104,
        602,
        104,
        602,
        105,
        603,
        106,
        604,
        106,
        605,
        107,
        605,
        108,
        606,
        108,
        606,
        109,
        607,
        110,
        608,
        112,
        608,
        113,
        608,
        114,
        609,
        115,
        609,
        117,
        609,
        118,
        609,
        119,
        610,
        120,
        610,
        121,
        610,
        122,
        610,
        124,
        610,
        126,
        610,
        127,
        610,
        128,
        609,
        128,
        609,
        129,
        609,
        130,
        609,
        131,
        609,
        132,
        608,
        133,
        608,
        134,
        608,
        135,
        607,
        136,
        607,
        137,
        606,
        138,
        606,
        139,
        605,
        140,
        605,
        141,
        604,
        141,
        603,
        142,
        602,
        142,
        602,
        143,
        601,
        143,
        600,
        144,
        599,
        144,
        598,
        145,
        597,
        145,
        595,
        146,
        594,
        146,
        593,
        146,
        593,
        147,
        592,
        147,
        591,
        147,
        590,
        147,
        589,
        148,
        588,
        148,
        587,
        148,
        586,
        148,
        585,
        148,
        584,
        148,
        583,
        148,
        582,
        148,
        581,
        149,
        580,
        149,
        579,
        149,
        578,
        149,
        576,
        149,
        575,
        149,
        574,
        149,
        572,
        148,
        571,
        148,
        570,
        148,
        569,
        148,
        568,
        148,
        567,
        148,
        566,
        147,
        565,
        147,
        565,
        146,
        563,
        146,
        562,
        145,
        561,
        145,
        560,
        145,
        560,
        144,
        559,
        144,
        558,
        143,
        557,
        143,
        556,
        141,
        555,
        140,
        554,
        140,
        553,
        138,
        552,
        138,
        551,
        137,
        551,
        135,
        550,
        134,
        549,
        133,
        549,
        132,
        549,
        131,
        548,
        131,
        548,
        130,
        548,
        128,
        548,
        127,
        547,
        125,
        547,
        124,
        547,
        123,
        547,
        122,
        547,
        120,
        547,
        118,
        547,
        117,
        548,
        116,
        548,
        115,
        548,
        114,
        549,
        112,
        550,
        110,
        550,
        109,
        551,
        108,
        551,
        107,
        551,
        106,
        552,
        105,
        552,
        104,
        553,
        104,
        553,
        103,
        554,
        103,
        554,
        102,
        555,
        102,
        555,
        103,
        554,
        103,
        553,
        106,
        552,
        108
      ],
      "tool": "pen",
      "strokeWidth": 3
    }
  ]
}