{
  "id": "ngi",
  "shapes": [
    {
      "points": [
        345,
        164,
        349,
        162,
        349,
        163,
        349,
        164,
        349,
        165,
        349,
        166,
        349,
        168,
        349,
        171,
        349,
        174,
        349,
        178,
        349,
        181,
        350,
        185,
        350,
        189,
        350,
        194,
        350,
        198,
        350,
        203,
        350,
        207,
        350,
        212,
        350,
        216,
        350,
        221,
        350,
        225,
        350,
        228,
        350,
        230,
        350,
        233,
        350,
        236,
        351,
        240,
        351,
        243,
        351,
        247,
        351,
        251,
        351,
        254,
        351,
        258,
        351,
        261,
        351,
        264,
        351,
        267,
        351,
        269,
        351,
        272,
        351,
        274,
        351,
        277,
        351,
        280,
        351,
        282,
        351,
        284,
        351,
        285,
        351,
        286,
        351,
        287,
        351,
        288,
        351,
        289,
        351,
        290,
        351,
        291,
        351,
        292,
        351,
        293,
        351,
        295,
        351,
        296,
        351,
        297,
        351,
        298,
        351,
        299,
        351,
        300,
        351,
        301,
        351,
        300,
        351,
        299,
        351,
        301
      ],
      "tool": "pen",
      "strokeWidth": 3
    },
    {
      "points": [
        348,
        163,
        346,
        163,
        347,
        163,
        348,
        163,
        350,
        163,
        351,
        163,
        354,
        163,
        358,
        163,
        363,
        163,
        369,
        163,
        375,
        162,
        381,
        162,
        387,
        162,
        393,
        162,
        399,
        162,
        404,
        162,
        409,
        162,
        413,
        162,
        420,
        161,
        422,
        161,
        426,
        161,
        432,
        161,
        434,
        161,
        438,
        161,
        443,
        161,
        445,
        161,
        450,
        161,
        455,
        161,
        457,
        161,
        459,
        161,
        462,
        160,
        463,
        160,
        464,
        160,
        466,
        160,
        468,
        160,
        469,
        160,
        471,
        160,
        474,
        160,
        475,
        160,
        477,
        160,
        478,
        160,
        479,
        160,
        481,
        160,
        482,
        160,
        483,
        160,
        484,
        160,
        485,
        160,
        486,
        160,
        487,
        160,
        489,
        160,
        490,
        160,
        491,
        160,
        492,
        160,
        493,
        160,
        495,
        160,
        496,
        160,
        497,
        160,
        496,
        160,
        497,
        160
      ],
      "tool": "pen",
      "strokeWidth": 3
    },
    {
      "points": [
        430,
        164,
        429,
        163,
        428,
        163,
        428,
        162,
        427,
        162,
        427,
        163,
        427,
        164,
        427,
        165,
        427,
        166,
        427,
        167,
        427,
        168,
        427,
        170,
        427,
        171,
        428,
        174,
        428,
        176,
        428,
        179,
        428,
        183,
        428,
        187,
        428,
        191,
        428,
        194,
        429,
        198,
        429,
        201,
        429,
        205,
        429,
        209,
        429,
        214,
        429,
        218,
        429,
        223,
        429,
        226,
        429,
        230,
        430,
        233,
        430,
        236,
        430,
        238,
        430,
        240,
        430,
        242,
        430,
        243,
        430,
        244,
        430,
        246,
        430,
        247,
        430,
        248,
        430,
        249,
        430,
        250,
        430,
        251,
        430,
        253,
        430,
        254,
        430,
        255,
        430,
        256,
        430,
        257,
        431,
        258,
        431,
        260,
        431,
        261,
        430,
        261,
        428,
        261,
        431,
        261
      ],
      "tool": "pen",
      "strokeWidth": 3
    },
    {
      "points": [
        428,
        235,
        429,
        236
      ],
      "tool": "pen",
      "strokeWidth": 3
    },
    {
      "points": [
        429,
        241,
        430,
        242,
        430,
        241,
        430,
        240,
        430,
        239,
        430,
        238,
        430,
        237,
        431,
        236,
        431,
        235,
        431,
        234,
        432,
        233,
        432,
        232,
        432,
        231,
        433,
        231,
        433,
        230,
        434,
        229,
        434,
        228,
        435,
        228,
        435,
        227,
        436,
        226,
        437,
        225,
        438,
        224,
        438,
        223,
        439,
        223,
        440,
        221,
        441,
        221,
        442,
        220,
        443,
        219,
        444,
        218,
        445,
        218,
        446,
        217,
        447,
        216,
        448,
        216,
        449,
        215,
        450,
        215,
        452,
        214,
        455,
        213,
        457,
        212,
        458,
        211,
        459,
        211,
        460,
        211,
        460,
        210,
        461,
        210,
        462,
        210,
        463,
        210,
        464,
        209,
        466,
        209,
        468,
        208,
        470,
        208,
        472,
        207,
        474,
        207,
        475,
        207,
        476,
        207,
        477,
        206,
        480,
        206,
        481,
        206,
        482,
        206,
        484,
        206,
        485,
        206,
        486,
        206,
        487,
        206,
        489,
        206,
        490,
        206,
        491,
        206,
        492,
        206,
        493,
        206,
        494,
        206,
        497,
        206,
        498,
        206,
        499,
        206,
        500,
        206,
        501,
        207,
        503,
        207,
        504,
        207,
        506,
        208,
        507,
        208,
        508,
        208,
        508,
        209,
        509,
        209,
        509,
        210,
        510,
        210,
        511,
        211,
        512,
        211,
        513,
        212,
        514,
        213,
        516,
        214,
        517,
        215,
        518,
        216,
        519,
        216,
        520,
        217,
        520,
        218,
        521,
        218,
        522,
        219,
        522,
        220,
        523,
        220,
        523,
        221,
        524,
        222,
        525,
        223,
        525,
        224,
        526,
        225,
        527,
        226,
        527,
        227,
        528,
        227,
        528,
        228,
        529,
        229,
        529,
        230,
        529,
        231,
        530,
        232,
        530,
        233,
        530,
        234,
        530,
        235,
        530,
        236,
        530,
        237,
        530,
        238,
        530,
        239,
        530,
        240,
        530,
        241,
        530,
        242,
        530,
        243,
        530,
        244,
        530,
        245,
        530,
        246,
        530,
        247,
        530,
        248,
        530,
        249,
        529,
        251,
        529,
        252,
        529,
        254,
        528,
        255,
        528,
        256,
        527,
        258,
        526,
        259,
        526,
        260,
        526,
        261,
        525,
        262,
        525,
        263,
        524,
        264,
        524,
        265,
        523,
        266,
        522,
        268,
        522,
        269,
        521,
        270,
        520,
        272,
        519,
        274,
        517,
        276,
        517,
        277,
        516,
        278,
        515,
        279,
        515,
        280,
        514,
        281,
        513,
        282,
        511,
        284,
        511,
        285,
        510,
        285,
        509,
        286,
        508,
        287,
        507,
        288,
        505,
        289,
        504,
        290,
        503,
        291,
        502,
        291,
        501,
        292,
        500,
        292,
        500,
        293,
        501,
        293,
        501,
        292,
        501,
        291,
        501,
        292
      ],
      "tool": "pen",
      "strokeWidth": 3
    },
    {
      "points": [
        421,
        296,
        418,
        297,
        419,
        297,
        422,
        297,
        427,
        297,
        430,
        297,
        434,
        296,
        442,
        296,
        445,
        296,
        452,
        296,
        462,
        296,
        468,
        296,
        474,
        296,
        480,
        296,
        486,
        295,
        493,
        295,
        500,
        295,
        507,
        295,
        515,
        295,
        523,
        295,
        531,
        295,
        537,
        294,
        543,
        294,
        548,
        294,
        552,
        294,
        557,
        294,
        561,
        294,
        564,
        294,
        568,
        294,
        571,
        294,
        573,
        294,
        575,
        294,
        577,
        294,
        579,
        293,
        581,
        293,
        583,
        293,
        586,
        293,
        588,
        293,
        590,
        293,
        592,
        293,
        594,
        293,
        595,
        293,
        596,
        293,
        597,
        293,
        599,
        293,
        600,
        293,
        601,
        293,
        602,
        293,
        603,
        293,
        604,
        293,
        605,
        293,
        606,
        293,
        605,
        293,
        605,
        292,
        605,
        293
      ],
      "tool": "pen",
      "strokeWidth": 3
    },
    {
      "points": [
        605,
        293,
        605,
        294,
        605,
        293,
        605,
        292,
        605,
        291,
        605,
        290,
        605,
        286,
        605,
        285,
        605,
        281,
        605,
        278,
        605,
        276,
        605,
        272,
        605,
        270,
        605,
        266,
        605,
        265,
        605,
        259,
        605,
        255,
        605,
        253,
        604,
        247,
        604,
        244,
        604,
        242,
        604,
        237,
        604,
        233,
        604,
        231,
        604,
        225,
        604,
        221,
        604,
        219,
        604,
        214,
        604,
        212,
        604,
        210,
        604,
        206,
        604,
        203,
        603,
        200,
        603,
        198,
        603,
        195,
        603,
        193,
        603,
        191,
        603,
        189,
        603,
        187,
        603,
        185,
        603,
        183,
        603,
        181,
        603,
        178,
        603,
        176,
        603,
        175,
        603,
        173,
        603,
        172,
        603,
        171,
        603,
        170,
        603,
        169,
        602,
        167,
        602,
        166,
        602,
        165,
        602,
        164,
        602,
        163,
        602,
        162,
        602,
        161,
        602,
        160,
        602,
        159,
        602,
        158,
        602,
        157,
        602,
        156,
        602,
        155,
        602,
        154,
        602,
        153,
        602,
        152,
        602,
        151,
        602,
        150,
        602,
        149,
        602,
        150,
        602,
        151,
        602,
        153,
        601,
        155
      ],
      "tool": "pen",
      "strokeWidth": 3
    },
    {
      "points": [
        607,
        186,
        606,
        186,
        605,
        186,
        604,
        186,
        603,
        186,
        602,
        186,
        601,
        186,
        600,
        186,
        599,
        186,
        598,
        186,
        597,
        186,
        596,
        186,
        595,
        186,
        594,
        185,
        592,
        185,
        591,
        185,
        590,
        184,
        589,
        184,
        588,
        184,
        587,
        183,
        586,
        183,
        585,
        183,
        584,
        182,
        582,
        182,
        581,
        181,
        580,
        181,
        578,
        180,
        577,
        179,
        576,
        179,
        575,
        178,
        574,
        178,
        574,
        177,
        572,
        177,
        571,
        176,
        569,
        175,
        568,
        175,
        567,
        174,
        566,
        174,
        565,
        173,
        564,
        173,
        563,
        173,
        561,
        172,
        560,
        171,
        558,
        170,
        557,
        170,
        556,
        169,
        555,
        168,
        554,
        168,
        554,
        167,
        553,
        167,
        552,
        166,
        551,
        166,
        550,
        165,
        549,
        165,
        549,
        164,
        548,
        164,
        547,
        163,
        546,
        162,
        545,
        161,
        544,
        161,
        543,
        160,
        543,
        159,
        542,
        159,
        541,
        157,
        540,
        157,
        539,
        155,
        538,
        154,
        536,
        152,
        535,
        151,
        534,
        149,
        534,
        148,
        533,
        146,
        532,
        145,
        532,
        144,
        531,
        143,
        531,
        142,
        531,
        141,
        530,
        141,
        530,
        140,
        530,
        139,
        530,
        138,
        529,
        136,
        529,
        134,
        529,
        132,
        529,
        130,
        529,
        129,
        529,
        127,
        529,
        126,
        528,
        125,
        528,
        124,
        528,
        123,
        528,
        122,
        528,
        121,
        529,
        120,
        529,
        119,
        530,
        117,
        530,
        116,
        531,
        113,
        531,
        112,
        531,
        111,
        532,
        111,
        532,
        110,
        532,
        109,
        533,
        109,
        534,
        108,
        535,
        106,
        536,
        105,
        537,
        104,
        538,
        103,
        539,
        102,
        540,
        101,
        541,
        101,
        541,
        100,
        543,
        99,
        544,
        98,
        545,
        97,
        546,
        96,
        547,
        96,
        549,
        95,
        550,
        94,
        551,
        93,
        552,
        93,
        553,
        93,
        553,
        92,
        555,
        91,
        556,
        90,
        557,
        90,
        558,
        89,
        559,
        89,
        560,
        89,
        561,
        88,
        562,
        88,
        563,
        87,
        564,
        87,
        567,
        86,
        569,
        85,
        571,
        84,
        572,
        84,
        573,
        84,
        573,
        83,
        574,
        83,
        575,
        83,
        576,
        82,
        577,
        82,
        579,
        82,
        580,
        81,
        581,
        81,
        582,
        80,
        583,
        80,
        584,
        80,
        586,
        79,
        587,
        79,
        588,
        79,
        590,
        79,
        591,
        79,
        591,
        78,
        592,
        78,
        594,
        78,
        595,
        78,
        596,
        78,
        598,
        78,
        600,
        77,
        601,
        77,
        602,
        77,
        603,
        77,
        605,
        77,
        606,
        77,
        608,
        77,
        610,
        77,
        611,
        77,
        612,
        77,
        613,
        77,
        614,
        77,
        615,
        77,
        616,
        78,
        618,
        78,
        619,
        78,
        620,
        78,
        622,
        78,
        623,
        79,
        624,
        79,
        625,
        79,
        626,
        79,
        627,
        79,
        628,
        80,
        629,
        80,
        630,
        80,
        631,
        80,
        632,
        81,
        633,
        81,
        634,
        81,
        635,
        81,
        636,
        82,
        637,
        82,
        638,
        82,
        639,
        83,
        641,
        83,
        641,
        84,
        642,
        84,
        644,
        84,
        644,
        85,
        645,
        85,
        647,
        85,
        648,
        86,
        650,
        87,
        651,
        87,
        653,
        88,
        655,
        89,
        656,
        89,
        656,
        90,
        657,
        90,
        658,
        90,
        659,
        91,
        660,
        92,
        661,
        92,
        662,
        93,
        663,
        94,
        664,
        95,
        665,
        96,
        666,
        97,
        667,
        98,
        668,
        99,
        669,
        100,
        670,
        101,
        671,
        102,
        672,
        103,
        673,
        104,
        673,
        105,
        674,
        106,
        675,
        107,
        675,
        108,
        676,
        108,
        676,
        109,
        676,
        110,
        677,
        111,
        677,
        112,
        677,
        113,
        678,
        113,
        678,
        114,
        678,
        116,
        679,
        117,
        679,
        118,
        679,
        119,
        679,
        120,
        679,
        121,
        679,
        122,
        680,
        123,
        680,
        124,
        680,
        125,
        680,
        126,
        680,
        127,
        681,
        127,
        681,
        128,
        681,
        129,
        682,
        130,
        682,
        131,
        682,
        132,
        683,
        132,
        684,
        132,
        684,
        133,
        685,
        133,
        685,
        134,
        685,
        135,
        685,
        136,
        685,
        137,
        685,
        138,
        686,
        139,
        686,
        140,
        686,
        141,
        686,
        142,
        686,
        143,
        686,
        145,
        686,
        146,
        686,
        147,
        686,
        148,
        686,
        149,
        686,
        151,
        686,
        152,
        686,
        153,
        686,
        154,
        686,
        155,
        686,
        158,
        686,
        159,
        686,
        160,
        686,
        161,
        686,
        163,
        686,
        164,
        686,
        166,
        686,
        168,
        686,
        171,
        686,
        174,
        686,
        175,
        686,
        177,
        686,
        179,
        686,
        181,
        687,
        183,
        687,
        185,
        687,
        186,
        687,
        188,
        687,
        191,
        687,
        194,
        687,
        197,
        687,
        200,
        687,
        203,
        687,
        206,
        688,
        210,
        688,
        213,
        688,
        216,
        688,
        219,
        688,
        223,
        688,
        226,
        688,
        230,
        688,
        233,
        688,
        236,
        688,
        239,
        688,
        242,
        688,
        244,
        689,
        247,
        689,
        250,
        689,
        253,
        689,
        255,
        689,
        258,
        689,
        262,
        689,
        264,
        689,
        266,
        690,
        266,
        690,
        267,
        690,
        268,
        690,
        269,
        690,
        271,
        690,
        272,
        690,
        274,
        690,
        276,
        690,
        278,
        690,
        279,
        690,
        280,
        690,
        281,
        690,
        282,
        690,
        285,
        690,
        286,
        690,
        288,
        690,
        289,
        690,
        290,
        690,
        292,
        690,
        293,
        690,
        295,
        690,
        296,
        690,
        298,
        690,
        299,
        690,
        300,
        690,
        301,
        691,
        301
      ],
      "tool": "pen",
      "strokeWidth": 3
    }
  ]
}