{
  "id": "ngu",
  "shapes": [
    {
      "points": [
        380,
        135,
        379,
        134,
        379,
        133,
        379,
        134,
        379,
        135,
        379,
        138,
        379,
        140,
        379,
        141,
        379,
        144,
        379,
        147,
        379,
        151,
        379,
        155,
        379,
        159,
        378,
        164,
        378,
        169,
        378,
        174,
        378,
        180,
        378,
        186,
        378,
        192,
        378,
        196,
        378,
        200,
        378,
        204,
        378,
        208,
        378,
        212,
        378,
        217,
        378,
        222,
        378,
        227,
        378,
        230,
        378,
        232,
        378,
        233,
        378,
        235,
        378,
        237,
        378,
        239,
        378,
        242,
        378,
        246,
        378,
        250,
        378,
        253,
        378,
        255,
        378,
        256,
        378,
        258,
        378,
        259,
        378,
        260,
        378,
        261,
        378,
        263,
        378,
        265,
        378,
        267,
        378,
        268,
        378,
        269,
        378,
        270,
        378,
        271,
        378,
        273,
        378,
        274,
        378,
        275,
        378,
        276,
        378,
        277,
        378,
        278,
        378,
        279,
        378,
        280,
        378,
        281,
        378,
        280,
        378,
        281
      ],
      "tool": "pen",
      "strokeWidth": 3
    },
    {
      "points": [
        385,
        135,
        384,
        135,
        383,
        135,
        382,
        135,
        381,
        135,
        380,
        135,
        379,
        135,
        378,
        135,
        379,
        135,
        380,
        135,
        381,
        135,
        383,
        135,
        385,
        135,
        389,
        135,
        392,
        135,
        396,
        135,
        401,
        135,
        405,
        135,
        410,
        136,
        415,
        136,
        420,
        136,
        425,
        136,
        430,
        136,
        436,
        136,
        443,
        136,
        450,
        136,
        456,
        136,
        463,
        136,
        470,
        137,
        477,
        137,
        483,
        137,
        487,
        137,
        492,
        137,
        495,
        137,
        499,
        137,
        502,
        137,
        505,
        137,
        507,
        137,
        510,
        137,
        513,
        137,
        515,
        137,
        517,
        137,
        519,
        137,
        520,
        137,
        521,
        137,
        522,
        137,
        523,
        137,
        524,
        137,
        526,
        137,
        527,
        137,
        528,
        137,
        529,
        138,
        530,
        138,
        531,
        138,
        532,
        138,
        533,
        138,
        534,
        138,
        533,
        138,
        533,
        137,
        534,
        138
      ],
      "tool": "pen",
      "strokeWidth": 3
    },
    {
      "points": [
        466,
        135,
        466,
        136,
        467,
        136,
        467,
        137,
        467,
        138,
        467,
        140,
        467,
        142,
        467,
        144,
        467,
        150,
        467,
        154,
        467,
        157,
        467,
        164,
        467,
        169,
        466,
        171,
        466,
        177,
        466,
        182,
        466,
        186,
        466,
        190,
        466,
        195,
        466,
        200,
        466,
        204,
        466,
        207,
        466,
        210,
        466,
        213,
        466,
        216,
        466,
        218,
        466,
        221,
        466,
        223,
        466,
        225,
        466,
        227,
        465,
        229,
        465,
        230,
        465,
        231,
        465,
        232,
        465,
        233,
        465,
        234,
        465,
        235,
        465,
        236,
        465,
        238,
        465,
        239,
        465,
        240,
        465,
        239,
        465,
        238,
        465,
        240
      ],
      "tool": "pen",
      "strokeWidth": 3
    },
    {
      "points": [
        470,
        208,
        471,
        208,
        472,
        207,
        473,
        206,
        474,
        205,
        475,
        204,
        476,
        204,
        476,
        203,
        477,
        203,
        478,
        202,
        479,
        201,
        480,
        201,
        481,
        200,
        482,
        199,
        483,
        198,
        484,
        198,
        485,
        197,
        486,
        196,
        488,
        195,
        489,
        194,
        490,
        194,
        490,
        193,
        491,
        193,
        492,
        193,
        493,
        193,
        494,
        192,
        495,
        192,
        496,
        191,
        498,
        191,
        499,
        190,
        500,
        190,
        501,
        189,
        502,
        189,
        503,
        189,
        504,
        189,
        505,
        189,
        506,
        188,
        507,
        188,
        508,
        188,
        510,
        188,
        511,
        188,
        513,
        188,
        514,
        188,
        515,
        188,
        516,
        188,
        517,
        188,
        518,
        188,
        520,
        188,
        521,
        188,
        523,
        188,
        524,
        188,
        526,
        188,
        528,
        188,
        530,
        188,
        531,
        188,
        532,
        188,
        533,
        188,
        533,
        189,
        534,
        189,
        536,
        189,
        537,
        190,
        538,
        191,
        539,
        191,
        540,
        192,
        541,
        192,
        542,
        192,
        544,
        193,
        545,
        194,
        546,
        195,
        547,
        196,
        549,
        197,
        550,
        198,
        552,
        200,
        553,
        201,
        554,
        202,
        555,
        203,
        556,
        204,
        557,
        205,
        558,
        206,
        558,
        207,
        558,
        208,
        559,
        209,
        560,
        211,
        560,
        212,
        560,
        213,
        561,
        214,
        561,
        215,
        561,
        216,
        561,
        217,
        561,
        218,
        561,
        219,
        562,
        219,
        562,
        220,
        562,
        221,
        562,
        222,
        562,
        223,
        562,
        225,
        562,
        226,
        562,
        227,
        562,
        228,
        562,
        229,
        562,
        230,
        562,
        231,
        562,
        232,
        562,
        233,
        562,
        234,
        561,
        235,
        561,
        236,
        561,
        237,
        560,
        238,
        560,
        239,
        559,
        240,
        559,
        242,
        558,
        243,
        558,
        244,
        558,
        245,
        557,
        246,
        556,
        247,
        555,
        249,
        555,
        250,
        554,
        251,
        554,
        252,
        553,
        253,
        553,
        254,
        552,
        255,
        551,
        257,
        551,
        258,
        550,
        258,
        550,
        259,
        549,
        260,
        548,
        261,
        548,
        262,
        547,
        262,
        547,
        263,
        546,
        263,
        546,
        264,
        545,
        264,
        545,
        265,
        543,
        267,
        542,
        268,
        542,
        269,
        542,
        268,
        543,
        268,
        543,
        266,
        542,
        268
      ],
      "tool": "pen",
      "strokeWidth": 3
    },
    {
      "points": [
        456,
        271,
        455,
        271,
        455,
        270,
        455,
        269,
        454,
        269,
        453,
        269,
        453,
        268,
        454,
        268,
        455,
        268,
        457,
        268,
        459,
        268,
        461,
        268,
        464,
        268,
        467,
        268,
        470,
        268,
        475,
        268,
        480,
        268,
        485,
        269,
        490,
        269,
        495,
        269,
        502,
        269,
        508,
        269,
        515,
        269,
        522,
        269,
        529,
        269,
        536,
        269,
        543,
        269,
        551,
        270,
        558,
        270,
        566,
        270,
        576,
        270,
        579,
        270,
        584,
        270,
        591,
        270,
        593,
        270,
        597,
        270,
        602,
        270,
        603,
        270,
        607,
        271,
        612,
        271,
        614,
        271,
        617,
        271,
        621,
        271,
        622,
        271,
        623,
        271,
        625,
        271,
        626,
        271,
        627,
        271,
        628,
        271,
        629,
        271,
        630,
        271,
        631,
        271,
        632,
        271,
        633,
        271,
        635,
        271,
        636,
        271,
        637,
        271,
        638,
        271,
        639,
        271,
        640,
        271,
        641,
        271,
        641,
        272,
        640,
        272,
        639,
        271,
        637,
        270,
        636,
        269
      ],
      "tool": "pen",
      "strokeWidth": 3
    },
    {
      "points": [
        636,
        126,
        639,
        124,
        639,
        125,
        639,
        126,
        639,
        128,
        639,
        131,
        640,
        135,
        640,
        140,
        640,
        147,
        640,
        156,
        640,
        165,
        641,
        175,
        641,
        184,
        641,
        199,
        641,
        205,
        641,
        215,
        641,
        226,
        641,
        236,
        641,
        245,
        641,
        253,
        641,
        264,
        641,
        267,
        641,
        276,
        641,
        281,
        641,
        283,
        642,
        292,
        642,
        298,
        642,
        302,
        642,
        307,
        642,
        314,
        642,
        315,
        642,
        319,
        642,
        322,
        642,
        324,
        642,
        330,
        642,
        334,
        642,
        338,
        642,
        341,
        642,
        342,
        642,
        343,
        642,
        344,
        642,
        345,
        642,
        346,
        642,
        347,
        642,
        348,
        642,
        349,
        642,
        350,
        642,
        351,
        642,
        352,
        642,
        353,
        642,
        354,
        642,
        355,
        642,
        356,
        643,
        356,
        643,
        355,
        643,
        356,
        643,
        357,
        643,
        356,
        643,
        355,
        643,
        354,
        643,
        357
      ],
      "tool": "pen",
      "strokeWidth": 3
    }
  ]
}