{
  "id": "no",
  "shapes": [
    {
      "points": [
        224.5,
        259,
        218.5,
        252
      ],
      "tool": "pen",
      "strokeWidth": 3
    },
    {
      "points": [
        216.5,
        253,
        216.5,
        249
      ],
      "tool": "pen",
      "strokeWidth": 3
    },
    {
      "points": [
        179.5,
        292,
        179.5,
        293,
        180.5,
        293,
        180.5,
        294,
        180.5,
        293,
        179.5,
        293,
        179.5,
        292,
        178.5,
        292,
        178.5,
        291,
        177.5,
        291,
        177.5,
        290,
        176.5,
        289,
        175.5,
        288,
        174.5,
        286,
        174.5,
        285,
        173.5,
        284,
        173.5,
        283,
        173.5,
        282,
        173.5,
        281,
        173.5,
        280,
        172.5,
        280,
        172.5,
        279,
        172.5,
        278,
        172.5,
        277,
        172.5,
        276,
        172.5,
        275,
        171.5,
        274,
        171.5,
        273,
        171.5,
        272,
        171.5,
        271,
        171.5,
        270,
        171.5,
        269,
        171.5,
        268,
        171.5,
        267,
        171.5,
        266,
        171.5,
        265,
        172.5,
        264,
        172.5,
        263,
        172.5,
        262,
        172.5,
        261,
        173.5,
        260,
        173.5,
        259,
        173.5,
        257,
        174.5,
        256,
        174.5,
        255,
        175.5,
        254,
        175.5,
        253,
        176.5,
        253,
        176.5,
        252,
        177.5,
        251,
        177.5,
        250,
        178.5,
        249,
        179.5,
        248,
        180.5,
        247,
        181.5,
        246,
        182.5,
        246,
        182.5,
        245,
        183.5,
        244,
        184.5,
        244,
        185.5,
        243,
        186.5,
        243,
        187.5,
        242,
        188.5,
        241,
        189.5,
        241,
        190.5,
        240,
        191.5,
        240,
        192.5,
        239,
        193.5,
        239,
        194.5,
        239,
        196.5,
        238,
        197.5,
        238,
        199.5,
        237,
        201.5,
        237,
        202.5,
        236,
        203.5,
        236,
        204.5,
        236,
        205.5,
        236,
        206.5,
        236,
        207.5,
        236,
        208.5,
        236,
        209.5,
        236,
        211.5,
        237,
        212.5,
        237,
        213.5,
        237,
        214.5,
        237,
        215.5,
        237,
        217.5,
        238,
        218.5,
        238,
        220.5,
        239,
        221.5,
        239,
        222.5,
        240,
        223.5,
        240,
        224.5,
        241,
        225.5,
        241,
        226.5,
        242,
        227.5,
        242,
        228.5,
        243,
        229.5,
        244,
        230.5,
        245,
        231.5,
        246,
        232.5,
        247,
        233.5,
        248,
        234.5,
        249,
        234.5,
        250,
        235.5,
        251,
        235.5,
        252,
        236.5,
        253,
        236.5,
        254,
        236.5,
        255,
        237.5,
        255,
        237.5,
        256,
        237.5,
        257,
        237.5,
        258,
        238.5,
        259,
        238.5,
        260,
        238.5,
        261,
        238.5,
        262,
        239.5,
        263,
        239.5,
        264,
        239.5,
        265,
        239.5,
        266,
        239.5,
        267,
        239.5,
        268,
        239.5,
        269,
        239.5,
        270,
        239.5,
        271,
        239.5,
        272,
        238.5,
        273,
        238.5,
        274,
        238.5,
        275,
        237.5,
        276,
        237.5,
        277,
        237.5,
        278,
        236.5,
        279,
        236.5,
        280,
        236.5,
        281,
        235.5,
        281,
        235.5,
        282,
        235.5,
        283,
        234.5,
        284,
        234.5,
        285,
        233.5,
        285,
        233.5,
        286,
        232.5,
        286,
        232.5,
        287,
        231.5,
        288,
        230.5,
        288,
        229.5,
        289,
        228.5,
        290,
        227.5,
        291,
        225.5,
        292,
        224.5,
        292,
        223.5,
        293,
        222.5,
        293,
        221.5,
        293,
        220.5,
        294,
        219.5,
        294,
        218.5,
        295,
        216.5,
        295,
        215.5,
        296,
        214.5,
        296,
        213.5,
        296,
        212.5,
        297,
        210.5,
        297,
        209.5,
        297,
        208.5,
        297,
        207.5,
        298,
        206.5,
        298,
        205.5,
        298,
        204.5,
        298,
        203.5,
        299,
        202.5,
        299,
        201.5,
        299,
        200.5,
        299,
        199.5,
        299,
        198.5,
        299,
        197.5,
        300,
        196.5,
        300,
        194.5,
        300,
        193.5,
        300,
        192.5,
        300,
        191.5,
        300,
        190.5,
        300,
        189.5,
        300,
        188.5,
        300,
        187.5,
        299,
        186.5,
        299,
        185.5,
        299,
        184.5,
        299,
        183.5,
        299,
        182.5,
        298,
        181.5,
        298,
        180.5,
        297,
        179.5,
        297,
        178.5,
        297,
        177.5,
        296,
        176.5,
        296,
        175.5,
        296,
        174.5,
        296,
        174.5,
        295,
        173.5,
        295,
        172.5,
        295,
        172.5,
        294,
        171.5,
        294,
        170.5,
        294,
        170.5,
        293,
        169.5,
        293,
        168.5,
        292,
        167.5,
        292,
        166.5,
        291,
        165.5,
        291,
        164.5,
        290,
        163.5,
        290,
        162.5,
        289,
        161.5,
        289,
        160.5,
        288,
        159.5,
        287,
        158.5,
        286,
        157.5,
        286,
        155.5,
        285,
        154.5,
        284,
        153.5,
        283,
        152.5,
        282,
        151.5,
        281,
        150.5,
        281,
        149.5,
        280,
        148.5,
        279,
        147.5,
        278,
        146.5,
        277,
        145.5,
        276,
        144.5,
        275,
        144.5,
        274,
        143.5,
        273,
        142.5,
        272,
        141.5,
        271,
        140.5,
        270,
        139.5,
        268,
        138.5,
        268,
        138.5,
        266,
        137.5,
        265,
        136.5,
        264,
        136.5,
        263,
        135.5,
        261,
        134.5,
        260,
        133.5,
        258,
        132.5,
        257,
        132.5,
        256,
        132.5,
        255,
        131.5,
        253,
        131.5,
        252,
        130.5,
        252,
        130.5,
        250,
        129.5,
        248,
        129.5,
        246,
        128.5,
        245,
        128.5,
        244,
        128.5,
        242,
        128.5,
        241,
        127.5,
        239,
        127.5,
        237,
        127.5,
        235,
        127.5,
        234,
        126.5,
        233,
        126.5,
        232,
        126.5,
        231,
        126.5,
        230,
        126.5,
        228,
        126.5,
        227,
        126.5,
        225,
        126.5,
        224,
        126.5,
        223,
        126.5,
        222,
        126.5,
        221,
        126.5,
        220,
        126.5,
        218,
        126.5,
        217,
        126.5,
        215,
        126.5,
        213,
        126.5,
        212,
        126.5,
        211,
        126.5,
        210,
        126.5,
        209,
        126.5,
        208,
        126.5,
        207,
        126.5,
        206,
        126.5,
        205,
        126.5,
        204,
        126.5,
        203,
        126.5,
        202,
        127.5,
        201,
        127.5,
        200,
        127.5,
        199,
        127.5,
        198,
        127.5,
        197,
        128.5,
        196,
        128.5,
        194,
        129.5,
        193,
        129.5,
        191,
        130.5,
        190,
        130.5,
        189,
        130.5,
        188,
        131.5,
        187,
        131.5,
        186,
        131.5,
        185,
        131.5,
        184,
        132.5,
        183,
        132.5,
        182,
        133.5,
        181,
        133.5,
        180,
        134.5,
        179,
        134.5,
        178,
        135.5,
        177,
        135.5,
        176,
        136.5,
        175,
        137.5,
        174,
        138.5,
        172,
        140.5,
        170,
        142.5,
        168,
        143.5,
        167,
        144.5,
        166,
        145.5,
        165,
        146.5,
        164,
        147.5,
        163,
        148.5,
        162,
        149.5,
        161,
        149.5,
        160,
        150.5,
        160,
        151.5,
        159,
        152.5,
        158,
        152.5,
        157,
        153.5,
        156,
        154.5,
        156,
        154.5,
        155,
        155.5,
        155,
        156.5,
        154,
        158.5,
        153,
        159.5,
        152,
        161.5,
        151,
        163.5,
        150,
        164.5,
        149,
        167.5,
        148,
        169.5,
        147,
        170.5,
        146,
        172.5,
        145,
        173.5,
        145,
        174.5,
        145,
        175.5,
        144,
        176.5,
        144,
        177.5,
        144,
        179.5,
        143,
        181.5,
        142,
        183.5,
        141,
        186.5,
        141,
        188.5,
        140,
        189.5,
        139,
        191.5,
        139,
        192.5,
        138,
        193.5,
        138,
        194.5,
        138,
        196.5,
        137,
        197.5,
        137,
        199.5,
        136,
        200.5,
        136,
        202.5,
        135,
        204.5,
        135,
        206.5,
        135,
        208.5,
        134,
        209.5,
        134,
        210.5,
        134,
        211.5,
        134,
        212.5,
        134,
        213.5,
        134,
        214.5,
        134,
        216.5,
        134,
        218.5,
        134,
        220.5,
        134,
        222.5,
        134,
        224.5,
        134,
        226.5,
        134,
        227.5,
        134,
        228.5,
        134,
        230.5,
        134,
        231.5,
        134,
        232.5,
        134,
        234.5,
        135,
        235.5,
        135,
        237.5,
        135,
        239.5,
        135,
        240.5,
        136,
        242.5,
        136,
        243.5,
        136,
        244.5,
        137,
        245.5,
        137,
        246.5,
        137,
        247.5,
        138,
        248.5,
        138,
        249.5,
        138,
        249.5,
        139,
        250.5,
        139,
        252.5,
        141,
        253.5,
        142,
        255.5,
        143,
        256.5,
        143,
        257.5,
        144,
        258.5,
        145,
        258.5,
        146,
        259.5,
        146,
        261.5,
        147,
        263.5,
        148,
        264.5,
        149,
        266.5,
        150,
        266.5,
        151,
        267.5,
        151,
        268.5,
        152,
        269.5,
        153,
        270.5,
        154,
        270.5,
        155,
        271.5,
        155,
        271.5,
        156,
        272.5,
        157,
        272.5,
        158,
        273.5,
        159,
        273.5,
        160,
        274.5,
        160,
        274.5,
        161,
        275.5,
        162,
        275.5,
        163,
        276.5,
        164,
        277.5,
        165,
        277.5,
        166,
        278.5,
        166,
        278.5,
        167,
        278.5,
        168,
        279.5,
        169,
        279.5,
        170,
        280.5,
        171,
        280.5,
        172,
        281.5,
        173,
        281.5,
        174,
        282.5,
        175,
        282.5,
        176,
        283.5,
        176,
        283.5,
        177,
        283.5,
        178,
        283.5,
        179,
        284.5,
        179,
        284.5,
        180,
        284.5,
        181,
        285.5,
        182,
        285.5,
        183,
        285.5,
        184,
        285.5,
        185,
        286.5,
        186,
        286.5,
        187,
        286.5,
        188,
        286.5,
        189,
        286.5,
        190,
        287.5,
        190,
        287.5,
        191,
        287.5,
        192,
        287.5,
        193,
        287.5,
        194,
        287.5,
        195,
        287.5,
        196,
        287.5,
        197,
        287.5,
        198,
        287.5,
        199,
        288.5,
        200,
        288.5,
        201,
        288.5,
        202,
        288.5,
        203,
        288.5,
        204,
        288.5,
        205,
        288.5,
        206,
        288.5,
        208,
        288.5,
        209,
        288.5,
        210,
        288.5,
        211,
        288.5,
        212,
        288.5,
        213,
        288.5,
        214,
        288.5,
        215,
        288.5,
        216,
        288.5,
        217,
        288.5,
        218,
        288.5,
        219,
        288.5,
        221,
        288.5,
        222,
        288.5,
        225,
        288.5,
        226,
        288.5,
        227,
        288.5,
        229,
        288.5,
        230,
        288.5,
        231,
        288.5,
        233,
        288.5,
        234,
        288.5,
        236,
        288.5,
        238,
        288.5,
        239,
        288.5,
        241,
        288.5,
        243,
        289.5,
        245,
        289.5,
        247,
        289.5,
        248,
        289.5,
        250,
        289.5,
        251,
        289.5,
        252,
        289.5,
        253,
        289.5,
        255,
        289.5,
        256,
        289.5,
        257,
        289.5,
        258,
        289.5,
        259,
        288.5,
        260,
        288.5,
        262,
        288.5,
        263,
        288.5,
        264,
        288.5,
        265,
        288.5,
        266,
        288.5,
        267,
        288.5,
        269,
        288.5,
        271,
        288.5,
        273,
        288.5,
        275,
        288.5,
        276,
        288.5,
        278,
        289.5,
        279,
        289.5,
        281,
        289.5,
        282,
        289.5,
        284,
        289.5,
        285,
        289.5,
        288,
        289.5,
        290,
        289.5,
        291,
        289.5,
        292,
        289.5,
        293,
        289.5,
        294,
        289.5,
        296,
        289.5,
        297,
        289.5,
        298,
        289.5,
        299,
        289.5,
        300,
        289.5,
        299,
        289.5,
        298,
        289.5,
        300
      ],
      "tool": "pen",
      "strokeWidth": 3
    },
    {
      "points": [
        339.5,
        264,
        339.5,
        265,
        340.5,
        265,
        340.5,
        264,
        340.5,
        263,
        340.5,
        262,
        340.5,
        261,
        340.5,
        260,
        340.5,
        259,
        340.5,
        258,
        340.5,
        257,
        340.5,
        256,
        341.5,
        256,
        341.5,
        255,
        341.5,
        254,
        342.5,
        253,
        342.5,
        252,
        343.5,
        251,
        344.5,
        250,
        344.5,
        249,
        345.5,
        249,
        345.5,
        248,
        346.5,
        248,
        346.5,
        247,
        348.5,
        246,
        349.5,
        245,
        350.5,
        244,
        351.5,
        244,
        351.5,
        243,
        352.5,
        243,
        353.5,
        243,
        353.5,
        242,
        354.5,
        242,
        355.5,
        242,
        357.5,
        241,
        358.5,
        240,
        359.5,
        240,
        359.5,
        239,
        361.5,
        239,
        362.5,
        239,
        364.5,
        238,
        365.5,
        238,
        366.5,
        237,
        368.5,
        237,
        369.5,
        237,
        370.5,
        237,
        371.5,
        237,
        372.5,
        237,
        374.5,
        236,
        375.5,
        236,
        376.5,
        236,
        378.5,
        236,
        379.5,
        236,
        379.5,
        237,
        380.5,
        237,
        381.5,
        237,
        382.5,
        237,
        383.5,
        237,
        384.5,
        238,
        385.5,
        238,
        387.5,
        239,
        388.5,
        239,
        389.5,
        239,
        390.5,
        240,
        391.5,
        240,
        392.5,
        241,
        393.5,
        241,
        394.5,
        242,
        395.5,
        242,
        396.5,
        243,
        397.5,
        243,
        398.5,
        243,
        399.5,
        244,
        400.5,
        244,
        401.5,
        245,
        402.5,
        246,
        403.5,
        247,
        403.5,
        248,
        404.5,
        249,
        404.5,
        250,
        405.5,
        251,
        405.5,
        252,
        406.5,
        253,
        406.5,
        254,
        406.5,
        255,
        406.5,
        256,
        407.5,
        257,
        407.5,
        258,
        407.5,
        259,
        407.5,
        260,
        408.5,
        261,
        408.5,
        262,
        408.5,
        263,
        408.5,
        264,
        408.5,
        265,
        408.5,
        266,
        408.5,
        268,
        408.5,
        269,
        408.5,
        270,
        408.5,
        271,
        408.5,
        272,
        408.5,
        273,
        407.5,
        273,
        407.5,
        274,
        406.5,
        275,
        406.5,
        276,
        406.5,
        277,
        405.5,
        278,
        404.5,
        279,
        404.5,
        280,
        403.5,
        281,
        402.5,
        282,
        401.5,
        284,
        400.5,
        285,
        399.5,
        286,
        398.5,
        287,
        397.5,
        288,
        396.5,
        289,
        395.5,
        290,
        394.5,
        290,
        394.5,
        291,
        392.5,
        291,
        391.5,
        292,
        390.5,
        292,
        390.5,
        293,
        389.5,
        293,
        387.5,
        294,
        386.5,
        294,
        384.5,
        295,
        382.5,
        295,
        381.5,
        295,
        379.5,
        296,
        378.5,
        296,
        377.5,
        296,
        376.5,
        297,
        375.5,
        297,
        374.5,
        297,
        373.5,
        297,
        371.5,
        297,
        370.5,
        297,
        368.5,
        297,
        367.5,
        297,
        366.5,
        297,
        365.5,
        297,
        364.5,
        296,
        363.5,
        296,
        362.5,
        296,
        362.5,
        295,
        361.5,
        295,
        360.5,
        295,
        359.5,
        294,
        358.5,
        293,
        357.5,
        293,
        357.5,
        292,
        356.5,
        291,
        354.5,
        290,
        353.5,
        289,
        352.5,
        288,
        352.5,
        287,
        351.5,
        286,
        350.5,
        285,
        349.5,
        284,
        348.5,
        282,
        347.5,
        281,
        347.5,
        280,
        346.5,
        279,
        345.5,
        278,
        345.5,
        277,
        345.5,
        276,
        344.5,
        276,
        343.5,
        274,
        343.5,
        273,
        343.5,
        272,
        342.5,
        271,
        342.5,
        270,
        341.5,
        269,
        341.5,
        268,
        341.5,
        267,
        340.5,
        266,
        340.5,
        265,
        340.5,
        264,
        340.5,
        263,
        340.5,
        261,
        339.5,
        260,
        339.5,
        259,
        339.5,
        258,
        339.5,
        257,
        339.5,
        256,
        339.5,
        255,
        339.5,
        254,
        339.5,
        253,
        339.5,
        252,
        339.5,
        251,
        339.5,
        250,
        339.5,
        249,
        339.5,
        248,
        339.5,
        246,
        339.5,
        245,
        339.5,
        244,
        339.5,
        243,
        339.5,
        242,
        339.5,
        241,
        339.5,
        240,
        340.5,
        239,
        340.5,
        238,
        340.5,
        237,
        340.5,
        236,
        341.5,
        235,
        341.5,
        234,
        341.5,
        233,
        341.5,
        232,
        342.5,
        231,
        342.5,
        230,
        343.5,
        229,
        343.5,
        227,
        344.5,
        226,
        345.5,
        225,
        345.5,
        224,
        345.5,
        223,
        346.5,
        222,
        347.5,
        221,
        348.5,
        220,
        348.5,
        219,
        349.5,
        218,
        350.5,
        217,
        350.5,
        216,
        351.5,
        215,
        352.5,
        214,
        353.5,
        213,
        354.5,
        212,
        355.5,
        211,
        356.5,
        210,
        357.5,
        210,
        358.5,
        209,
        358.5,
        208,
        360.5,
        206,
        361.5,
        205,
        362.5,
        204,
        364.5,
        203,
        364.5,
        202,
        365.5,
        202,
        366.5,
        201,
        367.5,
        200,
        368.5,
        200,
        369.5,
        199,
        370.5,
        199,
        373.5,
        198,
        374.5,
        197,
        375.5,
        197,
        376.5,
        197,
        376.5,
        196,
        377.5,
        196,
        378.5,
        196,
        379.5,
        195,
        381.5,
        195,
        383.5,
        194,
        385.5,
        193,
        387.5,
        193,
        389.5,
        192,
        391.5,
        192,
        392.5,
        192,
        394.5,
        192,
        395.5,
        191,
        396.5,
        191,
        398.5,
        191,
        399.5,
        191,
        400.5,
        190,
        402.5,
        190,
        404.5,
        190,
        406.5,
        190,
        407.5,
        190,
        409.5,
        190,
        410.5,
        190,
        411.5,
        190,
        412.5,
        190,
        414.5,
        190,
        415.5,
        190,
        417.5,
        190,
        419.5,
        190,
        421.5,
        190,
        422.5,
        190,
        423.5,
        190,
        424.5,
        190,
        426.5,
        190,
        427.5,
        190,
        428.5,
        191,
        429.5,
        191,
        430.5,
        191,
        431.5,
        191,
        432.5,
        191,
        434.5,
        192,
        435.5,
        192,
        436.5,
        192,
        438.5,
        192,
        439.5,
        193,
        440.5,
        193,
        441.5,
        193,
        442.5,
        194,
        443.5,
        194,
        445.5,
        195,
        446.5,
        195,
        448.5,
        196,
        449.5,
        196,
        451.5,
        197,
        452.5,
        197,
        453.5,
        198,
        454.5,
        198,
        455.5,
        199,
        456.5,
        199,
        457.5,
        199,
        458.5,
        200,
        459.5,
        200,
        460.5,
        201,
        461.5,
        201,
        461.5,
        202,
        462.5,
        202,
        463.5,
        203,
        464.5,
        203,
        465.5,
        203,
        466.5,
        204,
        467.5,
        204,
        467.5,
        205,
        468.5,
        205,
        469.5,
        205,
        469.5,
        206,
        470.5,
        206,
        471.5,
        206,
        471.5,
        207,
        472.5,
        207,
        473.5,
        207,
        473.5,
        208,
        474.5,
        208,
        474.5,
        209,
        475.5,
        209,
        476.5,
        210,
        477.5,
        210,
        478.5,
        211,
        478.5,
        212,
        479.5,
        212,
        480.5,
        213,
        481.5,
        213,
        481.5,
        214,
        482.5,
        214,
        482.5,
        215,
        483.5,
        215,
        483.5,
        216,
        484.5,
        216,
        484.5,
        217,
        484.5,
        218,
        485.5,
        218,
        485.5,
        219,
        486.5,
        219,
        486.5,
        220,
        487.5,
        221,
        487.5,
        222,
        488.5,
        223,
        489.5,
        223,
        489.5,
        224,
        489.5,
        225,
        490.5,
        225,
        490.5,
        226,
        491.5,
        227,
        491.5,
        228,
        491.5,
        229,
        492.5,
        229,
        492.5,
        230,
        492.5,
        231,
        493.5,
        233,
        493.5,
        234,
        494.5,
        235,
        495.5,
        236,
        496.5,
        238,
        496.5,
        239,
        497.5,
        240,
        497.5,
        241,
        498.5,
        243,
        498.5,
        244,
        499.5,
        245,
        499.5,
        246,
        500.5,
        247,
        500.5,
        248,
        500.5,
        249,
        500.5,
        250,
        501.5,
        251,
        501.5,
        252,
        501.5,
        253,
        501.5,
        254,
        501.5,
        255,
        501.5,
        256,
        501.5,
        258,
        502.5,
        258,
        502.5,
        259,
        502.5,
        260,
        502.5,
        261,
        502.5,
        262,
        502.5,
        263,
        502.5,
        265,
        502.5,
        266,
        502.5,
        267,
        502.5,
        268,
        502.5,
        269,
        501.5,
        270,
        501.5,
        271,
        501.5,
        272,
        501.5,
        273,
        500.5,
        274,
        500.5,
        275,
        499.5,
        276,
        498.5,
        277,
        498.5,
        279,
        497.5,
        280,
        497.5,
        281,
        496.5,
        281,
        496.5,
        282,
        495.5,
        283,
        494.5,
        284,
        494.5,
        285,
        493.5,
        285,
        493.5,
        286,
        492.5,
        287,
        491.5,
        288,
        490.5,
        289,
        489.5,
        290,
        488.5,
        290,
        487.5,
        291,
        486.5,
        291,
        485.5,
        292,
        484.5,
        292,
        484.5,
        293,
        483.5,
        293,
        482.5,
        293,
        481.5,
        294,
        479.5,
        294,
        478.5,
        294,
        476.5,
        295,
        475.5,
        295,
        474.5,
        295,
        473.5,
        295,
        472.5,
        295,
        471.5,
        295,
        470.5,
        295,
        469.5,
        295,
        468.5,
        295,
        466.5,
        295,
        465.5,
        295,
        464.5,
        294,
        463.5,
        294,
        462.5,
        294,
        461.5,
        294,
        461.5,
        293,
        460.5,
        293,
        459.5,
        292,
        458.5,
        292,
        457.5,
        291,
        456.5,
        290,
        455.5,
        289,
        454.5,
        289,
        454.5,
        288,
        453.5,
        287,
        452.5,
        286,
        451.5,
        285,
        450.5,
        284,
        449.5,
        283,
        449.5,
        282,
        448.5,
        281,
        447.5,
        280,
        447.5,
        279,
        446.5,
        278,
        446.5,
        276,
        445.5,
        275,
        445.5,
        274,
        444.5,
        273,
        444.5,
        271,
        443.5,
        270,
        443.5,
        269,
        443.5,
        268,
        443.5,
        267,
        442.5,
        265,
        442.5,
        264,
        442.5,
        263,
        442.5,
        262,
        442.5,
        261,
        442.5,
        259,
        442.5,
        258,
        442.5,
        256,
        442.5,
        255,
        442.5,
        253,
        442.5,
        252,
        442.5,
        250,
        442.5,
        249,
        442.5,
        248,
        442.5,
        246,
        443.5,
        245,
        443.5,
        243,
        443.5,
        242,
        444.5,
        241,
        444.5,
        240,
        444.5,
        239,
        444.5,
        237,
        445.5,
        236,
        445.5,
        235,
        445.5,
        234,
        446.5,
        233,
        446.5,
        231,
        447.5,
        230,
        448.5,
        229,
        448.5,
        227,
        449.5,
        226,
        449.5,
        225,
        450.5,
        224,
        450.5,
        223,
        451.5,
        222,
        452.5,
        221,
        452.5,
        220,
        453.5,
        219,
        453.5,
        218,
        454.5,
        218,
        455.5,
        217,
        455.5,
        216,
        456.5,
        215,
        458.5,
        214,
        458.5,
        213,
        460.5,
        213,
        461.5,
        212,
        462.5,
        211,
        463.5,
        210,
        464.5,
        209,
        465.5,
        209,
        467.5,
        207,
        468.5,
        206,
        469.5,
        205,
        470.5,
        205,
        471.5,
        204,
        472.5,
        204,
        473.5,
        203,
        475.5,
        202,
        478.5,
        201,
        479.5,
        200,
        480.5,
        200,
        481.5,
        199,
        482.5,
        199,
        483.5,
        199,
        483.5,
        198,
        484.5,
        198,
        485.5,
        198,
        487.5,
        197,
        488.5,
        197,
        489.5,
        196,
        490.5,
        196,
        491.5,
        196,
        492.5,
        196,
        494.5,
        196,
        495.5,
        195,
        496.5,
        195,
        498.5,
        195,
        500.5,
        195,
        501.5,
        194,
        503.5,
        194,
        504.5,
        194,
        505.5,
        194,
        507.5,
        193,
        508.5,
        193,
        509.5,
        193,
        510.5,
        193,
        511.5,
        192,
        512.5,
        192,
        513.5,
        192,
        515.5,
        192,
        516.5,
        191,
        517.5,
        191,
        518.5,
        191,
        519.5,
        191,
        520.5,
        191,
        522.5,
        191,
        524.5,
        190,
        526.5,
        190,
        528.5,
        190,
        529.5,
        190,
        531.5,
        190,
        533.5,
        190,
        535.5,
        190,
        536.5,
        190,
        538.5,
        190,
        540.5,
        190,
        542.5,
        190,
        544.5,
        189,
        545.5,
        189,
        547.5,
        189,
        548.5,
        189,
        550.5,
        189,
        552.5,
        189,
        554.5,
        189,
        556.5,
        189,
        557.5,
        189,
        559.5,
        189,
        560.5,
        189,
        561.5,
        189,
        563.5,
        189,
        564.5,
        189,
        567.5,
        189,
        569.5,
        189,
        571.5,
        189,
        572.5,
        189,
        573.5,
        189,
        575.5,
        189,
        576.5,
        189,
        577.5,
        189,
        579.5,
        189,
        580.5,
        189,
        581.5,
        189,
        583.5,
        189,
        584.5,
        189,
        585.5,
        189,
        586.5,
        189,
        587.5,
        189,
        588.5,
        189,
        589.5,
        189,
        590.5,
        189,
        591.5,
        188,
        592.5,
        188,
        593.5,
        188,
        594.5,
        188,
        595.5,
        188,
        596.5,
        188,
        597.5,
        188,
        598.5,
        189,
        599.5,
        189,
        600.5,
        189,
        601.5,
        189,
        602.5,
        189,
        601.5,
        189,
        601.5,
        190,
        600.5,
        191,
        597.5,
        192
      ],
      "tool": "pen",
      "strokeWidth": 3
    },
    {
      "points": [
        553.5,
        191,
        554.5,
        190,
        554.5,
        191,
        554.5,
        190,
        554.5,
        191,
        554.5,
        192,
        554.5,
        193,
        554.5,
        194,
        554.5,
        195,
        554.5,
        196,
        554.5,
        197,
        554.5,
        199,
        554.5,
        200,
        554.5,
        202,
        554.5,
        203,
        554.5,
        205,
        554.5,
        206,
        554.5,
        208,
        554.5,
        209,
        554.5,
        210,
        554.5,
        212,
        554.5,
        213,
        554.5,
        215,
        554.5,
        216,
        554.5,
        218,
        554.5,
        219,
        554.5,
        220,
        554.5,
        221,
        554.5,
        222,
        554.5,
        223,
        554.5,
        225,
        554.5,
        226,
        554.5,
        227,
        554.5,
        228,
        554.5,
        229,
        554.5,
        231,
        555.5,
        232,
        555.5,
        234,
        555.5,
        235,
        555.5,
        237,
        555.5,
        238,
        555.5,
        240,
        555.5,
        242,
        555.5,
        243,
        555.5,
        245,
        555.5,
        247,
        555.5,
        248,
        555.5,
        250,
        555.5,
        251,
        555.5,
        252,
        555.5,
        253,
        555.5,
        254,
        555.5,
        255,
        555.5,
        256,
        555.5,
        257,
        555.5,
        258,
        555.5,
        260,
        555.5,
        261,
        555.5,
        262,
        555.5,
        263,
        555.5,
        264,
        555.5,
        265,
        555.5,
        266,
        555.5,
        267,
        555.5,
        268,
        555.5,
        269,
        555.5,
        270,
        555.5,
        271,
        555.5,
        272,
        555.5,
        273,
        555.5,
        274,
        555.5,
        275,
        555.5,
        276,
        555.5,
        277,
        555.5,
        279,
        555.5,
        280,
        555.5,
        281,
        555.5,
        282,
        555.5,
        283,
        555.5,
        284,
        555.5,
        285,
        555.5,
        286,
        554.5,
        287,
        554.5,
        289,
        554.5,
        291,
        554.5,
        292,
        554.5,
        294,
        554.5,
        295,
        554.5,
        296,
        555.5,
        296,
        555.5,
        295,
        554.5,
        295,
        554.5,
        296
      ],
      "tool": "pen",
      "strokeWidth": 3
    },
    {
      "points": [
        638.5,
        188,
        639.5,
        189,
        639.5,
        190,
        639.5,
        191,
        638.5,
        191,
        638.5,
        192,
        638.5,
        193,
        638.5,
        194,
        638.5,
        195,
        638.5,
        196,
        638.5,
        197,
        638.5,
        198,
        638.5,
        199,
        638.5,
        200,
        638.5,
        201,
        638.5,
        202,
        638.5,
        203,
        638.5,
        204,
        638.5,
        205,
        638.5,
        206,
        638.5,
        207,
        638.5,
        208,
        638.5,
        209,
        638.5,
        210,
        638.5,
        211,
        638.5,
        212,
        638.5,
        213,
        638.5,
        214,
        638.5,
        215,
        638.5,
        216,
        638.5,
        217,
        638.5,
        218,
        638.5,
        219,
        638.5,
        220,
        638.5,
        221,
        638.5,
        222,
        638.5,
        223,
        638.5,
        224,
        638.5,
        225,
        638.5,
        226,
        638.5,
        227,
        638.5,
        229,
        638.5,
        230,
        638.5,
        231,
        638.5,
        232,
        638.5,
        233,
        638.5,
        234,
        638.5,
        235,
        638.5,
        236,
        638.5,
        238,
        638.5,
        239,
        638.5,
        240,
        638.5,
        242,
        638.5,
        243,
        638.5,
        244,
        638.5,
        245,
        638.5,
        246,
        638.5,
        247,
        638.5,
        248,
        638.5,
        249,
        638.5,
        250,
        638.5,
        252,
        638.5,
        253,
        638.5,
        254,
        638.5,
        256,
        638.5,
        257,
        638.5,
        258,
        638.5,
        260,
        638.5,
        261,
        638.5,
        263,
        638.5,
        265,
        638.5,
        266,
        638.5,
        267,
        638.5,
        269,
        638.5,
        271,
        638.5,
        273,
        638.5,
        274,
        638.5,
        275,
        638.5,
        276,
        638.5,
        277,
        638.5,
        278,
        638.5,
        279,
        638.5,
        280,
        638.5,
        281,
        638.5,
        282,
        638.5,
        283,
        639.5,
        284,
        639.5,
        285,
        639.5,
        286,
        639.5,
        288,
        639.5,
        289,
        639.5,
        290,
        639.5,
        292,
        639.5,
        293,
        639.5,
        295,
        639.5,
        296,
        639.5,
        297,
        639.5,
        296,
        639.5,
        295,
        638.5,
        293,
        638.5,
        292,
        637.5,
        290
      ],
      "tool": "pen",
      "strokeWidth": 3
    },
    {
      "points": [
        636.5,
        189,
        637.5,
        189,
        637.5,
        190,
        638.5,
        190,
        639.5,
        190,
        640.5,
        189,
        641.5,
        189,
        643.5,
        189,
        644.5,
        189,
        647.5,
        188,
        649.5,
        188,
        651.5,
        188,
        654.5,
        188,
        655.5,
        187,
        658.5,
        187,
        660.5,
        187,
        662.5,
        187,
        664.5,
        187,
        667.5,
        187,
        669.5,
        187,
        672.5,
        186,
        674.5,
        186,
        675.5,
        186,
        679.5,
        186,
        681.5,
        186,
        682.5,
        186,
        684.5,
        186,
        687.5,
        186,
        688.5,
        186,
        691.5,
        187,
        694.5,
        187,
        695.5,
        187,
        698.5,
        187,
        700.5,
        187,
        703.5,
        187,
        706.5,
        187,
        708.5,
        186,
        709.5,
        186,
        710.5,
        186,
        711.5,
        186,
        712.5,
        186,
        713.5,
        186,
        715.5,
        186,
        717.5,
        186,
        720.5,
        186,
        722.5,
        186,
        724.5,
        186,
        727.5,
        186,
        729.5,
        186,
        730.5,
        186,
        732.5,
        186,
        734.5,
        186,
        735.5,
        186,
        736.5,
        186,
        737.5,
        186,
        738.5,
        186,
        740.5,
        186,
        741.5,
        186,
        743.5,
        186,
        745.5,
        186,
        746.5,
        186,
        747.5,
        186,
        748.5,
        186,
        749.5,
        186,
        750.5,
        186,
        751.5,
        186,
        750.5,
        187,
        749.5,
        188,
        748.5,
        189,
        745.5,
        190
      ],
      "tool": "pen",
      "strokeWidth": 3
    },
    {
      "points": [
        707.5,
        187,
        707.5,
        188,
        708.5,
        188,
        708.5,
        189,
        708.5,
        190,
        708.5,
        191,
        708.5,
        192,
        708.5,
        193,
        708.5,
        194,
        708.5,
        195,
        708.5,
        196,
        708.5,
        197,
        708.5,
        198,
        708.5,
        199,
        708.5,
        200,
        708.5,
        201,
        708.5,
        202,
        708.5,
        203,
        708.5,
        204,
        708.5,
        205,
        708.5,
        206,
        708.5,
        207,
        708.5,
        208,
        708.5,
        209,
        708.5,
        210,
        708.5,
        211,
        708.5,
        212,
        708.5,
        213,
        708.5,
        215,
        708.5,
        216,
        708.5,
        217,
        708.5,
        218,
        707.5,
        220,
        707.5,
        222,
        707.5,
        223,
        707.5,
        224,
        707.5,
        226,
        707.5,
        227,
        707.5,
        228,
        707.5,
        230,
        707.5,
        231,
        707.5,
        233,
        707.5,
        234,
        707.5,
        235,
        707.5,
        237,
        707.5,
        239,
        707.5,
        240,
        707.5,
        241,
        707.5,
        242,
        707.5,
        244,
        707.5,
        245,
        707.5,
        247,
        707.5,
        248,
        707.5,
        251,
        707.5,
        252,
        707.5,
        253,
        707.5,
        255,
        707.5,
        256,
        707.5,
        258,
        707.5,
        259,
        707.5,
        260,
        707.5,
        261,
        707.5,
        263,
        707.5,
        266,
        707.5,
        267,
        707.5,
        268,
        706.5,
        270,
        706.5,
        271,
        706.5,
        272,
        706.5,
        273,
        706.5,
        274,
        706.5,
        275,
        706.5,
        277,
        706.5,
        278,
        706.5,
        279,
        706.5,
        281,
        707.5,
        282,
        707.5,
        284,
        707.5,
        285,
        707.5,
        287,
        707.5,
        288,
        707.5,
        290,
        707.5,
        291,
        707.5,
        293,
        707.5,
        294,
        707.5,
        293,
        707.5,
        292,
        707.5,
        294
      ],
      "tool": "pen",
      "strokeWidth": 3
    }
  ]
}