{
  "id": "p",
  "shapes": [
    {
      "points": [
        311,
        161,
        311,
        159,
        311,
        158,
        311,
        157,
        311,
        156,
        311,
        155,
        311,
        154,
        311,
        153,
        311,
        154,
        311,
        155,
        311,
        156,
        311,
        157,
        311,
        159,
        311,
        161,
        311,
        163,
        311,
        164,
        311,
        166,
        311,
        169,
        311,
        171,
        311,
        172,
        311,
        173,
        311,
        175,
        311,
        176,
        311,
        179,
        311,
        183,
        311,
        185,
        311,
        189,
        311,
        192,
        311,
        194,
        311,
        199,
        311,
        203,
        311,
        205,
        311,
        211,
        311,
        215,
        311,
        217,
        311,
        224,
        311,
        229,
        311,
        232,
        312,
        235,
        312,
        238,
        312,
        241,
        312,
        245,
        312,
        249,
        312,
        252,
        312,
        255,
        312,
        258,
        312,
        261,
        312,
        264,
        312,
        266,
        312,
        269,
        312,
        272,
        312,
        274,
        312,
        275,
        312,
        277,
        312,
        280,
        313,
        283,
        313,
        285,
        313,
        288,
        313,
        290,
        313,
        293,
        313,
        294,
        313,
        297,
        313,
        299,
        313,
        300,
        313,
        301,
        313,
        302,
        313,
        303,
        313,
        304,
        313,
        305,
        313,
        306,
        313,
        307,
        313,
        308,
        313,
        309,
        313,
        310,
        313,
        311,
        314,
        312,
        314,
        313,
        314,
        312,
        315,
        312,
        316,
        312
      ],
      "tool": "pen",
      "strokeWidth": 4
    },
    {
      "points": [
        319,
        310,
        319,
        311,
        320,
        311,
        321,
        311,
        324,
        311,
        327,
        311,
        330,
        311,
        334,
        311,
        338,
        311,
        344,
        311,
        349,
        311,
        355,
        311,
        362,
        311,
        369,
        311,
        376,
        311,
        384,
        311,
        391,
        311,
        400,
        311,
        408,
        311,
        417,
        310,
        425,
        310,
        432,
        310,
        439,
        310,
        446,
        310,
        452,
        310,
        458,
        310,
        463,
        310,
        466,
        310,
        469,
        310,
        472,
        310,
        475,
        310,
        477,
        310,
        479,
        310,
        480,
        310,
        482,
        310,
        484,
        310,
        485,
        310,
        487,
        310,
        490,
        310,
        492,
        310,
        493,
        310,
        494,
        310,
        495,
        310,
        496,
        310,
        498,
        310,
        499,
        310,
        501,
        310,
        503,
        310,
        504,
        310,
        505,
        310,
        506,
        310,
        507,
        310,
        508,
        310,
        509,
        310,
        510,
        310,
        511,
        310,
        510,
        310,
        510,
        311,
        509,
        311,
        510,
        310
      ],
      "tool": "pen",
      "strokeWidth": 4
    },
    {
      "points": [
        509,
        154,
        509,
        155,
        509,
        156,
        509,
        157,
        509,
        158,
        509,
        160,
        509,
        161,
        509,
        163,
        509,
        165,
        509,
        167,
        509,
        170,
        509,
        173,
        509,
        176,
        509,
        179,
        509,
        182,
        510,
        185,
        510,
        189,
        510,
        193,
        510,
        197,
        510,
        201,
        510,
        205,
        510,
        209,
        510,
        214,
        510,
        219,
        510,
        223,
        510,
        229,
        510,
        233,
        510,
        237,
        510,
        241,
        511,
        245,
        511,
        250,
        511,
        254,
        511,
        258,
        511,
        261,
        511,
        264,
        511,
        268,
        511,
        272,
        511,
        275,
        511,
        279,
        511,
        282,
        511,
        284,
        511,
        286,
        511,
        288,
        511,
        290,
        511,
        291,
        512,
        293,
        512,
        295,
        512,
        298,
        512,
        300,
        512,
        302,
        512,
        304,
        512,
        306,
        512,
        307,
        512,
        308,
        512,
        309,
        512,
        308,
        513,
        308,
        512,
        308,
        511,
        308,
        513,
        308
      ],
      "tool": "pen",
      "strokeWidth": 4
    },
    {
      "points": [
        412,
        125,
        411,
        125,
        410,
        125,
        410,
        126,
        409,
        126,
        408,
        126,
        407,
        126,
        406,
        126,
        405,
        126,
        404,
        126,
        403,
        126,
        402,
        126,
        401,
        126,
        400,
        125,
        399,
        125,
        398,
        125,
        397,
        125,
        397,
        124,
        396,
        124,
        395,
        123,
        394,
        123,
        393,
        122,
        392,
        122,
        392,
        121,
        391,
        121,
        391,
        120,
        390,
        120,
        389,
        119,
        389,
        118,
        388,
        118,
        388,
        117,
        388,
        116,
        387,
        116,
        387,
        115,
        387,
        114,
        386,
        114,
        386,
        113,
        385,
        112,
        385,
        111,
        385,
        110,
        385,
        109,
        385,
        108,
        385,
        107,
        385,
        106,
        385,
        105,
        385,
        104,
        385,
        103,
        386,
        102,
        386,
        101,
        387,
        100,
        388,
        99,
        388,
        98,
        388,
        97,
        389,
        96,
        390,
        95,
        390,
        94,
        391,
        94,
        391,
        93,
        393,
        92,
        394,
        91,
        395,
        91,
        395,
        90,
        396,
        90,
        397,
        90,
        397,
        89,
        398,
        89,
        399,
        89,
        400,
        88,
        401,
        88,
        403,
        88,
        404,
        88,
        405,
        88,
        406,
        88,
        407,
        88,
        408,
        88,
        409,
        88,
        410,
        88,
        411,
        88,
        412,
        88,
        413,
        88,
        414,
        88,
        415,
        88,
        416,
        88,
        417,
        88,
        418,
        89,
        419,
        89,
        420,
        89,
        420,
        90,
        421,
        90,
        422,
        90,
        422,
        91,
        423,
        91,
        424,
        91,
        424,
        92,
        425,
        92,
        426,
        93,
        427,
        93,
        427,
        94,
        428,
        94,
        428,
        95,
        429,
        95,
        429,
        96,
        430,
        96,
        430,
        97,
        431,
        97,
        431,
        98,
        432,
        98,
        432,
        99,
        432,
        100,
        433,
        100,
        433,
        101,
        433,
        102,
        434,
        102,
        434,
        103,
        434,
        104,
        434,
        105,
        434,
        106,
        434,
        107,
        434,
        108,
        434,
        109,
        434,
        110,
        434,
        111,
        434,
        112,
        434,
        113,
        433,
        114,
        433,
        115,
        432,
        116,
        431,
        117,
        431,
        118,
        430,
        119,
        430,
        120,
        429,
        121,
        428,
        121,
        428,
        122,
        427,
        122,
        427,
        123,
        426,
        123,
        425,
        124,
        424,
        125,
        423,
        125,
        423,
        126,
        422,
        126,
        421,
        126,
        421,
        127,
        420,
        127,
        419,
        127,
        418,
        127,
        418,
        128,
        417,
        128,
        416,
        128,
        415,
        128,
        414,
        128,
        413,
        128,
        412,
        128,
        412,
        127,
        411,
        127,
        411,
        126
      ],
      "tool": "pen",
      "strokeWidth": 4
    }
  ]
}