{
  "id": "pi",
  "shapes": [
    {
      "points": [
        381,
        196,
        381,
        194,
        381,
        195,
        381,
        197,
        381,
        199,
        381,
        203,
        381,
        211,
        381,
        215,
        381,
        223,
        381,
        239,
        381,
        244,
        382,
        256,
        382,
        274,
        382,
        285,
        382,
        290,
        382,
        301,
        382,
        307,
        382,
        309,
        382,
        318,
        382,
        322,
        382,
        324,
        382,
        330,
        382,
        333,
        382,
        334,
        383,
        334
      ],
      "tool": "pen",
      "strokeWidth": 3
    },
    {
      "points": [
        385,
        333,
        385,
        334,
        386,
        334,
        388,
        334,
        390,
        334,
        392,
        333,
        394,
        333,
        396,
        333,
        401,
        333,
        406,
        333,
        411,
        333,
        416,
        333,
        421,
        333,
        426,
        333,
        432,
        333,
        438,
        333,
        443,
        333,
        450,
        333,
        452,
        333,
        457,
        333,
        462,
        333,
        466,
        333,
        472,
        333,
        477,
        333,
        482,
        333,
        487,
        333,
        491,
        333,
        495,
        333,
        499,
        333,
        502,
        333,
        505,
        333,
        507,
        333,
        510,
        333,
        513,
        333,
        517,
        333,
        521,
        332,
        527,
        332,
        528,
        332,
        531,
        332,
        535,
        332,
        536,
        332,
        539,
        332,
        542,
        332,
        543,
        332,
        544,
        332,
        545,
        332,
        546,
        332,
        548,
        332,
        550,
        332,
        551,
        332,
        552,
        332,
        553,
        332,
        554,
        332,
        553,
        332,
        553,
        333,
        553,
        332,
        553,
        331,
        553,
        329,
        553,
        327,
        553,
        324,
        553,
        322,
        553,
        320,
        553,
        317,
        553,
        314,
        553,
        312,
        552,
        309,
        552,
        306,
        552,
        302,
        552,
        297,
        551,
        291,
        551,
        286,
        551,
        282,
        551,
        278,
        551,
        273,
        551,
        268,
        551,
        263,
        550,
        257,
        550,
        252,
        550,
        247,
        550,
        243,
        550,
        240,
        550,
        237,
        550,
        235,
        550,
        232,
        549,
        228,
        549,
        224,
        549,
        220,
        549,
        216,
        549,
        214,
        549,
        212,
        549,
        211,
        549,
        210,
        549,
        209,
        549,
        208,
        549,
        206,
        549,
        204,
        549,
        201,
        549,
        198,
        549,
        197,
        549,
        196,
        549,
        195,
        549,
        194,
        549,
        193,
        549,
        192,
        548,
        192,
        548,
        193,
        547,
        193,
        549,
        192
      ],
      "tool": "pen",
      "strokeWidth": 3
    },
    {
      "points": [
        549,
        225,
        549,
        224,
        548,
        224,
        547,
        224,
        547,
        223,
        546,
        223,
        545,
        223,
        545,
        222,
        544,
        222,
        543,
        222,
        543,
        221,
        542,
        221,
        541,
        221,
        540,
        221,
        540,
        220,
        539,
        220,
        538,
        220,
        537,
        220,
        537,
        219,
        536,
        219,
        535,
        219,
        534,
        218,
        533,
        218,
        532,
        218,
        531,
        218,
        531,
        217,
        530,
        217,
        529,
        217,
        528,
        217,
        527,
        217,
        527,
        216,
        526,
        216,
        525,
        216,
        524,
        216,
        524,
        215,
        523,
        215,
        522,
        215,
        521,
        215,
        521,
        214,
        520,
        214,
        519,
        214,
        518,
        213,
        517,
        213,
        516,
        213,
        516,
        212,
        515,
        212,
        514,
        212,
        513,
        212,
        513,
        211,
        512,
        211,
        511,
        211,
        510,
        210,
        509,
        210,
        508,
        210,
        507,
        209,
        506,
        209,
        505,
        209,
        505,
        208,
        504,
        208,
        504,
        207,
        503,
        207,
        502,
        206,
        501,
        206,
        500,
        205,
        500,
        204,
        499,
        204,
        498,
        203,
        497,
        202,
        496,
        201,
        496,
        200,
        495,
        200,
        495,
        199,
        494,
        199,
        494,
        198,
        493,
        198,
        493,
        197,
        492,
        197,
        492,
        196,
        491,
        195,
        490,
        194,
        489,
        193,
        489,
        192,
        487,
        191,
        487,
        190,
        486,
        190,
        486,
        189,
        485,
        188,
        484,
        187,
        484,
        186,
        483,
        185,
        482,
        184,
        482,
        183,
        481,
        183,
        481,
        182,
        480,
        181,
        480,
        180,
        479,
        178,
        479,
        176,
        479,
        174,
        479,
        173,
        479,
        171,
        479,
        170,
        479,
        169,
        479,
        168,
        479,
        167,
        479,
        166,
        479,
        165,
        479,
        164,
        479,
        163,
        479,
        162,
        479,
        161,
        479,
        160,
        480,
        159,
        480,
        158,
        480,
        157,
        480,
        156,
        480,
        155,
        481,
        155,
        481,
        154,
        481,
        152,
        482,
        151,
        483,
        149,
        483,
        148,
        484,
        148,
        484,
        147,
        485,
        146,
        485,
        145,
        486,
        144,
        486,
        143,
        487,
        143,
        488,
        142,
        489,
        140,
        491,
        139,
        492,
        137,
        493,
        136,
        493,
        135,
        494,
        135,
        495,
        135,
        496,
        134,
        497,
        133,
        498,
        132,
        499,
        132,
        499,
        131,
        501,
        131,
        502,
        130,
        504,
        128,
        505,
        128,
        506,
        127,
        507,
        126,
        508,
        126,
        509,
        125,
        510,
        125,
        511,
        125,
        512,
        124,
        513,
        123,
        514,
        123,
        515,
        122,
        516,
        122,
        518,
        121,
        519,
        121,
        520,
        121,
        521,
        121,
        521,
        120,
        523,
        120,
        524,
        120,
        525,
        120,
        527,
        119,
        528,
        119,
        529,
        119,
        531,
        119,
        532,
        119,
        533,
        118,
        534,
        118,
        535,
        118,
        536,
        118,
        537,
        118,
        538,
        118,
        539,
        118,
        540,
        118,
        541,
        118,
        542,
        118,
        543,
        118,
        544,
        118,
        545,
        118,
        547,
        118,
        549,
        118,
        550,
        118,
        552,
        118,
        553,
        118,
        554,
        118,
        555,
        118,
        556,
        118,
        557,
        118,
        558,
        118,
        559,
        118,
        560,
        118,
        561,
        119,
        562,
        119,
        563,
        119,
        564,
        119,
        565,
        119,
        566,
        119,
        567,
        119,
        568,
        120,
        569,
        120,
        570,
        120,
        571,
        120,
        572,
        120,
        573,
        120,
        574,
        121,
        575,
        121,
        576,
        121,
        577,
        122,
        578,
        122,
        579,
        122,
        580,
        122,
        581,
        123,
        583,
        123,
        583,
        124,
        584,
        124,
        585,
        124,
        586,
        124,
        586,
        125,
        587,
        125,
        588,
        125,
        589,
        126,
        590,
        126,
        591,
        127,
        592,
        127,
        593,
        127,
        593,
        128,
        594,
        128,
        595,
        128,
        595,
        129,
        596,
        129,
        597,
        129,
        598,
        130,
        599,
        130,
        599,
        131,
        600,
        131,
        601,
        132,
        602,
        132,
        603,
        133,
        604,
        133,
        605,
        134,
        607,
        134,
        607,
        135,
        608,
        135,
        609,
        136,
        610,
        136,
        610,
        137,
        611,
        137,
        611,
        138,
        612,
        138,
        613,
        139,
        614,
        140,
        615,
        141,
        616,
        142,
        617,
        142,
        617,
        143,
        618,
        143,
        618,
        144,
        619,
        144,
        619,
        145,
        619,
        146,
        620,
        146,
        621,
        147,
        621,
        148,
        622,
        149,
        622,
        150,
        623,
        150,
        623,
        151,
        624,
        152,
        625,
        153,
        625,
        154,
        626,
        154,
        626,
        155,
        626,
        156,
        627,
        156,
        627,
        157,
        628,
        158,
        628,
        159,
        629,
        161,
        630,
        161,
        630,
        162,
        630,
        163,
        631,
        163,
        631,
        164,
        631,
        165,
        632,
        165,
        632,
        166,
        632,
        167,
        633,
        167,
        633,
        168,
        633,
        169,
        634,
        170,
        635,
        170,
        635,
        171,
        635,
        172,
        636,
        172,
        636,
        173,
        636,
        174,
        637,
        174,
        637,
        175,
        637,
        176,
        638,
        176,
        638,
        177,
        638,
        178,
        638,
        179,
        638,
        180,
        638,
        181,
        638,
        182,
        638,
        183,
        638,
        184,
        638,
        185,
        638,
        186,
        638,
        188,
        638,
        189,
        638,
        190,
        638,
        191,
        638,
        192,
        638,
        193,
        638,
        194,
        638,
        195,
        638,
        196,
        638,
        197,
        638,
        198,
        638,
        199,
        638,
        200,
        638,
        201,
        638,
        202,
        638,
        203,
        638,
        204,
        638,
        205,
        638,
        206,
        638,
        207,
        638,
        208,
        638,
        209,
        638,
        210,
        638,
        211,
        638,
        212,
        638,
        213,
        638,
        214,
        638,
        215,
        638,
        216,
        638,
        217,
        638,
        218,
        638,
        220,
        638,
        221,
        638,
        222,
        638,
        223,
        638,
        224,
        638,
        225,
        638,
        227,
        639,
        228,
        639,
        230,
        639,
        231,
        639,
        234,
        639,
        236,
        639,
        238,
        639,
        240,
        639,
        242,
        639,
        243,
        639,
        244,
        639,
        245,
        639,
        246,
        639,
        248,
        639,
        250,
        639,
        252,
        639,
        255,
        639,
        258,
        639,
        260,
        639,
        261,
        639,
        262,
        639,
        263,
        639,
        264,
        639,
        265,
        639,
        267,
        639,
        269,
        639,
        273,
        639,
        278,
        640,
        280,
        640,
        282,
        640,
        283,
        640,
        284,
        640,
        285,
        640,
        286,
        640,
        288,
        640,
        289,
        640,
        292,
        640,
        296,
        640,
        297,
        640,
        299,
        640,
        301,
        640,
        302,
        640,
        304,
        640,
        305,
        640,
        307,
        640,
        310,
        640,
        311,
        640,
        314,
        640,
        317,
        640,
        318,
        640,
        319,
        640,
        320,
        640,
        321,
        640,
        322,
        640,
        324,
        640,
        325,
        640,
        326,
        640,
        328,
        640,
        330,
        641,
        331,
        641,
        334,
        641,
        335,
        641,
        336,
        641,
        337,
        641,
        336,
        641,
        337,
        641,
        338,
        641,
        339,
        641,
        338,
        641,
        339
      ],
      "tool": "pen",
      "strokeWidth": 3
    }
  ]
}