{
  "id": "ra",
  "shapes": [
    {
      "points": [
        383.5,
        120,
        384.5,
        120,
        384.5,
        119,
        384.5,
        120,
        384.5,
        121,
        384.5,
        122,
        384.5,
        127,
        384.5,
        131,
        384.5,
        134,
        384.5,
        144,
        384.5,
        151,
        384.5,
        160,
        384.5,
        169,
        384.5,
        178,
        384.5,
        186,
        384.5,
        194,
        384.5,
        203,
        384.5,
        210,
        384.5,
        218,
        384.5,
        226,
        384.5,
        233,
        384.5,
        239,
        384.5,
        246,
        384.5,
        251,
        384.5,
        256,
        384.5,
        261,
        383.5,
        266,
        383.5,
        271,
        383.5,
        275,
        383.5,
        280,
        383.5,
        284,
        383.5,
        288,
        383.5,
        291,
        383.5,
        294,
        383.5,
        295,
        383.5,
        297,
        383.5,
        299,
        383.5,
        302,
        383.5,
        304,
        383.5,
        307,
        383.5,
        309,
        383.5,
        310,
        382.5,
        310,
        383.5,
        310,
        383.5,
        309,
        383.5,
        308,
        382.5,
        307,
        381.5,
        307,
        383.5,
        310
      ],
      "tool": "pen",
      "strokeWidth": 4
    },
    {
      "points": [
        387.5,
        122,
        388.5,
        122,
        389.5,
        122,
        391.5,
        122,
        392.5,
        122,
        394.5,
        122,
        396.5,
        122,
        399.5,
        122,
        402.5,
        121,
        405.5,
        121,
        408.5,
        121,
        412.5,
        121,
        416.5,
        121,
        420.5,
        121,
        425.5,
        121,
        430.5,
        121,
        435.5,
        121,
        440.5,
        121,
        445.5,
        121,
        451.5,
        121,
        457.5,
        121,
        463.5,
        121,
        468.5,
        121,
        473.5,
        121,
        478.5,
        121,
        483.5,
        121,
        488.5,
        121,
        494.5,
        121,
        499.5,
        121,
        504.5,
        121,
        509.5,
        121,
        515.5,
        120,
        520.5,
        120,
        524.5,
        120,
        527.5,
        120,
        530.5,
        120,
        532.5,
        120,
        534.5,
        120,
        536.5,
        120,
        537.5,
        120,
        539.5,
        120,
        540.5,
        120,
        542.5,
        120,
        543.5,
        120,
        545.5,
        120,
        546.5,
        120,
        547.5,
        120,
        548.5,
        120,
        549.5,
        120,
        550.5,
        120,
        551.5,
        120,
        552.5,
        120,
        553.5,
        120,
        554.5,
        120,
        555.5,
        119,
        557.5,
        119,
        558.5,
        119,
        559.5,
        119,
        560.5,
        119,
        560.5,
        120,
        559.5,
        120,
        558.5,
        119,
        560.5,
        120
      ],
      "tool": "pen",
      "strokeWidth": 4
    },
    {
      "points": [
        502.5,
        121,
        502.5,
        120,
        502.5,
        119,
        502.5,
        120,
        502.5,
        121,
        502.5,
        124,
        502.5,
        128,
        502.5,
        134,
        502.5,
        142,
        502.5,
        150,
        502.5,
        159,
        502.5,
        167,
        502.5,
        176,
        502.5,
        183,
        502.5,
        189,
        502.5,
        194,
        502.5,
        200,
        502.5,
        205,
        502.5,
        211,
        502.5,
        217,
        502.5,
        224,
        502.5,
        230,
        502.5,
        235,
        502.5,
        240,
        502.5,
        244,
        502.5,
        248,
        502.5,
        252,
        502.5,
        257,
        502.5,
        261,
        502.5,
        266,
        502.5,
        270,
        502.5,
        274,
        502.5,
        277,
        503.5,
        278,
        503.5,
        279,
        503.5,
        280,
        503.5,
        281,
        503.5,
        282,
        503.5,
        284,
        503.5,
        285,
        503.5,
        287,
        503.5,
        289,
        503.5,
        290,
        503.5,
        291,
        503.5,
        292,
        503.5,
        293,
        503.5,
        292,
        503.5,
        293,
        502.5,
        293,
        501.5,
        294,
        499.5,
        295,
        497.5,
        297,
        494.5,
        299,
        492.5,
        301,
        489.5,
        303,
        486.5,
        306,
        482.5,
        309,
        478.5,
        311,
        475.5,
        314,
        471.5,
        317,
        467.5,
        320,
        464.5,
        322,
        462.5,
        324,
        460.5,
        326,
        458.5,
        327,
        454.5,
        330,
        450.5,
        333,
        445.5,
        337,
        441.5,
        340,
        436.5,
        344,
        431.5,
        348,
        426.5,
        351,
        423.5,
        355,
        420.5,
        357,
        418.5,
        358,
        416.5,
        360,
        414.5,
        361,
        412.5,
        363,
        410.5,
        364,
        409.5,
        365,
        408.5,
        366,
        407.5,
        366,
        407.5,
        367,
        406.5,
        367,
        405.5,
        368,
        404.5,
        369,
        403.5,
        369,
        403.5,
        370,
        403.5,
        369,
        404.5,
        369,
        403.5,
        369,
        402.5,
        370,
        401.5,
        370,
        404.5,
        369
      ],
      "tool": "pen",
      "strokeWidth": 4
    }
  ]
}