{
  "id": "raa",
  "shapes": [
    {
      "points": [
        346,
        163,
        346,
        162,
        347,
        162,
        348,
        162,
        349,
        162,
        349,
        161,
        350,
        161,
        350,
        162,
        350,
        163,
        350,
        165,
        350,
        169,
        350,
        175,
        350,
        186,
        350,
        190,
        351,
        197,
        351,
        205,
        351,
        211,
        351,
        217,
        351,
        223,
        351,
        228,
        351,
        233,
        351,
        238,
        351,
        245,
        351,
        247,
        351,
        251,
        351,
        254,
        351,
        255,
        351,
        257,
        351,
        261,
        351,
        262,
        351,
        264,
        351,
        265,
        351,
        267,
        351,
        268,
        351,
        269,
        351,
        271,
        351,
        272,
        351,
        273,
        351,
        274,
        352,
        274,
        352,
        273,
        351,
        274
      ],
      "tool": "pen",
      "strokeWidth": 3
    },
    {
      "points": [
        348,
        161,
        347,
        160,
        348,
        160,
        349,
        160,
        351,
        160,
        352,
        160,
        357,
        159,
        361,
        159,
        363,
        159,
        371,
        159,
        376,
        159,
        382,
        159,
        388,
        159,
        395,
        159,
        401,
        159,
        408,
        159,
        414,
        159,
        420,
        158,
        426,
        158,
        431,
        158,
        436,
        158,
        441,
        158,
        446,
        158,
        450,
        158,
        454,
        158,
        459,
        158,
        462,
        158,
        466,
        158,
        469,
        157,
        472,
        157,
        474,
        157,
        475,
        157,
        476,
        157,
        477,
        157,
        479,
        157,
        480,
        157,
        481,
        157,
        482,
        157,
        483,
        157,
        484,
        157,
        485,
        157,
        486,
        157,
        487,
        157,
        486,
        157,
        487,
        157
      ],
      "tool": "pen",
      "strokeWidth": 3
    },

    {
      "points": [
        440,
        163,
        441,
        163,
        441,
        162,
        441,
        161,
        441,
        160,
        441,
        159,
        441,
        160,
        441,
        161,
        441,
        163,
        441,
        166,
        441,
        171,
        441,
        176,
        441,
        182,
        441,
        187,
        441,
        194,
        442,
        200,
        442,
        206,
        442,
        212,
        442,
        218,
        442,
        223,
        442,
        228,
        442,
        233,
        442,
        237,
        442,
        241,
        442,
        245,
        442,
        248,
        442,
        251,
        442,
        253,
        442,
        256,
        442,
        258,
        442,
        260,
        442,
        263,
        442,
        266,
        442,
        268,
        442,
        270,
        442,
        272,
        442,
        274,
        442,
        275,
        442,
        276,
        442,
        275,
        443,
        275,
        442,
        275,
        441,
        275,
        440,
        275,
        439,
        276,
        437,
        276,
        435,
        276,
        432,
        277,
        429,
        277,
        426,
        278,
        423,
        279,
        418,
        279,
        417,
        280,
        413,
        280,
        406,
        281,
        404,
        282,
        399,
        282,
        391,
        284,
        388,
        284,
        384,
        285,
        377,
        286,
        375,
        286,
        370,
        287,
        365,
        288,
        363,
        288,
        359,
        289,
        354,
        290,
        352,
        290,
        349,
        290,
        347,
        291,
        346,
        291,
        344,
        291,
        342,
        292,
        341,
        292,
        338,
        292,
        336,
        293,
        335,
        293,
        332,
        293,
        329,
        294,
        328,
        294,
        327,
        294,
        326,
        294,
        327,
        294,
        326,
        294,
        327,
        294,
        327,
        295,
        327,
        296,
        327,
        294
      ],
      "tool": "pen",
      "strokeWidth": 3
    },
    {
      "points": [
        520,
        157,
        521,
        156,
        521,
        157,
        521,
        158,
        521,
        159,
        521,
        162,
        521,
        166,
        521,
        173,
        521,
        180,
        522,
        188,
        522,
        196,
        522,
        205,
        523,
        218,
        523,
        222,
        523,
        230,
        523,
        240,
        523,
        243,
        523,
        249,
        524,
        257,
        524,
        259,
        524,
        263,
        524,
        266,
        524,
        268,
        524,
        270,
        524,
        271,
        523,
        270,
        523,
        269,
        524,
        271
      ],
      "tool": "pen",
      "strokeWidth": 3
    },
    {
      "points": [
        519,
        160,
        519,
        159,
        519,
        158,
        519,
        157,
        520,
        157,
        522,
        157,
        526,
        157,
        532,
        157,
        538,
        157,
        544,
        157,
        552,
        157,
        560,
        157,
        568,
        157,
        575,
        157,
        582,
        157,
        589,
        157,
        597,
        157,
        605,
        156,
        613,
        156,
        622,
        156,
        629,
        156,
        635,
        156,
        638,
        156,
        642,
        156,
        645,
        156,
        648,
        156,
        649,
        156,
        650,
        156,
        651,
        156,
        652,
        156,
        653,
        156,
        654,
        156,
        655,
        156,
        656,
        156,
        657,
        156,
        658,
        156,
        659,
        156,
        658,
        156,
        658,
        157,
        656,
        158,
        655,
        158
      ],
      "tool": "pen",
      "strokeWidth": 3
    },
    {
      "points": [
        611,
        153
      ],
      "tool": "pen",
      "strokeWidth": 3
    },
    {
      "points": [
        613,
        157,
        612,
        155,
        612,
        154,
        612,
        155,
        612,
        156,
        612,
        157,
        612,
        159,
        612,
        161,
        612,
        167,
        612,
        174,
        612,
        178,
        612,
        191,
        612,
        201,
        612,
        206,
        612,
        221,
        612,
        230,
        612,
        237,
        612,
        244,
        612,
        250,
        612,
        256,
        612,
        261,
        612,
        264,
        612,
        266,
        612,
        267,
        612,
        268,
        612,
        269,
        612,
        271,
        612,
        270,
        612,
        269,
        612,
        270
      ],
      "tool": "pen",
      "strokeWidth": 3
    }
  ]
}