{
  "id": "ree",
  "shapes": [
    {
      "points": [
        418,
        167,
        416,
        167,
        416,
        168,
        416,
        170,
        416,
        172,
        416,
        176,
        416,
        179,
        416,
        184,
        416,
        189,
        416,
        195,
        416,
        200,
        416,
        206,
        416,
        216,
        416,
        221,
        416,
        224,
        416,
        230,
        416,
        236,
        416,
        241,
        416,
        246,
        416,
        251,
        416,
        256,
        416,
        261,
        416,
        266,
        416,
        271,
        416,
        275,
        416,
        279,
        416,
        284,
        416,
        288,
        416,
        291,
        416,
        296,
        416,
        297,
        416,
        299,
        416,
        302,
        416,
        303,
        416,
        305,
        416,
        306,
        416,
        307,
        416,
        308,
        416,
        310,
        416,
        311,
        417,
        310,
        421,
        309
      ],
      "tool": "pen",
      "strokeWidth": 3
    },
    {
      "points": [
        417,
        169,
        416,
        168,
        417,
        168,
        419,
        168,
        421,
        168,
        424,
        168,
        428,
        168,
        434,
        168,
        437,
        168,
        448,
        168,
        455,
        167,
        463,
        167,
        471,
        167,
        479,
        167,
        486,
        167,
        493,
        167,
        500,
        167,
        506,
        167,
        512,
        167,
        518,
        167,
        523,
        167,
        528,
        167,
        532,
        167,
        535,
        167,
        538,
        166,
        541,
        166,
        544,
        166,
        547,
        166,
        550,
        166,
        551,
        166,
        554,
        166,
        556,
        166,
        558,
        166,
        559,
        166,
        560,
        166,
        562,
        166,
        563,
        166,
        564,
        166,
        565,
        166,
        566,
        166,
        567,
        166,
        568,
        166,
        569,
        166,
        570,
        166,
        569,
        165,
        570,
        166
      ],
      "tool": "pen",
      "strokeWidth": 3
    },
    {
      "points": [
        506,
        169,
        506,
        167,
        507,
        167,
        507,
        168,
        507,
        170,
        507,
        171,
        507,
        176,
        507,
        183,
        507,
        188,
        507,
        192,
        507,
        203,
        507,
        211,
        507,
        214,
        507,
        221,
        507,
        229,
        507,
        232,
        507,
        239,
        507,
        244,
        507,
        246,
        507,
        252,
        507,
        256,
        507,
        259,
        507,
        265,
        507,
        267,
        507,
        269,
        507,
        272,
        507,
        274,
        507,
        276,
        507,
        278,
        507,
        281,
        507,
        283,
        507,
        285,
        507,
        287,
        507,
        288,
        507,
        289,
        507,
        290,
        507,
        291,
        507,
        292,
        507,
        294,
        507,
        296,
        507,
        297,
        507,
        299,
        507,
        300,
        507,
        301,
        507,
        302,
        507,
        303,
        507,
        305,
        507,
        306,
        508,
        306,
        509,
        306
      ],
      "tool": "pen",
      "strokeWidth": 3
    },
    {
      "points": [
        509,
        306
      ],
      "tool": "pen",
      "strokeWidth": 3
    },
    {
      "points": [
        510,
        308,
        508,
        306
      ],
      "tool": "pen",
      "strokeWidth": 3
    },
    {
      "points": [
        509,
        302
      ],
      "tool": "pen",
      "strokeWidth": 3
    },
    {
      "points": [
        508,
        305,
        507,
        305,
        507,
        306,
        506,
        306,
        505,
        307,
        503,
        309,
        502,
        310,
        499,
        313,
        493,
        318,
        490,
        320,
        485,
        325,
        476,
        333,
        470,
        338,
        467,
        340,
        462,
        344,
        459,
        347,
        458,
        348,
        455,
        350,
        454,
        351,
        453,
        351,
        453,
        352,
        452,
        352,
        451,
        353,
        448,
        355,
        446,
        357,
        445,
        358,
        441,
        361,
        440,
        362,
        439,
        363,
        438,
        364,
        437,
        365,
        438,
        365,
        438,
        364,
        439,
        363,
        438,
        365
      ],
      "tool": "pen",
      "strokeWidth": 3
    },
    {
      "points": [
        481,
        164,
        481,
        165,
        481,
        164,
        480,
        164,
        480,
        163,
        479,
        163,
        479,
        162,
        478,
        162,
        478,
        161,
        477,
        161,
        477,
        160,
        476,
        159,
        476,
        158,
        475,
        158,
        475,
        157,
        474,
        156,
        474,
        155,
        473,
        155,
        473,
        154,
        472,
        153,
        471,
        151,
        471,
        150,
        471,
        149,
        470,
        148,
        470,
        147,
        470,
        146,
        470,
        145,
        469,
        144,
        469,
        143,
        469,
        141,
        469,
        140,
        469,
        139,
        469,
        138,
        469,
        137,
        469,
        136,
        469,
        135,
        469,
        134,
        469,
        133,
        469,
        132,
        469,
        131,
        469,
        130,
        470,
        129,
        470,
        128,
        470,
        127,
        471,
        126,
        471,
        125,
        472,
        124,
        473,
        123,
        473,
        122,
        474,
        120,
        474,
        119,
        475,
        119,
        475,
        118,
        476,
        118,
        476,
        117,
        477,
        116,
        478,
        114,
        479,
        113,
        480,
        111,
        482,
        109,
        483,
        109,
        483,
        108,
        484,
        107,
        485,
        106,
        485,
        105,
        486,
        104,
        487,
        104,
        488,
        103,
        489,
        102,
        492,
        100,
        493,
        99,
        494,
        98,
        495,
        98,
        495,
        97,
        496,
        97,
        497,
        96,
        498,
        96,
        500,
        94,
        501,
        94,
        502,
        93,
        503,
        93,
        505,
        92,
        506,
        92,
        506,
        91,
        507,
        91,
        508,
        91,
        509,
        90,
        511,
        90,
        513,
        89,
        515,
        88,
        516,
        88,
        517,
        88,
        518,
        88,
        519,
        87,
        520,
        87,
        521,
        87,
        522,
        87,
        524,
        86,
        525,
        86,
        527,
        86,
        528,
        85,
        529,
        85,
        530,
        85,
        531,
        85,
        532,
        85,
        534,
        84,
        535,
        84,
        536,
        84,
        537,
        84,
        538,
        84,
        539,
        84,
        540,
        84,
        542,
        84,
        544,
        84,
        546,
        84,
        547,
        84,
        548,
        84,
        549,
        84,
        550,
        84,
        551,
        84,
        552,
        84,
        553,
        84,
        555,
        84,
        556,
        85,
        557,
        85,
        558,
        85,
        559,
        85,
        560,
        85,
        561,
        85,
        562,
        85,
        563,
        85,
        564,
        85,
        564,
        86,
        565,
        86,
        566,
        86,
        567,
        86,
        568,
        86,
        569,
        87,
        570,
        87,
        571,
        87,
        572,
        88,
        573,
        88,
        574,
        89,
        575,
        89,
        576,
        90,
        577,
        90,
        577,
        91,
        578,
        91,
        579,
        92,
        580,
        92,
        580,
        93,
        581,
        93,
        582,
        94,
        583,
        94,
        583,
        95,
        584,
        95,
        584,
        96,
        585,
        96,
        585,
        97,
        586,
        97,
        586,
        98,
        587,
        99,
        587,
        100,
        588,
        100,
        588,
        101,
        589,
        102,
        589,
        103,
        589,
        104,
        590,
        104,
        590,
        105,
        590,
        106,
        591,
        106,
        591,
        107,
        591,
        108,
        591,
        109,
        591,
        110,
        591,
        111,
        591,
        113,
        591,
        114,
        591,
        115,
        591,
        116,
        591,
        117,
        590,
        118,
        590,
        120,
        590,
        121,
        590,
        122,
        589,
        123,
        589,
        124,
        589,
        125,
        588,
        126,
        588,
        127,
        587,
        127,
        587,
        128,
        587,
        129,
        586,
        130,
        585,
        131,
        584,
        132,
        584,
        133,
        583,
        134,
        582,
        135,
        582,
        136,
        581,
        136,
        580,
        136,
        580,
        137,
        579,
        137,
        578,
        138,
        577,
        138,
        576,
        138,
        575,
        139,
        574,
        139,
        573,
        140,
        572,
        140,
        571,
        140,
        570,
        141,
        569,
        141,
        568,
        141,
        567,
        141,
        566,
        141,
        565,
        141,
        565,
        142,
        564,
        142,
        563,
        142,
        562,
        142,
        561,
        142,
        560,
        142,
        559,
        142,
        558,
        142,
        557,
        142,
        556,
        142,
        555,
        141,
        553,
        141,
        552,
        141,
        551,
        141,
        549,
        141,
        548,
        140,
        547,
        140,
        546,
        140,
        545,
        140,
        544,
        139,
        543,
        139,
        542,
        138,
        541,
        138,
        540,
        137,
        539,
        137,
        538,
        136,
        537,
        135,
        536,
        135,
        535,
        134,
        534,
        133,
        534,
        132,
        533,
        131,
        532,
        130,
        531,
        129,
        530,
        128,
        530,
        127,
        529,
        126,
        529,
        125,
        529,
        124,
        528,
        123,
        528,
        122,
        528,
        121,
        528,
        120,
        527,
        119,
        527,
        118,
        527,
        117,
        527,
        115,
        527,
        114,
        527,
        112,
        527,
        111,
        527,
        110,
        527,
        109,
        527,
        108,
        527,
        107,
        528,
        105,
        528,
        104,
        529,
        102,
        530,
        100,
        531,
        99,
        531,
        98,
        532,
        98,
        532,
        97,
        533,
        95,
        533,
        94,
        534,
        93,
        535,
        92,
        536,
        91,
        537,
        90,
        538,
        90,
        539,
        89,
        540,
        88,
        542,
        88,
        543,
        87,
        545,
        86,
        547,
        85,
        548,
        85,
        549,
        84,
        550,
        84,
        551,
        84,
        551,
        85,
        551,
        86,
        550,
        87,
        548,
        91,
        547,
        93
      ],
      "tool": "pen",
      "strokeWidth": 3
    }
  ]
}