{
  "id": "Ree1",
  "shapes": [
    {
      "points": [
        381,
        279,
        382,
        279,
        383,
        279,
        383,
        280,
        383,
        281,
        382,
        281,
        382,
        282,
        381,
        282,
        381,
        283,
        380,
        283
      ],
      "tool": "pen",
      "strokeWidth": 3
    },
    {
      "points": [
        379,
        284,
        379,
        283,
        379,
        281,
        379,
        279,
        379,
        276,
        379,
        273,
        379,
        269,
        379,
        266,
        379,
        262,
        379,
        259,
        379,
        255,
        379,
        252,
        379,
        248,
        379,
        244,
        379,
        241,
        378,
        237,
        378,
        234,
        378,
        230,
        378,
        227,
        378,
        223,
        378,
        221,
        378,
        219,
        378,
        217,
        378,
        214,
        378,
        211,
        378,
        208,
        378,
        205,
        378,
        203,
        378,
        201,
        378,
        198,
        378,
        196,
        378,
        195,
        378,
        193,
        378,
        191,
        378,
        190,
        378,
        188,
        378,
        187,
        378,
        185,
        378,
        184,
        378,
        183,
        378,
        181,
        378,
        180,
        378,
        179,
        378,
        178,
        378,
        177,
        378,
        176,
        378,
        175,
        378,
        174,
        378,
        173,
        378,
        172,
        378,
        171,
        378,
        170,
        378,
        169,
        378,
        168,
        378,
        167,
        379,
        165,
        379,
        164,
        379,
        163,
        380,
        162,
        380,
        161,
        380,
        160,
        381,
        160,
        381,
        159,
        381,
        158,
        382,
        158,
        382,
        157,
        383,
        156,
        384,
        155,
        385,
        154,
        385,
        153,
        386,
        152,
        387,
        152,
        387,
        151,
        388,
        150,
        389,
        150,
        389,
        149,
        390,
        148,
        391,
        147,
        392,
        147,
        393,
        146,
        395,
        145,
        395,
        144,
        396,
        144,
        396,
        143,
        397,
        143,
        397,
        142,
        398,
        142,
        399,
        141,
        401,
        141,
        402,
        140,
        403,
        139,
        404,
        139,
        405,
        139,
        407,
        138,
        408,
        138,
        411,
        137,
        413,
        136,
        414,
        135,
        415,
        135,
        416,
        135,
        417,
        135,
        418,
        135,
        420,
        135,
        422,
        135,
        424,
        135,
        426,
        135,
        427,
        135,
        429,
        135,
        429,
        136,
        430,
        136,
        431,
        136,
        432,
        137,
        433,
        137,
        434,
        138,
        436,
        138,
        437,
        139,
        438,
        140,
        439,
        140,
        440,
        141,
        441,
        141,
        442,
        142,
        443,
        143,
        444,
        144,
        445,
        144,
        446,
        145,
        447,
        146,
        448,
        147,
        449,
        148,
        450,
        150,
        451,
        151,
        451,
        152,
        452,
        152,
        452,
        153,
        453,
        155,
        454,
        155,
        455,
        156,
        455,
        157,
        455,
        158,
        456,
        158,
        456,
        159,
        457,
        160,
        458,
        161,
        458,
        162,
        460,
        164,
        460,
        165,
        461,
        166,
        462,
        167,
        462,
        168,
        463,
        169,
        464,
        170,
        464,
        171,
        464,
        172,
        465,
        172,
        465,
        173,
        464,
        173,
        465,
        173,
        465,
        174,
        465,
        175,
        465,
        179,
        465,
        181,
        465,
        186,
        465,
        189,
        465,
        191,
        465,
        195,
        465,
        200,
        465,
        202,
        465,
        209,
        465,
        213,
        465,
        215,
        465,
        222,
        465,
        227,
        465,
        232,
        465,
        236,
        465,
        239,
        465,
        242,
        465,
        243,
        465,
        247,
        465,
        251,
        465,
        254,
        465,
        257,
        465,
        261,
        465,
        266,
        465,
        270,
        465,
        273,
        465,
        275,
        465,
        276,
        465,
        277,
        465,
        276,
        465,
        277,
        465,
        278,
        465,
        279,
        465,
        281,
        465,
        282,
        465,
        283,
        465,
        284,
        465,
        283,
        464,
        280,
        465,
        284
      ],
      "tool": "pen",
      "strokeWidth": 3
    },
    {
      "points": [
        465,
        181,
        465,
        183,
        465,
        182,
        465,
        181,
        465,
        180,
        465,
        179,
        465,
        178,
        465,
        177,
        465,
        175,
        465,
        174,
        465,
        173,
        466,
        173,
        466,
        172,
        466,
        171,
        466,
        170,
        467,
        168,
        468,
        167,
        468,
        166,
        469,
        165,
        470,
        164,
        470,
        163,
        471,
        162,
        472,
        160,
        473,
        159,
        474,
        158,
        475,
        157,
        476,
        156,
        477,
        155,
        478,
        154,
        479,
        152,
        480,
        152,
        481,
        151,
        482,
        150,
        483,
        149,
        484,
        148,
        486,
        146,
        488,
        145,
        489,
        144,
        491,
        143,
        492,
        143,
        494,
        142,
        495,
        141,
        496,
        141,
        497,
        141,
        498,
        140,
        499,
        140,
        500,
        140,
        501,
        139,
        502,
        139,
        503,
        139,
        506,
        138,
        507,
        138,
        509,
        137,
        513,
        137,
        514,
        137,
        516,
        136,
        519,
        136,
        520,
        136,
        521,
        136,
        522,
        136,
        523,
        136,
        525,
        136,
        527,
        136,
        528,
        136,
        530,
        136,
        532,
        137,
        533,
        137,
        534,
        137,
        535,
        138,
        537,
        138,
        537,
        139,
        540,
        139,
        541,
        140,
        542,
        140,
        544,
        141,
        546,
        141,
        547,
        141,
        549,
        142,
        550,
        143,
        552,
        144,
        553,
        144,
        554,
        145,
        555,
        145,
        556,
        146,
        557,
        146,
        557,
        147,
        559,
        148,
        560,
        149,
        560,
        150,
        561,
        151,
        562,
        151,
        563,
        152,
        564,
        153,
        564,
        154,
        565,
        154,
        565,
        155,
        566,
        157,
        566,
        158,
        567,
        159,
        567,
        160,
        568,
        161,
        568,
        162,
        569,
        163,
        569,
        164,
        570,
        165,
        570,
        166,
        571,
        167,
        571,
        168,
        572,
        169,
        572,
        170,
        573,
        171,
        573,
        172,
        573,
        173,
        574,
        173,
        574,
        174,
        575,
        175,
        575,
        176,
        575,
        177,
        576,
        178,
        576,
        179,
        576,
        180,
        576,
        181,
        577,
        182,
        577,
        183,
        577,
        184,
        577,
        185,
        577,
        186,
        577,
        187,
        577,
        189,
        577,
        190,
        577,
        191,
        578,
        192,
        578,
        193,
        578,
        194,
        578,
        195,
        578,
        196,
        578,
        197,
        578,
        198,
        578,
        200,
        578,
        201,
        579,
        203,
        579,
        204,
        579,
        205,
        579,
        206,
        579,
        207,
        579,
        209,
        579,
        211,
        579,
        212,
        579,
        213,
        579,
        214,
        579,
        215,
        579,
        217,
        579,
        219,
        579,
        220,
        579,
        221,
        579,
        222,
        579,
        223,
        579,
        224,
        579,
        225,
        579,
        226,
        579,
        227,
        579,
        228,
        578,
        229,
        578,
        230,
        578,
        231,
        578,
        232,
        578,
        233,
        578,
        234,
        578,
        235,
        578,
        236,
        578,
        237,
        578,
        238,
        577,
        239,
        577,
        240,
        577,
        241,
        577,
        242,
        577,
        243,
        577,
        244,
        577,
        245,
        577,
        246,
        577,
        247,
        577,
        248,
        577,
        249,
        577,
        250,
        577,
        251,
        576,
        252,
        576,
        253,
        576,
        254,
        576,
        256,
        576,
        257,
        576,
        258,
        576,
        259,
        576,
        260,
        576,
        261,
        576,
        262,
        575,
        263,
        575,
        265,
        575,
        266,
        575,
        267,
        574,
        268,
        574,
        269,
        574,
        270,
        573,
        272,
        573,
        273,
        573,
        274,
        572,
        275,
        571,
        276,
        570,
        278,
        570,
        279,
        569,
        280,
        569,
        281,
        568,
        282,
        568,
        283,
        567,
        283,
        567,
        284,
        566,
        286,
        565,
        286,
        564,
        288,
        562,
        291,
        561,
        291,
        561,
        292,
        560,
        293,
        559,
        294,
        558,
        294,
        557,
        296,
        556,
        296,
        556,
        297,
        554,
        298,
        552,
        299,
        552,
        300,
        551,
        300,
        550,
        301,
        549,
        301,
        548,
        302,
        546,
        303,
        544,
        304,
        543,
        305,
        542,
        306,
        540,
        307,
        539,
        307,
        538,
        307,
        538,
        308,
        537,
        308,
        536,
        308,
        535,
        309,
        534,
        309,
        533,
        310,
        532,
        310,
        531,
        310,
        530,
        310,
        530,
        311,
        529,
        311,
        528,
        311,
        527,
        311,
        526,
        311,
        526,
        312,
        525,
        312,
        524,
        312,
        523,
        312,
        522,
        312,
        521,
        313,
        520,
        313,
        519,
        313,
        517,
        313,
        516,
        314,
        514,
        314,
        513,
        314,
        512,
        315,
        510,
        315,
        509,
        316,
        508,
        316,
        507,
        316,
        506,
        316,
        505,
        316,
        504,
        317,
        503,
        317,
        502,
        317,
        501,
        317,
        500,
        317,
        499,
        318,
        498,
        318,
        497,
        318,
        496,
        318,
        495,
        318,
        494,
        318,
        493,
        319,
        492,
        319,
        491,
        319,
        490,
        319,
        489,
        319,
        488,
        319,
        487,
        319,
        486,
        320,
        485,
        320,
        484,
        320,
        483,
        320,
        481,
        320,
        480,
        321,
        479,
        321,
        477,
        321,
        475,
        321,
        475,
        322,
        473,
        322,
        472,
        322,
        471,
        322,
        470,
        323,
        469,
        323,
        468,
        323,
        467,
        323,
        466,
        323,
        465,
        323,
        464,
        323,
        463,
        323,
        462,
        323,
        461,
        323,
        460,
        323,
        459,
        323,
        457,
        323,
        456,
        323,
        455,
        323,
        454,
        323,
        453,
        324,
        452,
        324,
        451,
        324,
        450,
        324,
        449,
        324,
        448,
        324,
        447,
        324,
        446,
        324,
        445,
        324,
        443,
        324,
        442,
        324,
        441,
        324,
        440,
        325,
        439,
        325,
        438,
        325,
        437,
        325,
        436,
        325,
        435,
        325,
        434,
        325,
        432,
        325,
        431,
        326,
        430,
        326,
        429,
        326,
        427,
        326,
        426,
        327,
        425,
        327,
        424,
        327,
        423,
        327,
        422,
        327,
        421,
        328,
        420,
        328,
        419,
        328,
        418,
        328,
        417,
        328,
        416,
        329,
        415,
        329,
        414,
        329,
        413,
        330,
        412,
        330,
        411,
        330,
        410,
        330,
        410,
        331,
        409,
        331,
        408,
        331,
        407,
        331,
        406,
        332,
        405,
        332,
        403,
        333,
        401,
        333,
        399,
        334,
        398,
        334,
        397,
        335,
        396,
        335,
        395,
        336,
        394,
        336,
        392,
        337,
        390,
        338,
        388,
        340,
        387,
        340,
        386,
        341,
        385,
        342,
        384,
        342,
        383,
        343,
        381,
        344,
        380,
        345,
        379,
        346,
        378,
        347,
        377,
        348,
        376,
        350,
        375,
        351,
        374,
        351,
        374,
        352,
        374,
        353,
        374,
        354,
        373,
        355,
        373,
        356,
        373,
        358,
        373,
        360,
        373,
        361,
        372,
        362,
        372,
        364,
        372,
        365,
        372,
        366,
        372,
        367,
        372,
        369,
        372,
        370,
        372,
        371,
        372,
        372,
        372,
        373,
        372,
        374,
        372,
        375,
        372,
        374,
        371,
        374,
        372,
        374
      ],
      "tool": "pen",
      "strokeWidth": 3
    },
    {
      "points": [
        503,
        140,
        503,
        139,
        502,
        139,
        502,
        138,
        501,
        138,
        501,
        137,
        500,
        137,
        500,
        136,
        500,
        135,
        499,
        134,
        498,
        133,
        498,
        132,
        497,
        130,
        497,
        128,
        496,
        126,
        495,
        124,
        495,
        123,
        494,
        122,
        494,
        120,
        493,
        119,
        493,
        117,
        492,
        116,
        492,
        114,
        491,
        113,
        491,
        112,
        491,
        111,
        491,
        109,
        491,
        108,
        491,
        106,
        491,
        105,
        491,
        104,
        491,
        103,
        491,
        102,
        491,
        101,
        491,
        100,
        491,
        99,
        491,
        98,
        492,
        96,
        493,
        94,
        494,
        92,
        495,
        90,
        496,
        89,
        496,
        87,
        497,
        87,
        497,
        86,
        498,
        85,
        498,
        84,
        499,
        82,
        500,
        80,
        501,
        79,
        502,
        78,
        503,
        77,
        503,
        76,
        504,
        76,
        504,
        75,
        505,
        75,
        507,
        73,
        509,
        72,
        510,
        70,
        512,
        69,
        513,
        69,
        513,
        68,
        514,
        68,
        516,
        66,
        517,
        66,
        518,
        65,
        521,
        64,
        522,
        63,
        524,
        63,
        525,
        62,
        526,
        62,
        528,
        61,
        529,
        61,
        530,
        60,
        531,
        60,
        534,
        59,
        535,
        59,
        537,
        58,
        539,
        58,
        542,
        57,
        544,
        57,
        545,
        57,
        547,
        56,
        549,
        56,
        550,
        56,
        551,
        56,
        552,
        56,
        553,
        56,
        554,
        56,
        556,
        55,
        557,
        55,
        558,
        55,
        560,
        55,
        561,
        55,
        562,
        55,
        563,
        55,
        564,
        55,
        566,
        55,
        567,
        54,
        569,
        54,
        571,
        54,
        572,
        54,
        573,
        54,
        575,
        55,
        576,
        55,
        577,
        55,
        578,
        55,
        579,
        55,
        580,
        55,
        581,
        55,
        582,
        56,
        583,
        56,
        584,
        56,
        585,
        57,
        586,
        57,
        587,
        58,
        588,
        58,
        589,
        58,
        590,
        59,
        591,
        59,
        592,
        60,
        593,
        60,
        594,
        61,
        595,
        61,
        595,
        62,
        596,
        63,
        597,
        63,
        598,
        64,
        598,
        65,
        599,
        65,
        600,
        66,
        601,
        67,
        602,
        68,
        602,
        69,
        603,
        71,
        604,
        72,
        605,
        74,
        606,
        75,
        606,
        77,
        607,
        78,
        607,
        79,
        607,
        80,
        607,
        81,
        607,
        82,
        607,
        83,
        608,
        84,
        608,
        85,
        608,
        86,
        608,
        87,
        607,
        88,
        607,
        89,
        607,
        90,
        607,
        91,
        607,
        92,
        606,
        93,
        606,
        95,
        605,
        95,
        605,
        97,
        604,
        98,
        604,
        99,
        603,
        99,
        602,
        100,
        601,
        101,
        600,
        102,
        600,
        103,
        599,
        104,
        598,
        104,
        597,
        104,
        596,
        105,
        595,
        106,
        593,
        107,
        591,
        108,
        590,
        109,
        589,
        109,
        588,
        110,
        586,
        110,
        585,
        110,
        584,
        110,
        583,
        110,
        582,
        110,
        581,
        110,
        579,
        110,
        577,
        110,
        576,
        110,
        574,
        110,
        572,
        110,
        571,
        110,
        569,
        110,
        568,
        110,
        567,
        109,
        566,
        109,
        564,
        108,
        563,
        108,
        561,
        107,
        559,
        106,
        558,
        105,
        557,
        105,
        557,
        104,
        556,
        104,
        556,
        103,
        555,
        103,
        554,
        102,
        553,
        101,
        552,
        100,
        551,
        98,
        549,
        97,
        548,
        95,
        547,
        93,
        546,
        91,
        546,
        89,
        546,
        87,
        545,
        86,
        545,
        84,
        545,
        83,
        545,
        82,
        545,
        81,
        545,
        79,
        545,
        78,
        545,
        77,
        545,
        76,
        545,
        75,
        545,
        74,
        545,
        73,
        546,
        72,
        546,
        71,
        547,
        69,
        547,
        68,
        549,
        67,
        550,
        65,
        551,
        64,
        552,
        63,
        554,
        61,
        555,
        60,
        556,
        59,
        557,
        59,
        558,
        58,
        559,
        57,
        560,
        57,
        560,
        56,
        560,
        57,
        560,
        58,
        560,
        60,
        560,
        56
      ],
      "tool": "pen",
      "strokeWidth": 3
    }
  ]
}