{
  "id": "ri",
  "shapes": [
    {
      "points": [
        412,
        176,
        414,
        172,
        414,
        171,
        414,
        172,
        414,
        173,
        414,
        175,
        414,
        177,
        414,
        180,
        414,
        184,
        414,
        188,
        414,
        194,
        414,
        202,
        414,
        210,
        414,
        218,
        414,
        226,
        414,
        234,
        414,
        241,
        414,
        248,
        414,
        255,
        414,
        261,
        414,
        267,
        414,
        272,
        414,
        278,
        414,
        283,
        414,
        288,
        414,
        291,
        414,
        293,
        414,
        296,
        414,
        298,
        414,
        300,
        414,
        303,
        414,
        305,
        414,
        307,
        414,
        308,
        414,
        309,
        414,
        310,
        414,
        309,
        413,
        309,
        414,
        310
      ],
      "tool": "pen",
      "strokeWidth": 3
    },
    {
      "points": [
        410,
        172,
        407,
        171,
        408,
        171,
        409,
        171,
        411,
        171,
        414,
        171,
        419,
        171,
        424,
        171,
        430,
        171,
        436,
        171,
        444,
        171,
        452,
        171,
        461,
        171,
        471,
        171,
        479,
        171,
        487,
        171,
        495,
        171,
        503,
        171,
        510,
        171,
        515,
        171,
        521,
        171,
        526,
        171,
        530,
        171,
        534,
        171,
        538,
        171,
        542,
        171,
        546,
        171,
        549,
        171,
        552,
        171,
        554,
        171,
        556,
        171,
        557,
        171,
        558,
        171,
        559,
        171,
        560,
        171,
        561,
        171,
        563,
        171,
        565,
        171,
        566,
        171,
        567,
        171,
        568,
        171,
        569,
        171,
        568,
        171,
        567,
        171,
        566,
        171,
        564,
        171,
        568,
        171
      ],
      "tool": "pen",
      "strokeWidth": 3
    },
    {
      "points": [
        506,
        171
      ],
      "tool": "pen",
      "strokeWidth": 3
    },
    {
      "points": [
        501,
        168,
        502,
        168,
        502,
        169,
        502,
        170,
        502,
        171,
        502,
        173,
        502,
        175,
        502,
        179,
        502,
        183,
        502,
        187,
        502,
        191,
        502,
        196,
        503,
        202,
        503,
        209,
        503,
        217,
        503,
        226,
        503,
        241,
        503,
        245,
        504,
        253,
        504,
        264,
        504,
        267,
        504,
        273,
        504,
        283,
        504,
        286,
        504,
        291,
        504,
        298,
        504,
        300,
        504,
        302,
        504,
        303,
        504,
        304,
        505,
        304,
        505,
        305,
        505,
        306,
        505,
        307,
        505,
        308,
        506,
        308,
        506,
        309,
        506,
        310,
        506,
        311,
        506,
        312,
        505,
        312,
        504,
        313,
        503,
        314,
        502,
        315,
        500,
        316,
        497,
        318,
        494,
        321,
        490,
        324,
        487,
        327,
        483,
        329,
        480,
        332,
        478,
        334,
        475,
        336,
        472,
        339,
        470,
        340,
        468,
        342,
        465,
        344,
        462,
        346,
        459,
        349,
        456,
        350,
        454,
        352,
        452,
        353,
        450,
        355,
        449,
        356,
        447,
        357,
        446,
        358,
        445,
        359,
        444,
        359,
        443,
        360,
        442,
        361,
        441,
        362,
        440,
        362,
        440,
        363,
        439,
        363,
        439,
        364,
        438,
        364,
        437,
        365,
        433,
        368
      ],
      "tool": "pen",
      "strokeWidth": 3
    },
    {
      "points": [
        504,
        168,
        506,
        167,
        506,
        168,
        505,
        168,
        505,
        167,
        504,
        167,
        503,
        166,
        502,
        165,
        501,
        164,
        501,
        163,
        500,
        163,
        500,
        162,
        499,
        161,
        499,
        160,
        498,
        159,
        498,
        158,
        498,
        157,
        497,
        156,
        497,
        154,
        496,
        153,
        496,
        151,
        496,
        149,
        496,
        147,
        496,
        146,
        496,
        145,
        496,
        144,
        496,
        143,
        496,
        142,
        496,
        141,
        496,
        140,
        496,
        139,
        496,
        138,
        496,
        137,
        496,
        136,
        496,
        134,
        496,
        133,
        496,
        131,
        496,
        130,
        496,
        129,
        496,
        128,
        496,
        126,
        496,
        125,
        496,
        123,
        496,
        122,
        497,
        122,
        497,
        121,
        497,
        120,
        497,
        119,
        497,
        118,
        497,
        117,
        498,
        116,
        498,
        114,
        498,
        113,
        499,
        113,
        499,
        112,
        499,
        111,
        500,
        110,
        500,
        109,
        501,
        108,
        502,
        108,
        503,
        107,
        504,
        105,
        505,
        105,
        506,
        104,
        507,
        103,
        508,
        103,
        509,
        102,
        509,
        101,
        511,
        100,
        512,
        99,
        513,
        99,
        514,
        98,
        515,
        97,
        516,
        97,
        517,
        96,
        519,
        95,
        521,
        94,
        522,
        93,
        524,
        93,
        525,
        92,
        526,
        92,
        527,
        92,
        528,
        92,
        530,
        91,
        531,
        91,
        534,
        90,
        536,
        90,
        537,
        90,
        538,
        89,
        539,
        89,
        541,
        89,
        543,
        89,
        545,
        89,
        547,
        89,
        549,
        89,
        551,
        89,
        552,
        89,
        554,
        89,
        554,
        88,
        555,
        88,
        556,
        88,
        557,
        88,
        558,
        88,
        559,
        88,
        560,
        88,
        561,
        88,
        562,
        88,
        563,
        88,
        564,
        88,
        565,
        89,
        566,
        89,
        567,
        89,
        569,
        90,
        570,
        90,
        572,
        90,
        573,
        91,
        575,
        91,
        576,
        92,
        578,
        92,
        579,
        93,
        580,
        93,
        581,
        94,
        582,
        95,
        583,
        95,
        584,
        96,
        585,
        96,
        586,
        97,
        587,
        98,
        588,
        98,
        589,
        99,
        590,
        100,
        591,
        101,
        593,
        102,
        594,
        103,
        595,
        104,
        596,
        104,
        597,
        105,
        598,
        105,
        598,
        106,
        598,
        107,
        600,
        108,
        601,
        109,
        602,
        110,
        603,
        111,
        603,
        112,
        604,
        112,
        604,
        114,
        605,
        114,
        605,
        115,
        606,
        116,
        607,
        117,
        607,
        118,
        608,
        119,
        609,
        120,
        610,
        122,
        611,
        123,
        612,
        123,
        613,
        124,
        613,
        125,
        614,
        126,
        614,
        127,
        615,
        128,
        615,
        129,
        616,
        129,
        616,
        130,
        615,
        130,
        615,
        129,
        615,
        130,
        615,
        131,
        616,
        131,
        616,
        132,
        616,
        133,
        616,
        134,
        617,
        134,
        617,
        135,
        617,
        136,
        617,
        137,
        617,
        138,
        617,
        139,
        618,
        139,
        618,
        140,
        618,
        141,
        618,
        142,
        618,
        143,
        618,
        145,
        618,
        146,
        618,
        147,
        618,
        149,
        618,
        150,
        618,
        151,
        618,
        152,
        619,
        152,
        619,
        153,
        619,
        154,
        619,
        155,
        619,
        156,
        619,
        157,
        619,
        159,
        619,
        160,
        619,
        162,
        619,
        165,
        619,
        167,
        619,
        170,
        619,
        172,
        619,
        175,
        619,
        177,
        619,
        182,
        619,
        183,
        620,
        186,
        620,
        190,
        620,
        194,
        620,
        196,
        620,
        201,
        620,
        204,
        621,
        206,
        621,
        210,
        621,
        213,
        621,
        215,
        621,
        221,
        621,
        225,
        621,
        227,
        622,
        235,
        622,
        240,
        622,
        243,
        622,
        252,
        622,
        257,
        622,
        261,
        623,
        264,
        623,
        267,
        623,
        270,
        623,
        273,
        623,
        276,
        623,
        279,
        623,
        282,
        623,
        286,
        623,
        289,
        623,
        291,
        623,
        292,
        623,
        293,
        623,
        294,
        623,
        295,
        623,
        296,
        623,
        297,
        623,
        298,
        623,
        299,
        623,
        300,
        623,
        301,
        623,
        302,
        624,
        303,
        624,
        305,
        624,
        306,
        624,
        307,
        624,
        309,
        624,
        311,
        623,
        311,
        624,
        311
      ],
      "tool": "pen",
      "strokeWidth": 3
    }
  ]
}