{
  "id": "Ri1",
  "shapes": [
    {
      "points": [
        393,
        290,
        393,
        289,
        393,
        288,
        393,
        287,
        393,
        286,
        393,
        284,
        393,
        281,
        393,
        279,
        393,
        277,
        394,
        274,
        394,
        272,
        394,
        268,
        394,
        264,
        394,
        260,
        394,
        256,
        394,
        251,
        394,
        247,
        394,
        242,
        394,
        238,
        394,
        234,
        394,
        231,
        394,
        227,
        394,
        223,
        394,
        218,
        394,
        214,
        394,
        210,
        394,
        207,
        394,
        204,
        394,
        203,
        394,
        201,
        395,
        197,
        395,
        196,
        395,
        193,
        395,
        189,
        395,
        188,
        395,
        187,
        395,
        185,
        395,
        184,
        395,
        183,
        396,
        183,
        396,
        182,
        397,
        182,
        397,
        181,
        398,
        180,
        398,
        179,
        399,
        178,
        400,
        178,
        401,
        177,
        401,
        176,
        402,
        176,
        402,
        175,
        403,
        175,
        404,
        174,
        405,
        173,
        406,
        173,
        408,
        172,
        409,
        171,
        410,
        171,
        411,
        171,
        412,
        170,
        413,
        170,
        414,
        169,
        415,
        169,
        416,
        169,
        417,
        168,
        418,
        168,
        419,
        168,
        420,
        168,
        421,
        167,
        422,
        167,
        423,
        167,
        425,
        167,
        426,
        166,
        428,
        166,
        429,
        166,
        430,
        166,
        431,
        166,
        432,
        166,
        433,
        166,
        435,
        166,
        436,
        166,
        438,
        167,
        439,
        167,
        441,
        167,
        442,
        168,
        443,
        168,
        444,
        169,
        445,
        169,
        447,
        170,
        449,
        171,
        450,
        172,
        451,
        172,
        452,
        173,
        453,
        173,
        454,
        174,
        455,
        175,
        456,
        176,
        457,
        177,
        458,
        177,
        459,
        178,
        459,
        179,
        460,
        179,
        460,
        180,
        460,
        181,
        461,
        181,
        461,
        182,
        462,
        183,
        462,
        184,
        463,
        184,
        463,
        185,
        463,
        186,
        464,
        186,
        464,
        187,
        465,
        188,
        465,
        189,
        466,
        190,
        466,
        191,
        466,
        192,
        467,
        192,
        467,
        193,
        467,
        194,
        468,
        194,
        468,
        195,
        468,
        196,
        468,
        197,
        468,
        198,
        468,
        199,
        468,
        201,
        468,
        203,
        468,
        204,
        468,
        208,
        468,
        211,
        468,
        212,
        468,
        216,
        468,
        218,
        468,
        220,
        468,
        225,
        468,
        228,
        468,
        231,
        468,
        235,
        468,
        240,
        468,
        244,
        468,
        248,
        468,
        251,
        468,
        255,
        469,
        258,
        469,
        261,
        469,
        263,
        469,
        266,
        469,
        268,
        469,
        271,
        469,
        275,
        469,
        278,
        469,
        280,
        469,
        281,
        469,
        282,
        469,
        283,
        469,
        284,
        469,
        285,
        469,
        286,
        469,
        287,
        469,
        288,
        469,
        289,
        469,
        290,
        469,
        291,
        469,
        292,
        469,
        293
      ],
      "tool": "pen",
      "strokeWidth": 3
    },
    {
      "points": [
        470,
        202
      ],
      "tool": "pen",
      "strokeWidth": 3
    },
    {
      "points": [
        469,
        204,
        469,
        205,
        469,
        204,
        469,
        203,
        469,
        202,
        469,
        201,
        470,
        200,
        470,
        199,
        470,
        198,
        471,
        196,
        471,
        195,
        472,
        193,
        473,
        192,
        473,
        191,
        474,
        189,
        475,
        187,
        476,
        186,
        477,
        185,
        478,
        184,
        478,
        183,
        479,
        182,
        480,
        181,
        481,
        180,
        482,
        179,
        483,
        178,
        484,
        177,
        485,
        176,
        486,
        175,
        487,
        175,
        488,
        174,
        489,
        174,
        489,
        173,
        490,
        173,
        491,
        173,
        492,
        172,
        494,
        171,
        496,
        171,
        498,
        170,
        500,
        169,
        501,
        169,
        502,
        168,
        504,
        168,
        505,
        168,
        506,
        168,
        507,
        167,
        508,
        167,
        510,
        167,
        511,
        167,
        512,
        166,
        513,
        166,
        514,
        166,
        515,
        166,
        516,
        166,
        518,
        166,
        520,
        166,
        522,
        166,
        524,
        166,
        526,
        166,
        527,
        166,
        528,
        166,
        529,
        167,
        530,
        167,
        531,
        167,
        532,
        168,
        534,
        169,
        535,
        169,
        536,
        169,
        537,
        170,
        538,
        170,
        540,
        171,
        541,
        172,
        542,
        173,
        543,
        173,
        544,
        174,
        545,
        175,
        547,
        176,
        548,
        177,
        549,
        178,
        550,
        178,
        551,
        179,
        552,
        179,
        552,
        180,
        553,
        180,
        553,
        181,
        554,
        181,
        554,
        182,
        555,
        183,
        556,
        184,
        557,
        185,
        557,
        186,
        558,
        186,
        558,
        187,
        559,
        188,
        559,
        189,
        560,
        190,
        561,
        191,
        561,
        192,
        562,
        193,
        562,
        194,
        562,
        195,
        563,
        196,
        563,
        197,
        563,
        198,
        563,
        199,
        563,
        200,
        563,
        201,
        563,
        202,
        564,
        202,
        564,
        203,
        564,
        204,
        564,
        205,
        565,
        206,
        565,
        207,
        565,
        208,
        565,
        209,
        565,
        210,
        566,
        211,
        566,
        212,
        566,
        213,
        567,
        214,
        567,
        215,
        567,
        216,
        568,
        217,
        568,
        218,
        568,
        219,
        568,
        220,
        568,
        221,
        568,
        222,
        568,
        223,
        568,
        224,
        568,
        225,
        568,
        226,
        568,
        227,
        568,
        229,
        568,
        230,
        568,
        231,
        568,
        232,
        568,
        233,
        568,
        234,
        568,
        235,
        568,
        236,
        568,
        237,
        568,
        238,
        568,
        240,
        568,
        241,
        567,
        243,
        567,
        244,
        567,
        245,
        567,
        246,
        567,
        247,
        567,
        248,
        567,
        249,
        567,
        250,
        567,
        251,
        567,
        253,
        567,
        254,
        567,
        255,
        567,
        256,
        567,
        257,
        567,
        259,
        566,
        260,
        566,
        262,
        566,
        263,
        566,
        264,
        566,
        265,
        565,
        267,
        565,
        268,
        564,
        270,
        564,
        271,
        564,
        272,
        564,
        273,
        563,
        273,
        563,
        274,
        563,
        275,
        563,
        276,
        562,
        277,
        562,
        278,
        562,
        279,
        561,
        280,
        561,
        281,
        560,
        282,
        560,
        284,
        559,
        285,
        559,
        286,
        559,
        287,
        558,
        287,
        558,
        288,
        558,
        289,
        557,
        290,
        557,
        291,
        556,
        293,
        555,
        294,
        555,
        295,
        554,
        295,
        554,
        296,
        553,
        297,
        553,
        298,
        552,
        299,
        551,
        300,
        550,
        301,
        549,
        302,
        548,
        302,
        548,
        303,
        547,
        303,
        546,
        304,
        545,
        305,
        544,
        306,
        542,
        307,
        541,
        308,
        541,
        309,
        540,
        309,
        540,
        310,
        539,
        310,
        538,
        311,
        537,
        311,
        536,
        312,
        535,
        313,
        534,
        314,
        533,
        314,
        532,
        315,
        531,
        315,
        530,
        315,
        530,
        316,
        529,
        316,
        528,
        316,
        527,
        316,
        526,
        317,
        524,
        317,
        523,
        318,
        522,
        318,
        520,
        318,
        519,
        319,
        518,
        319,
        517,
        319,
        516,
        319,
        515,
        319,
        514,
        319,
        513,
        320,
        512,
        320,
        510,
        320,
        509,
        320,
        508,
        321,
        507,
        321,
        506,
        321,
        505,
        321,
        504,
        321,
        503,
        321,
        501,
        321,
        500,
        321,
        499,
        321,
        498,
        321,
        497,
        321,
        496,
        321,
        495,
        321,
        494,
        321,
        493,
        321,
        492,
        321,
        491,
        321,
        490,
        321,
        489,
        321,
        488,
        321,
        487,
        321,
        486,
        321,
        485,
        321,
        483,
        321,
        481,
        321,
        480,
        321,
        478,
        321,
        476,
        322,
        474,
        322,
        473,
        322,
        472,
        322,
        471,
        323,
        470,
        323,
        469,
        323,
        468,
        323,
        467,
        323,
        466,
        323,
        465,
        323,
        464,
        323,
        463,
        323,
        462,
        323,
        461,
        323,
        460,
        323,
        459,
        323,
        458,
        323,
        457,
        323,
        456,
        323,
        455,
        323,
        454,
        323,
        453,
        323,
        452,
        323,
        450,
        323,
        449,
        323,
        448,
        323,
        446,
        323,
        445,
        323,
        444,
        323,
        443,
        323,
        442,
        323,
        441,
        323,
        440,
        323,
        439,
        323,
        438,
        323,
        437,
        323,
        436,
        323,
        435,
        323,
        434,
        323,
        433,
        323,
        432,
        323,
        431,
        323,
        430,
        323,
        429,
        323,
        428,
        323,
        427,
        323,
        426,
        323,
        425,
        323,
        423,
        323,
        422,
        323,
        420,
        324,
        419,
        324,
        417,
        324,
        416,
        324,
        415,
        325,
        414,
        325,
        413,
        325,
        412,
        325,
        411,
        325,
        410,
        326,
        409,
        326,
        408,
        326,
        407,
        327,
        406,
        327,
        405,
        327,
        404,
        327,
        403,
        328,
        402,
        328,
        400,
        328,
        399,
        329,
        398,
        329,
        397,
        329,
        397,
        330,
        396,
        330,
        395,
        330,
        395,
        331,
        394,
        331,
        393,
        332,
        393,
        333,
        392,
        333,
        391,
        334,
        391,
        335,
        390,
        336,
        389,
        336,
        389,
        337,
        388,
        338,
        387,
        340,
        386,
        342,
        385,
        343,
        384,
        344,
        383,
        347,
        382,
        349,
        381,
        351,
        381,
        352,
        380,
        353,
        379,
        355,
        379,
        356,
        378,
        358,
        377,
        362,
        377,
        363,
        376,
        365,
        376,
        366,
        376,
        367,
        376,
        368,
        376,
        367
      ],
      "tool": "pen",
      "strokeWidth": 3
    },
    {
      "points": [
        528,
        165,
        528,
        166,
        527,
        166,
        527,
        165,
        526,
        165,
        525,
        165,
        525,
        164,
        524,
        163,
        524,
        162,
        523,
        162,
        523,
        160,
        522,
        159,
        522,
        158,
        522,
        157,
        522,
        156,
        522,
        155,
        521,
        154,
        521,
        151,
        521,
        150,
        521,
        148,
        521,
        147,
        521,
        146,
        521,
        145,
        521,
        144,
        521,
        143,
        521,
        142,
        521,
        140,
        521,
        139,
        521,
        138,
        522,
        138,
        522,
        137,
        523,
        135,
        524,
        133,
        524,
        131,
        525,
        130,
        526,
        128,
        527,
        127,
        527,
        126,
        527,
        125,
        528,
        124,
        529,
        122,
        530,
        121,
        531,
        120,
        532,
        118,
        533,
        117,
        533,
        116,
        534,
        116,
        535,
        115,
        535,
        114,
        536,
        113,
        537,
        112,
        538,
        111,
        539,
        110,
        540,
        109,
        541,
        108,
        542,
        108,
        542,
        107,
        543,
        107,
        544,
        107,
        546,
        106,
        548,
        105,
        551,
        104,
        553,
        104,
        555,
        103,
        557,
        102,
        559,
        102,
        560,
        102,
        562,
        101,
        563,
        101,
        564,
        101,
        565,
        101,
        567,
        101,
        569,
        100,
        570,
        100,
        573,
        100,
        575,
        100,
        577,
        100,
        579,
        100,
        580,
        100,
        582,
        100,
        583,
        100,
        585,
        100,
        586,
        101,
        588,
        101,
        589,
        101,
        591,
        102,
        592,
        102,
        593,
        102,
        595,
        103,
        596,
        103,
        597,
        103,
        599,
        105,
        601,
        105,
        602,
        106,
        603,
        106,
        605,
        107,
        606,
        107,
        607,
        108,
        608,
        108,
        609,
        109,
        610,
        110,
        611,
        110,
        612,
        111,
        613,
        111,
        614,
        111,
        615,
        112,
        616,
        113,
        617,
        114,
        619,
        115,
        620,
        115,
        621,
        116,
        622,
        117,
        623,
        118,
        623,
        119,
        624,
        119,
        624,
        120,
        625,
        120,
        625,
        121,
        626,
        122,
        627,
        123,
        628,
        124,
        629,
        125,
        630,
        125,
        630,
        126,
        630,
        127,
        631,
        127,
        631,
        128,
        632,
        129,
        632,
        130,
        633,
        131,
        633,
        132,
        634,
        132,
        634,
        133,
        634,
        134,
        634,
        135,
        635,
        135,
        635,
        136,
        635,
        137,
        635,
        138,
        636,
        139,
        636,
        140,
        636,
        141,
        636,
        142,
        636,
        143,
        636,
        144,
        636,
        145,
        636,
        146,
        636,
        147,
        636,
        149,
        636,
        151,
        636,
        153,
        636,
        154,
        636,
        155,
        636,
        157,
        636,
        159,
        636,
        161,
        636,
        163,
        636,
        165,
        636,
        167,
        636,
        168,
        636,
        171,
        636,
        173,
        635,
        175,
        635,
        177,
        635,
        179,
        635,
        182,
        635,
        184,
        635,
        187,
        635,
        190,
        635,
        193,
        635,
        196,
        635,
        199,
        635,
        202,
        635,
        204,
        635,
        207,
        635,
        210,
        635,
        212,
        635,
        215,
        635,
        218,
        635,
        221,
        635,
        223,
        635,
        225,
        635,
        229,
        635,
        231,
        635,
        234,
        635,
        238,
        635,
        240,
        635,
        244,
        635,
        249,
        635,
        251,
        635,
        253,
        635,
        256,
        635,
        258,
        635,
        261,
        635,
        265,
        635,
        266,
        634,
        269,
        634,
        273,
        634,
        275,
        634,
        277,
        634,
        281,
        634,
        283,
        634,
        284,
        634,
        285,
        634,
        286,
        634,
        287,
        634,
        288,
        634,
        289,
        634,
        290,
        634,
        291,
        634,
        292,
        634,
        293,
        634,
        294,
        634,
        295,
        634,
        296,
        634,
        297,
        634,
        296,
        634,
        295,
        633,
        294,
        634,
        297
      ],
      "tool": "pen",
      "strokeWidth": 3
    }
  ]
}