{
  "id": "t",
  "shapes": [
    {
      "points": [
        351,
        167,
        350,
        167,
        350,
        168,
        349,
        168,
        350,
        168,
        350,
        169,
        350,
        170,
        350,
        172,
        350,
        174,
        350,
        176,
        350,
        179,
        350,
        182,
        350,
        185,
        350,
        188,
        350,
        191,
        350,
        195,
        350,
        198,
        350,
        203,
        350,
        207,
        350,
        212,
        350,
        217,
        350,
        223,
        350,
        228,
        350,
        233,
        350,
        238,
        350,
        243,
        350,
        248,
        350,
        253,
        350,
        258,
        350,
        263,
        350,
        268,
        350,
        273,
        350,
        279,
        350,
        284,
        350,
        288,
        350,
        292,
        350,
        297,
        350,
        301,
        350,
        305,
        350,
        308,
        350,
        311,
        350,
        314,
        350,
        315,
        350,
        317,
        350,
        319,
        350,
        321,
        350,
        325,
        350,
        326,
        350,
        328,
        350,
        332,
        350,
        334,
        350,
        337,
        350,
        340,
        351,
        340
      ],
      "tool": "pen",
      "strokeWidth": 4
    },
    {
      "points": [
        347,
        338,
        347,
        337,
        349,
        337,
        350,
        337,
        351,
        337,
        352,
        337,
        353,
        337,
        354,
        337,
        355,
        337,
        356,
        337,
        358,
        337,
        361,
        337,
        362,
        337,
        365,
        337,
        368,
        337,
        371,
        337,
        374,
        337,
        378,
        337,
        383,
        337,
        387,
        337,
        393,
        337,
        399,
        338,
        405,
        338,
        411,
        338,
        417,
        338,
        423,
        338,
        430,
        338,
        436,
        338,
        442,
        338,
        447,
        338,
        453,
        338,
        459,
        338,
        466,
        338,
        472,
        338,
        480,
        339,
        482,
        339,
        487,
        339,
        495,
        339,
        497,
        339,
        504,
        339,
        508,
        339,
        510,
        339,
        516,
        339,
        520,
        339,
        522,
        339,
        526,
        339,
        532,
        339,
        533,
        339,
        537,
        339,
        543,
        339,
        545,
        339,
        549,
        340,
        552,
        340,
        554,
        340,
        556,
        340,
        559,
        340,
        561,
        340,
        562,
        340,
        566,
        340,
        569,
        340,
        570,
        340,
        573,
        340,
        576,
        340,
        577,
        340,
        580,
        340,
        581,
        340,
        582,
        340,
        584,
        340,
        586,
        340,
        588,
        340,
        589,
        340,
        590,
        340,
        591,
        340,
        592,
        340,
        593,
        340,
        594,
        340,
        595,
        340,
        596,
        340,
        597,
        340,
        598,
        340,
        599,
        340,
        600,
        340,
        601,
        341,
        602,
        341,
        603,
        341,
        604,
        341,
        603,
        341,
        602,
        341,
        597,
        343
      ],
      "tool": "pen",
      "strokeWidth": 4
    },
    {
      "points": [
        463,
        139,
        463,
        140,
        462,
        140,
        461,
        140,
        460,
        140,
        459,
        140,
        458,
        139,
        457,
        139,
        456,
        139,
        455,
        139,
        454,
        139,
        453,
        139,
        453,
        138,
        452,
        138,
        451,
        138,
        451,
        137,
        450,
        137,
        449,
        137,
        449,
        136,
        448,
        136,
        448,
        135,
        447,
        135,
        447,
        134,
        446,
        134,
        446,
        133,
        445,
        133,
        445,
        132,
        445,
        131,
        444,
        131,
        444,
        130,
        443,
        129,
        443,
        128,
        443,
        127,
        443,
        126,
        442,
        126,
        442,
        125,
        442,
        124,
        442,
        123,
        442,
        122,
        442,
        121,
        442,
        120,
        441,
        120,
        441,
        119,
        441,
        118,
        441,
        117,
        441,
        116,
        441,
        115,
        441,
        114,
        441,
        113,
        441,
        112,
        442,
        111,
        442,
        110,
        443,
        110,
        443,
        109,
        444,
        108,
        444,
        107,
        445,
        107,
        445,
        106,
        446,
        106,
        446,
        105,
        447,
        104,
        448,
        104,
        448,
        103,
        449,
        103,
        449,
        102,
        450,
        102,
        451,
        101,
        452,
        101,
        453,
        100,
        454,
        100,
        454,
        99,
        455,
        99,
        456,
        99,
        457,
        99,
        458,
        98,
        459,
        98,
        460,
        98,
        461,
        98,
        463,
        98,
        464,
        97,
        465,
        97,
        466,
        97,
        467,
        97,
        468,
        97,
        469,
        97,
        470,
        97,
        471,
        97,
        472,
        97,
        473,
        98,
        474,
        98,
        475,
        98,
        476,
        98,
        476,
        99,
        477,
        99,
        478,
        99,
        479,
        99,
        479,
        100,
        480,
        100,
        481,
        101,
        482,
        101,
        482,
        102,
        483,
        103,
        483,
        104,
        484,
        104,
        484,
        105,
        485,
        106,
        485,
        107,
        486,
        107,
        486,
        108,
        486,
        109,
        486,
        110,
        487,
        111,
        487,
        112,
        487,
        113,
        487,
        114,
        487,
        115,
        487,
        116,
        487,
        117,
        487,
        118,
        487,
        119,
        487,
        120,
        487,
        121,
        487,
        122,
        486,
        123,
        486,
        124,
        486,
        125,
        486,
        126,
        485,
        126,
        485,
        127,
        484,
        128,
        484,
        129,
        483,
        129,
        483,
        130,
        482,
        131,
        481,
        131,
        481,
        132,
        480,
        133,
        480,
        134,
        479,
        134,
        478,
        135,
        478,
        136,
        477,
        136,
        476,
        136,
        476,
        137,
        475,
        137,
        475,
        138,
        474,
        138,
        473,
        138,
        472,
        139,
        470,
        139,
        469,
        139,
        468,
        140,
        467,
        140,
        466,
        140,
        465,
        140,
        463,
        140,
        462,
        140,
        461,
        139,
        459,
        139,
        458,
        139,
        457,
        139,
        456,
        139,
        455,
        139,
        454,
        138,
        453,
        136,
        452,
        134
      ],
      "tool": "pen",
      "strokeWidth": 4
    }
  ]
}