{
  "id": "ta",
  "shapes": [
    {
      "points": [
        370.5,
        186,
        369.5,
        185,
        369.5,
        186,
        369.5,
        187,
        369.5,
        189,
        369.5,
        190,
        369.5,
        192,
        369.5,
        195,
        369.5,
        199,
        369.5,
        202,
        369.5,
        205,
        369.5,
        208,
        369.5,
        212,
        369.5,
        216,
        369.5,
        220,
        369.5,
        224,
        369.5,
        229,
        369.5,
        234,
        369.5,
        240,
        369.5,
        245,
        369.5,
        250,
        369.5,
        255,
        369.5,
        259,
        369.5,
        263,
        369.5,
        268,
        369.5,
        273,
        369.5,
        278,
        369.5,
        282,
        369.5,
        287,
        369.5,
        291,
        369.5,
        295,
        369.5,
        298,
        369.5,
        302,
        369.5,
        306,
        369.5,
        309,
        369.5,
        313,
        369.5,
        316,
        369.5,
        319,
        369.5,
        322,
        369.5,
        325,
        369.5,
        328,
        369.5,
        331,
        369.5,
        333,
        369.5,
        335,
        369.5,
        337,
        369.5,
        338,
        369.5,
        340,
        369.5,
        341,
        369.5,
        343,
        369.5,
        344,
        369.5,
        345,
        369.5,
        344,
        369.5,
        343,
        369.5,
        342,
        369.5,
        344
      ],
      "tool": "pen",
      "strokeWidth": 4
    },
    {
      "points": [
        367.5,
        341,
        367.5,
        340,
        368.5,
        340,
        370.5,
        340,
        372.5,
        340,
        374.5,
        340,
        377.5,
        340,
        380.5,
        340,
        383.5,
        340,
        388.5,
        341,
        393.5,
        341,
        398.5,
        341,
        403.5,
        341,
        409.5,
        341,
        415.5,
        341,
        421.5,
        341,
        428.5,
        341,
        435.5,
        341,
        443.5,
        341,
        451.5,
        341,
        460.5,
        341,
        473.5,
        342,
        476.5,
        342,
        483.5,
        342,
        488.5,
        342,
        494.5,
        342,
        500.5,
        342,
        506.5,
        342,
        511.5,
        342,
        516.5,
        342,
        524.5,
        342,
        527.5,
        343,
        532.5,
        343,
        539.5,
        343,
        541.5,
        343,
        545.5,
        343,
        550.5,
        343,
        551.5,
        343,
        553.5,
        343,
        557.5,
        343,
        559.5,
        343,
        560.5,
        343,
        564.5,
        343,
        565.5,
        343,
        566.5,
        343,
        568.5,
        343,
        570.5,
        343,
        572.5,
        343,
        573.5,
        343,
        574.5,
        343,
        575.5,
        343,
        576.5,
        343,
        577.5,
        343,
        578.5,
        343,
        579.5,
        343,
        580.5,
        343,
        581.5,
        343,
        581.5,
        344,
        581.5,
        343,
        582.5,
        343,
        581.5,
        344
      ],
      "tool": "pen",
      "strokeWidth": 4
    }
  ]
}