{
  "id": "th",
  "shapes": [
    {
      "points": [
        317,
        116
      ],
      "tool": "pen",
      "strokeWidth": 4
    },
    {
      "points": [
        317,
        116,
        316,
        114,
        316,
        113,
        316,
        114,
        316,
        115,
        316,
        117,
        316,
        120,
        316,
        123,
        316,
        127,
        316,
        131,
        316,
        136,
        316,
        140,
        316,
        144,
        316,
        147,
        316,
        150,
        316,
        152,
        316,
        155,
        316,
        158,
        316,
        160,
        316,
        163,
        316,
        164,
        316,
        165,
        316,
        166,
        316,
        167,
        316,
        168,
        316,
        169,
        316,
        170,
        316,
        171,
        316,
        172,
        316,
        176,
        316,
        177,
        316,
        178,
        316,
        177,
        316,
        178
      ],
      "tool": "pen",
      "strokeWidth": 4
    },
    {
      "points": [
        420,
        114,
        420,
        113,
        420,
        112,
        421,
        112,
        421,
        113,
        421,
        114,
        421,
        115,
        421,
        116,
        421,
        118,
        421,
        121,
        421,
        125,
        421,
        126,
        421,
        128,
        421,
        133,
        421,
        135,
        421,
        138,
        421,
        140,
        421,
        142,
        421,
        145,
        421,
        150,
        421,
        152,
        421,
        154,
        421,
        159,
        421,
        160,
        421,
        163,
        421,
        166,
        421,
        168,
        421,
        170,
        421,
        173,
        421,
        176,
        421,
        177,
        421,
        178,
        420,
        179,
        420,
        182,
        420,
        186,
        420,
        188,
        420,
        191,
        420,
        193,
        420,
        194,
        420,
        195,
        420,
        196,
        420,
        197,
        420,
        198,
        420,
        199,
        420,
        200,
        420,
        201,
        420,
        202,
        420,
        203,
        420,
        204,
        420,
        205,
        420,
        204,
        421,
        204,
        421,
        205,
        420,
        206,
        420,
        207,
        420,
        208,
        419,
        208,
        419,
        209,
        419,
        210,
        418,
        211,
        418,
        212,
        418,
        213,
        417,
        213,
        417,
        214,
        417,
        215,
        417,
        216,
        416,
        217,
        416,
        218,
        416,
        220,
        415,
        221,
        415,
        222,
        414,
        223,
        414,
        224,
        414,
        225,
        413,
        226,
        413,
        227,
        413,
        228,
        412,
        228,
        412,
        229,
        412,
        230,
        411,
        231,
        411,
        232,
        410,
        232,
        410,
        233,
        410,
        234,
        409,
        235,
        409,
        236,
        408,
        236,
        408,
        237,
        407,
        237,
        407,
        238,
        406,
        239,
        405,
        240,
        405,
        241,
        404,
        241,
        404,
        242,
        403,
        242,
        403,
        243,
        402,
        243,
        402,
        244,
        401,
        244,
        400,
        244,
        400,
        245,
        399,
        245,
        399,
        246,
        398,
        246,
        397,
        247,
        396,
        247,
        396,
        248,
        395,
        249,
        394,
        249,
        394,
        250,
        393,
        251,
        392,
        251,
        392,
        252,
        391,
        252,
        390,
        253,
        388,
        254,
        386,
        255,
        385,
        256,
        384,
        256,
        383,
        257,
        382,
        257,
        381,
        258,
        379,
        258,
        378,
        259,
        377,
        259,
        376,
        259,
        375,
        260,
        374,
        260,
        373,
        260,
        371,
        260,
        370,
        261,
        369,
        261,
        368,
        261,
        367,
        261,
        366,
        261,
        365,
        261,
        364,
        261,
        363,
        262,
        362,
        262,
        361,
        262,
        360,
        262,
        359,
        262,
        358,
        262,
        357,
        263,
        356,
        263,
        355,
        263,
        354,
        263,
        353,
        263,
        352,
        263,
        351,
        263,
        350,
        263,
        349,
        263,
        348,
        263,
        347,
        263,
        346,
        263,
        345,
        263,
        344,
        263,
        343,
        263,
        342,
        263,
        341,
        263,
        340,
        263,
        339,
        263,
        337,
        263,
        335,
        263,
        334,
        263,
        333,
        262,
        332,
        262,
        331,
        262,
        330,
        262,
        329,
        262,
        328,
        262,
        327,
        261,
        326,
        261,
        325,
        261,
        324,
        260,
        323,
        260,
        322,
        260,
        321,
        259,
        320,
        259,
        319,
        259,
        318,
        258,
        317,
        258,
        316,
        258,
        314,
        257,
        311,
        256,
        310,
        256,
        309,
        255,
        308,
        255,
        307,
        254,
        306,
        254,
        305,
        253,
        304,
        253,
        303,
        253,
        303,
        252,
        302,
        252,
        301,
        252,
        301,
        251,
        300,
        251,
        299,
        251,
        297,
        250,
        296,
        250,
        296,
        249,
        295,
        249,
        294,
        249,
        294,
        248,
        293,
        248,
        292,
        247,
        291,
        247,
        290,
        246,
        289,
        245,
        288,
        245,
        288,
        244,
        287,
        244,
        287,
        243,
        286,
        242,
        284,
        240,
        283,
        239,
        282,
        237,
        282,
        236,
        281,
        236,
        281,
        235,
        280,
        235,
        280,
        234,
        279,
        233,
        278,
        232,
        277,
        231,
        277,
        230,
        276,
        229,
        275,
        228,
        275,
        227,
        274,
        226,
        273,
        226,
        273,
        225,
        273,
        224,
        272,
        224,
        272,
        223,
        272,
        222,
        271,
        221,
        271,
        220,
        270,
        220,
        270,
        217,
        269,
        217,
        269,
        216,
        269,
        215,
        268,
        214,
        268,
        213,
        268,
        212,
        268,
        211,
        268,
        210,
        268,
        209,
        268,
        208,
        268,
        207,
        268,
        206,
        269,
        205,
        269,
        203,
        269,
        202,
        270,
        202,
        270,
        201,
        271,
        200,
        271,
        199,
        272,
        199,
        272,
        198,
        272,
        197,
        273,
        196,
        274,
        195,
        275,
        194,
        276,
        193,
        276,
        192,
        277,
        192,
        277,
        191,
        278,
        191,
        278,
        190,
        279,
        189,
        280,
        189,
        280,
        188,
        280,
        187,
        281,
        187,
        282,
        186,
        283,
        186,
        284,
        185,
        285,
        185,
        285,
        184,
        286,
        184,
        287,
        183,
        288,
        183,
        289,
        182,
        290,
        182,
        291,
        182,
        291,
        181,
        292,
        181,
        293,
        181,
        294,
        181,
        295,
        180,
        296,
        180,
        297,
        180,
        297,
        181,
        298,
        181,
        299,
        181,
        300,
        181,
        302,
        181,
        304,
        181,
        306,
        181,
        309,
        180,
        312,
        180,
        316,
        180,
        319,
        180,
        322,
        180,
        325,
        180,
        328,
        180,
        331,
        180,
        334,
        180,
        338,
        180,
        342,
        180,
        347,
        179,
        352,
        179,
        358,
        179,
        363,
        179,
        368,
        179,
        374,
        179,
        379,
        178,
        384,
        178,
        389,
        178,
        394,
        178,
        399,
        178,
        403,
        178,
        407,
        178,
        410,
        178,
        414,
        178,
        417,
        178,
        419,
        177,
        421,
        177,
        424,
        177,
        426,
        177,
        427,
        177,
        430,
        177,
        431,
        177,
        432,
        177,
        433,
        177,
        434,
        177,
        435,
        177,
        437,
        177,
        439,
        177,
        442,
        177,
        444,
        177,
        446,
        177,
        448,
        177,
        449,
        177,
        450,
        177,
        451,
        177,
        453,
        177,
        454,
        177,
        455,
        177,
        456,
        176,
        457,
        176,
        460,
        176,
        461,
        176,
        462,
        176,
        464,
        176,
        465,
        176,
        466,
        176,
        467,
        176,
        468,
        176,
        469,
        176,
        470,
        176,
        471,
        176,
        472,
        176,
        473,
        176,
        474,
        176,
        475,
        176,
        475,
        177,
        476,
        177,
        477,
        177,
        478,
        177,
        479,
        177,
        480,
        178,
        481,
        178,
        482,
        178,
        483,
        178,
        484,
        178,
        484,
        179,
        485,
        179,
        486,
        179,
        487,
        179,
        487,
        180,
        488,
        180,
        489,
        180,
        489,
        181,
        490,
        181,
        491,
        181,
        492,
        182,
        493,
        182,
        494,
        182,
        494,
        183,
        495,
        183,
        496,
        183,
        497,
        184,
        498,
        185,
        499,
        185,
        500,
        186,
        501,
        186,
        501,
        187,
        502,
        187,
        503,
        187,
        503,
        188,
        504,
        188,
        504,
        189,
        505,
        189,
        506,
        190,
        507,
        190,
        507,
        191,
        508,
        192,
        509,
        192,
        509,
        193,
        510,
        194,
        510,
        195,
        511,
        195,
        511,
        196,
        512,
        196,
        512,
        197,
        512,
        198,
        513,
        199,
        513,
        200,
        514,
        200,
        514,
        201,
        514,
        202,
        515,
        202,
        515,
        203,
        515,
        204,
        515,
        205,
        516,
        205,
        516,
        206,
        516,
        207,
        517,
        208,
        517,
        209,
        517,
        210,
        518,
        210,
        518,
        211,
        518,
        212,
        518,
        213,
        519,
        214,
        519,
        215,
        519,
        216,
        519,
        217,
        520,
        218,
        520,
        219,
        520,
        220,
        520,
        221,
        520,
        222,
        521,
        223,
        521,
        224,
        521,
        225,
        521,
        226,
        521,
        227,
        521,
        228,
        521,
        230,
        521,
        231,
        521,
        232,
        521,
        233,
        522,
        234,
        522,
        235,
        522,
        236,
        522,
        237,
        522,
        238,
        522,
        240,
        522,
        242,
        522,
        243,
        522,
        244,
        522,
        245,
        522,
        246,
        522,
        247,
        522,
        249,
        522,
        250,
        522,
        251,
        522,
        252,
        522,
        253,
        522,
        254,
        522,
        255,
        522,
        256,
        522,
        257,
        521,
        258,
        521,
        259,
        521,
        260,
        521,
        261,
        521,
        263,
        520,
        264,
        520,
        265,
        519,
        266,
        519,
        267,
        519,
        268,
        518,
        270,
        518,
        271,
        518,
        273,
        517,
        274,
        517,
        275,
        516,
        276,
        516,
        277,
        515,
        278,
        515,
        280,
        514,
        281,
        513,
        282,
        513,
        283,
        512,
        284,
        511,
        285,
        511,
        286,
        510,
        287,
        509,
        288,
        508,
        289,
        507,
        290,
        505,
        291,
        505,
        292,
        504,
        293,
        503,
        293,
        503,
        294,
        502,
        294,
        502,
        295,
        501,
        295,
        500,
        295,
        499,
        296,
        498,
        297,
        497,
        297,
        495,
        298,
        494,
        299,
        493,
        299,
        491,
        300,
        490,
        300,
        489,
        301,
        487,
        301,
        486,
        302,
        484,
        303,
        483,
        303,
        482,
        303,
        480,
        304,
        478,
        304,
        476,
        305,
        475,
        305,
        474,
        305,
        473,
        305,
        473,
        306,
        472,
        306,
        471,
        306,
        469,
        306,
        468,
        306,
        467,
        306,
        466,
        306,
        464,
        306,
        463,
        306,
        462,
        307,
        461,
        307,
        460,
        307,
        459,
        307,
        460,
        307,
        459,
        307,
        458,
        307,
        457,
        307,
        455,
        307,
        454,
        307,
        452,
        307,
        451,
        307,
        449,
        307,
        448,
        307,
        445,
        307,
        444,
        307,
        442,
        307,
        441,
        307,
        438,
        307,
        435,
        307,
        433,
        307,
        430,
        307,
        426,
        307,
        424,
        307,
        421,
        307,
        416,
        307,
        414,
        307,
        411,
        307,
        405,
        307,
        400,
        307,
        398,
        307,
        391,
        307,
        386,
        308,
        383,
        308,
        376,
        308,
        372,
        308,
        370,
        308,
        363,
        308,
        359,
        308,
        357,
        308,
        353,
        308,
        350,
        308,
        349,
        308,
        344,
        308,
        341,
        308,
        340,
        308,
        337,
        308,
        334,
        308,
        332,
        308,
        331,
        308,
        329,
        308,
        327,
        308,
        325,
        309,
        323,
        309,
        322,
        309,
        320,
        309,
        319,
        309,
        318,
        309,
        316,
        309,
        315,
        309,
        314,
        309,
        312,
        309,
        311,
        309,
        310,
        309,
        309,
        309,
        308,
        309,
        307,
        309,
        306,
        309,
        305,
        309,
        305,
        310,
        304,
        310,
        303,
        310,
        302,
        310,
        301,
        310,
        300,
        310,
        299,
        310,
        298,
        310,
        297,
        310,
        296,
        310,
        295,
        310,
        294,
        310,
        293,
        310,
        292,
        311,
        291,
        311,
        290,
        311,
        289,
        311,
        288,
        311,
        287,
        311,
        286,
        311,
        285,
        311,
        284,
        311,
        283,
        311,
        282,
        312,
        281,
        312,
        280,
        312,
        279,
        312,
        278,
        312,
        278,
        313,
        277,
        313,
        276,
        313,
        275,
        314,
        274,
        314,
        273,
        315,
        272,
        315,
        271,
        316,
        270,
        316,
        269,
        317,
        268,
        317,
        268,
        318,
        267,
        318,
        266,
        318,
        265,
        319,
        264,
        320,
        263,
        321,
        262,
        321,
        261,
        322,
        260,
        323,
        259,
        324,
        258,
        325,
        257,
        325,
        257,
        326,
        256,
        327,
        255,
        328,
        255,
        329,
        254,
        329,
        254,
        330,
        253,
        331,
        253,
        333,
        252,
        334,
        252,
        335,
        251,
        335,
        251,
        336,
        251,
        337,
        251,
        338,
        250,
        339,
        250,
        341,
        249,
        343,
        248,
        344,
        248,
        345,
        248,
        346,
        248,
        347,
        248,
        348,
        248,
        349,
        248,
        350,
        247,
        351,
        246,
        351,
        243,
        353
      ],
      "tool": "pen",
      "strokeWidth": 4
    },
    {
      "points": [
        315,
        113,
        315,
        114,
        315,
        115,
        315,
        116,
        316,
        116,
        316,
        117,
        317,
        117,
        319,
        117,
        323,
        117,
        325,
        117,
        329,
        117,
        336,
        117,
        339,
        117,
        345,
        117,
        353,
        117,
        357,
        117,
        360,
        117,
        367,
        117,
        371,
        117,
        374,
        117,
        381,
        117,
        385,
        117,
        388,
        117,
        394,
        117,
        398,
        117,
        400,
        117,
        407,
        117,
        410,
        117,
        412,
        117,
        418,
        117,
        422,
        117,
        425,
        117,
        430,
        117,
        433,
        117,
        436,
        117,
        440,
        117,
        443,
        117,
        447,
        117,
        449,
        117,
        451,
        117,
        453,
        117,
        456,
        117,
        458,
        117,
        461,
        117,
        463,
        117,
        465,
        117,
        468,
        117,
        470,
        117,
        472,
        117,
        474,
        117,
        475,
        117,
        476,
        117,
        477,
        117,
        478,
        117,
        480,
        117,
        481,
        117,
        483,
        117,
        484,
        117,
        485,
        117,
        486,
        117,
        487,
        117,
        488,
        117,
        489,
        117,
        490,
        117,
        491,
        117,
        492,
        117,
        493,
        117,
        492,
        117,
        493,
        117
      ],
      "tool": "pen",
      "strokeWidth": 4
    },
    {
      "points": [
        396,
        73,
        396,
        74,
        395,
        74,
        394,
        74,
        393,
        74,
        392,
        74,
        391,
        74,
        390,
        74,
        389,
        74,
        388,
        74,
        387,
        74,
        386,
        74,
        385,
        74,
        384,
        74,
        383,
        74,
        383,
        73,
        382,
        73,
        381,
        73,
        380,
        73,
        379,
        73,
        378,
        73,
        378,
        72,
        377,
        72,
        376,
        72,
        376,
        71,
        375,
        71,
        374,
        70,
        373,
        69,
        372,
        69,
        372,
        68,
        371,
        68,
        371,
        67,
        371,
        66,
        370,
        65,
        370,
        64,
        370,
        63,
        369,
        62,
        369,
        61,
        368,
        60,
        368,
        59,
        368,
        58,
        367,
        57,
        367,
        56,
        367,
        55,
        367,
        54,
        367,
        53,
        367,
        52,
        367,
        51,
        368,
        50,
        368,
        49,
        368,
        48,
        369,
        47,
        369,
        46,
        370,
        46,
        370,
        45,
        371,
        44,
        372,
        43,
        373,
        42,
        374,
        41,
        375,
        41,
        376,
        40,
        377,
        39,
        378,
        39,
        379,
        38,
        380,
        38,
        381,
        38,
        382,
        37,
        383,
        37,
        384,
        37,
        385,
        37,
        386,
        37,
        386,
        36,
        387,
        36,
        388,
        36,
        389,
        36,
        390,
        36,
        391,
        36,
        392,
        36,
        392,
        37,
        394,
        37,
        395,
        37,
        396,
        37,
        397,
        38,
        398,
        38,
        399,
        38,
        401,
        39,
        402,
        39,
        403,
        39,
        403,
        40,
        404,
        40,
        405,
        41,
        406,
        41,
        406,
        42,
        407,
        42,
        407,
        43,
        408,
        43,
        408,
        44,
        409,
        44,
        409,
        45,
        409,
        46,
        410,
        46,
        410,
        47,
        410,
        48,
        411,
        48,
        411,
        49,
        411,
        50,
        411,
        51,
        412,
        52,
        412,
        53,
        412,
        54,
        412,
        55,
        412,
        56,
        412,
        57,
        412,
        58,
        411,
        58,
        411,
        59,
        411,
        60,
        410,
        60,
        410,
        61,
        410,
        62,
        409,
        62,
        409,
        63,
        409,
        64,
        408,
        64,
        407,
        65,
        406,
        66,
        405,
        66,
        405,
        67,
        404,
        68,
        403,
        68,
        402,
        69,
        401,
        69,
        400,
        69,
        398,
        70,
        396,
        71,
        394,
        71,
        392,
        72,
        391,
        72,
        390,
        72,
        389,
        73,
        388,
        73,
        387,
        73,
        386,
        73,
        385,
        73,
        384,
        73,
        383,
        73,
        382,
        73,
        383,
        73
      ],
      "tool": "pen",
      "strokeWidth": 4
    }
  ]
}