{
  "id": "tha",
  "shapes": [
    {
      "points": [
        405.5,
        87,
        405.5,
        86,
        405.5,
        87,
        405.5,
        88,
        405.5,
        89,
        405.5,
        90,
        404.5,
        92,
        404.5,
        93,
        404.5,
        94,
        404.5,
        95,
        403.5,
        95,
        403.5,
        96,
        403.5,
        97,
        403.5,
        98,
        403.5,
        99,
        403.5,
        100,
        403.5,
        101,
        403.5,
        102,
        403.5,
        103,
        403.5,
        104,
        403.5,
        105,
        403.5,
        106,
        403.5,
        107,
        403.5,
        108,
        403.5,
        109,
        403.5,
        110,
        403.5,
        112,
        403.5,
        113,
        403.5,
        115,
        403.5,
        116,
        403.5,
        117,
        403.5,
        118,
        403.5,
        119,
        403.5,
        120,
        403.5,
        121,
        403.5,
        122,
        403.5,
        123,
        403.5,
        124,
        403.5,
        125,
        403.5,
        126,
        403.5,
        127,
        403.5,
        128,
        403.5,
        130,
        403.5,
        131,
        403.5,
        132,
        403.5,
        134,
        403.5,
        135,
        403.5,
        137,
        403.5,
        138,
        403.5,
        140,
        403.5,
        141,
        403.5,
        143,
        403.5,
        144,
        403.5,
        147,
        403.5,
        148,
        403.5,
        149,
        403.5,
        150,
        402.5,
        150,
        402.5,
        151,
        402.5,
        150,
        402.5,
        151
      ],
      "tool": "pen",
      "strokeWidth": 4
    },
    {
      "points": [
        405.5,
        90,
        404.5,
        88,
        404.5,
        87,
        405.5,
        87,
        406.5,
        87,
        408.5,
        86,
        409.5,
        86,
        411.5,
        86,
        413.5,
        86,
        414.5,
        86,
        416.5,
        86,
        418.5,
        86,
        419.5,
        86,
        421.5,
        86,
        423.5,
        86,
        424.5,
        86,
        425.5,
        86,
        428.5,
        85,
        430.5,
        85,
        431.5,
        85,
        433.5,
        85,
        435.5,
        85,
        437.5,
        85,
        438.5,
        85,
        439.5,
        85,
        441.5,
        85,
        443.5,
        85,
        445.5,
        85,
        446.5,
        85,
        448.5,
        85,
        450.5,
        85,
        451.5,
        85,
        452.5,
        85,
        454.5,
        85,
        456.5,
        85,
        458.5,
        85,
        459.5,
        85,
        461.5,
        85,
        463.5,
        85,
        465.5,
        85,
        467.5,
        85,
        469.5,
        85,
        471.5,
        85,
        473.5,
        85,
        474.5,
        85,
        475.5,
        85,
        477.5,
        85,
        478.5,
        85,
        479.5,
        85,
        481.5,
        85,
        482.5,
        85,
        483.5,
        85,
        484.5,
        85,
        486.5,
        85,
        487.5,
        85,
        489.5,
        85,
        490.5,
        85,
        491.5,
        85,
        493.5,
        85,
        495.5,
        85,
        497.5,
        85,
        499.5,
        85,
        501.5,
        85,
        503.5,
        85,
        505.5,
        85,
        506.5,
        84,
        507.5,
        84,
        508.5,
        84,
        509.5,
        84,
        510.5,
        84,
        512.5,
        84,
        514.5,
        84,
        517.5,
        84,
        519.5,
        84,
        522.5,
        84,
        524.5,
        84,
        525.5,
        84,
        527.5,
        84,
        528.5,
        84,
        529.5,
        84,
        530.5,
        84,
        531.5,
        84,
        533.5,
        84,
        534.5,
        84,
        535.5,
        84,
        537.5,
        84,
        538.5,
        84,
        539.5,
        84,
        541.5,
        84,
        542.5,
        84,
        543.5,
        84,
        545.5,
        84,
        546.5,
        84,
        548.5,
        84,
        550.5,
        84,
        551.5,
        84,
        552.5,
        84,
        554.5,
        84,
        555.5,
        84,
        556.5,
        84,
        557.5,
        84,
        558.5,
        84,
        559.5,
        84,
        560.5,
        84,
        561.5,
        84,
        562.5,
        84,
        563.5,
        84,
        564.5,
        84,
        565.5,
        84,
        566.5,
        84,
        567.5,
        84,
        568.5,
        84,
        569.5,
        84,
        570.5,
        84,
        571.5,
        84,
        572.5,
        84,
        573.5,
        84,
        574.5,
        84,
        575.5,
        84,
        576.5,
        84,
        575.5,
        84,
        576.5,
        84
      ],
      "tool": "pen",
      "strokeWidth": 4
    },
    {
      "points": [
        506.5,
        87,
        506.5,
        85,
        505.5,
        85,
        505.5,
        86,
        506.5,
        87,
        506.5,
        88,
        506.5,
        90,
        506.5,
        91,
        506.5,
        93,
        506.5,
        94,
        506.5,
        96,
        506.5,
        97,
        506.5,
        99,
        506.5,
        100,
        506.5,
        101,
        506.5,
        103,
        506.5,
        105,
        506.5,
        107,
        506.5,
        109,
        506.5,
        110,
        506.5,
        111,
        506.5,
        112,
        506.5,
        113,
        506.5,
        114,
        506.5,
        115,
        506.5,
        117,
        505.5,
        118,
        505.5,
        120,
        505.5,
        121,
        505.5,
        123,
        505.5,
        124,
        505.5,
        125,
        505.5,
        127,
        505.5,
        129,
        505.5,
        131,
        505.5,
        132,
        505.5,
        133,
        505.5,
        136,
        505.5,
        137,
        505.5,
        138,
        505.5,
        140,
        505.5,
        141,
        505.5,
        143,
        505.5,
        144,
        504.5,
        145,
        504.5,
        146,
        504.5,
        148,
        504.5,
        150,
        504.5,
        151,
        504.5,
        153,
        504.5,
        154,
        504.5,
        156,
        504.5,
        158,
        504.5,
        159,
        504.5,
        160,
        504.5,
        162,
        504.5,
        163,
        504.5,
        165,
        504.5,
        166,
        504.5,
        167,
        504.5,
        168,
        505.5,
        169,
        505.5,
        170,
        505.5,
        172,
        505.5,
        173,
        505.5,
        174,
        505.5,
        176,
        505.5,
        177,
        504.5,
        180,
        504.5,
        181,
        504.5,
        182,
        504.5,
        183,
        503.5,
        185,
        503.5,
        186,
        503.5,
        187,
        503.5,
        188,
        503.5,
        190,
        502.5,
        192,
        502.5,
        193,
        502.5,
        194,
        502.5,
        195,
        501.5,
        195,
        501.5,
        196,
        501.5,
        197,
        501.5,
        198,
        500.5,
        199,
        500.5,
        200,
        500.5,
        201,
        500.5,
        202,
        499.5,
        202,
        499.5,
        203,
        499.5,
        204,
        498.5,
        205,
        498.5,
        206,
        497.5,
        207,
        497.5,
        208,
        496.5,
        208,
        496.5,
        209,
        496.5,
        210,
        495.5,
        210,
        495.5,
        211,
        494.5,
        212,
        493.5,
        213,
        492.5,
        214,
        491.5,
        215,
        491.5,
        216,
        490.5,
        216,
        489.5,
        217,
        488.5,
        218,
        487.5,
        219,
        486.5,
        220,
        485.5,
        221,
        484.5,
        221,
        483.5,
        222,
        482.5,
        223,
        481.5,
        224,
        480.5,
        224,
        480.5,
        225,
        478.5,
        226,
        476.5,
        227,
        475.5,
        228,
        474.5,
        229,
        473.5,
        229,
        472.5,
        230,
        471.5,
        230,
        470.5,
        230,
        470.5,
        231,
        469.5,
        231,
        468.5,
        231,
        467.5,
        231,
        466.5,
        232,
        465.5,
        232,
        464.5,
        232,
        463.5,
        233,
        462.5,
        233,
        461.5,
        233,
        460.5,
        233,
        458.5,
        233,
        456.5,
        234,
        455.5,
        234,
        454.5,
        235,
        453.5,
        235,
        452.5,
        235,
        451.5,
        235,
        450.5,
        236,
        449.5,
        236,
        447.5,
        236,
        446.5,
        237,
        445.5,
        237,
        443.5,
        238,
        442.5,
        238,
        440.5,
        239,
        439.5,
        239,
        438.5,
        239,
        437.5,
        239,
        436.5,
        239,
        435.5,
        239,
        434.5,
        239,
        433.5,
        239,
        432.5,
        239,
        431.5,
        239,
        430.5,
        239,
        429.5,
        239,
        428.5,
        239,
        427.5,
        239,
        426.5,
        239,
        425.5,
        239,
        424.5,
        240,
        423.5,
        240,
        422.5,
        240,
        421.5,
        240,
        420.5,
        240,
        419.5,
        240,
        418.5,
        240,
        417.5,
        239,
        416.5,
        239,
        415.5,
        239,
        414.5,
        239,
        413.5,
        239,
        412.5,
        239,
        410.5,
        239,
        410.5,
        238,
        409.5,
        238,
        408.5,
        238,
        407.5,
        238,
        406.5,
        238,
        405.5,
        238,
        405.5,
        237,
        404.5,
        237,
        403.5,
        237,
        402.5,
        237,
        402.5,
        236,
        401.5,
        236,
        400.5,
        236,
        399.5,
        235,
        398.5,
        235,
        397.5,
        235,
        397.5,
        234,
        396.5,
        234,
        395.5,
        234,
        395.5,
        233,
        394.5,
        233,
        393.5,
        233,
        392.5,
        232,
        391.5,
        232,
        390.5,
        231,
        389.5,
        231,
        388.5,
        230,
        387.5,
        230,
        386.5,
        229,
        385.5,
        228,
        384.5,
        228,
        383.5,
        227,
        382.5,
        226,
        381.5,
        225,
        380.5,
        224,
        380.5,
        223,
        379.5,
        223,
        378.5,
        222,
        377.5,
        222,
        377.5,
        221,
        376.5,
        220,
        375.5,
        219,
        374.5,
        218,
        373.5,
        217,
        372.5,
        217,
        372.5,
        216,
        371.5,
        215,
        370.5,
        214,
        369.5,
        213,
        369.5,
        212,
        368.5,
        212,
        367.5,
        211,
        366.5,
        210,
        365.5,
        209,
        365.5,
        208,
        364.5,
        208,
        363.5,
        207,
        363.5,
        206,
        362.5,
        205,
        361.5,
        204,
        361.5,
        203,
        360.5,
        202,
        359.5,
        200,
        358.5,
        198,
        357.5,
        196,
        357.5,
        195,
        357.5,
        194,
        357.5,
        193,
        357.5,
        192,
        357.5,
        191,
        356.5,
        189,
        356.5,
        188,
        356.5,
        187,
        356.5,
        186,
        356.5,
        184,
        355.5,
        183,
        355.5,
        182,
        355.5,
        181,
        355.5,
        180,
        355.5,
        179,
        355.5,
        178,
        355.5,
        176,
        355.5,
        175,
        355.5,
        173,
        356.5,
        172,
        356.5,
        171,
        357.5,
        169,
        357.5,
        168,
        357.5,
        167,
        357.5,
        166,
        358.5,
        165,
        359.5,
        163,
        360.5,
        162,
        361.5,
        161,
        362.5,
        160,
        363.5,
        159,
        364.5,
        159,
        364.5,
        158,
        366.5,
        157,
        367.5,
        157,
        368.5,
        156,
        370.5,
        155,
        371.5,
        155,
        372.5,
        154,
        373.5,
        154,
        374.5,
        153,
        375.5,
        153,
        376.5,
        153,
        377.5,
        153,
        378.5,
        152,
        380.5,
        152,
        381.5,
        151,
        382.5,
        151,
        384.5,
        151,
        385.5,
        151,
        386.5,
        151,
        386.5,
        150,
        387.5,
        150,
        388.5,
        150,
        389.5,
        150,
        390.5,
        150,
        392.5,
        150,
        393.5,
        150,
        395.5,
        150,
        396.5,
        150,
        397.5,
        150,
        398.5,
        150,
        399.5,
        150,
        400.5,
        150,
        401.5,
        150,
        403.5,
        150,
        404.5,
        150,
        406.5,
        150,
        407.5,
        149,
        408.5,
        149,
        409.5,
        149,
        410.5,
        149,
        411.5,
        149,
        413.5,
        149,
        416.5,
        149,
        417.5,
        149,
        419.5,
        149,
        422.5,
        149,
        423.5,
        149,
        425.5,
        149,
        427.5,
        149,
        428.5,
        149,
        429.5,
        149,
        431.5,
        149,
        433.5,
        149,
        434.5,
        149,
        436.5,
        149,
        437.5,
        149,
        440.5,
        149,
        441.5,
        149,
        442.5,
        149,
        444.5,
        149,
        446.5,
        149,
        448.5,
        149,
        451.5,
        149,
        452.5,
        149,
        455.5,
        149,
        458.5,
        149,
        459.5,
        149,
        461.5,
        149,
        464.5,
        149,
        465.5,
        149,
        467.5,
        149,
        469.5,
        149,
        471.5,
        149,
        473.5,
        149,
        475.5,
        149,
        476.5,
        149,
        478.5,
        149,
        480.5,
        149,
        483.5,
        149,
        484.5,
        149,
        485.5,
        149,
        486.5,
        149,
        488.5,
        149,
        489.5,
        149,
        491.5,
        149,
        493.5,
        149,
        494.5,
        149,
        495.5,
        149,
        497.5,
        149,
        500.5,
        149,
        502.5,
        149,
        504.5,
        149,
        505.5,
        149,
        508.5,
        149,
        510.5,
        149,
        511.5,
        149,
        513.5,
        149,
        515.5,
        148,
        517.5,
        148,
        518.5,
        148,
        519.5,
        148,
        520.5,
        148,
        521.5,
        148,
        523.5,
        148,
        524.5,
        148,
        526.5,
        148,
        528.5,
        148,
        529.5,
        148,
        530.5,
        148,
        531.5,
        148,
        532.5,
        148,
        533.5,
        148,
        534.5,
        148,
        536.5,
        148,
        537.5,
        148,
        539.5,
        148,
        540.5,
        149,
        541.5,
        149,
        542.5,
        149,
        544.5,
        149,
        545.5,
        149,
        546.5,
        149,
        548.5,
        149,
        550.5,
        149,
        551.5,
        149,
        552.5,
        149,
        553.5,
        150,
        554.5,
        150,
        555.5,
        150,
        557.5,
        150,
        558.5,
        150,
        559.5,
        151,
        561.5,
        151,
        562.5,
        151,
        563.5,
        151,
        564.5,
        151,
        565.5,
        151,
        566.5,
        151,
        567.5,
        151,
        568.5,
        152,
        569.5,
        152,
        570.5,
        152,
        571.5,
        152,
        572.5,
        152,
        573.5,
        152,
        574.5,
        153,
        575.5,
        153,
        576.5,
        154,
        577.5,
        154,
        578.5,
        155,
        580.5,
        155,
        581.5,
        156,
        583.5,
        156,
        584.5,
        157,
        585.5,
        157,
        587.5,
        158,
        588.5,
        159,
        589.5,
        159,
        590.5,
        160,
        591.5,
        161,
        592.5,
        161,
        593.5,
        162,
        594.5,
        163,
        595.5,
        164,
        596.5,
        165,
        597.5,
        166,
        598.5,
        166,
        599.5,
        167,
        599.5,
        168,
        600.5,
        168,
        600.5,
        169,
        600.5,
        170,
        601.5,
        170,
        601.5,
        171,
        602.5,
        172,
        602.5,
        173,
        603.5,
        174,
        603.5,
        175,
        603.5,
        176,
        604.5,
        177,
        604.5,
        178,
        605.5,
        179,
        605.5,
        180,
        606.5,
        181,
        606.5,
        182,
        606.5,
        183,
        607.5,
        184,
        607.5,
        185,
        608.5,
        186,
        608.5,
        187,
        608.5,
        188,
        609.5,
        190,
        609.5,
        191,
        609.5,
        192,
        609.5,
        193,
        610.5,
        194,
        610.5,
        195,
        610.5,
        196,
        610.5,
        197,
        610.5,
        198,
        610.5,
        199,
        611.5,
        200,
        611.5,
        201,
        611.5,
        202,
        611.5,
        203,
        611.5,
        204,
        611.5,
        205,
        611.5,
        206,
        611.5,
        207,
        611.5,
        208,
        611.5,
        209,
        611.5,
        211,
        611.5,
        213,
        611.5,
        215,
        611.5,
        216,
        611.5,
        218,
        611.5,
        220,
        611.5,
        222,
        610.5,
        224,
        610.5,
        225,
        610.5,
        226,
        609.5,
        229,
        609.5,
        230,
        609.5,
        231,
        609.5,
        233,
        608.5,
        234,
        608.5,
        236,
        607.5,
        238,
        607.5,
        239,
        606.5,
        241,
        606.5,
        242,
        605.5,
        243,
        605.5,
        244,
        604.5,
        245,
        604.5,
        246,
        604.5,
        247,
        603.5,
        248,
        603.5,
        249,
        602.5,
        250,
        601.5,
        251,
        601.5,
        252,
        600.5,
        254,
        599.5,
        255,
        599.5,
        256,
        598.5,
        257,
        597.5,
        258,
        597.5,
        259,
        596.5,
        260,
        595.5,
        261,
        594.5,
        262,
        594.5,
        263,
        593.5,
        264,
        592.5,
        264,
        592.5,
        265,
        591.5,
        265,
        590.5,
        266,
        589.5,
        267,
        588.5,
        267,
        588.5,
        268,
        587.5,
        268,
        586.5,
        268,
        585.5,
        269,
        583.5,
        269,
        582.5,
        270,
        581.5,
        270,
        580.5,
        271,
        579.5,
        271,
        578.5,
        271,
        578.5,
        272,
        577.5,
        272,
        576.5,
        272,
        575.5,
        272,
        574.5,
        273,
        572.5,
        273,
        571.5,
        274,
        569.5,
        274,
        568.5,
        275,
        567.5,
        275,
        566.5,
        275,
        565.5,
        276,
        564.5,
        276,
        562.5,
        276,
        562.5,
        277,
        560.5,
        277,
        558.5,
        277,
        556.5,
        277,
        555.5,
        278,
        554.5,
        278,
        553.5,
        278,
        552.5,
        278,
        551.5,
        278,
        548.5,
        279,
        546.5,
        279,
        544.5,
        280,
        543.5,
        280,
        541.5,
        280,
        539.5,
        280,
        537.5,
        280,
        535.5,
        280,
        534.5,
        280,
        532.5,
        280,
        531.5,
        280,
        529.5,
        280,
        528.5,
        280,
        525.5,
        280,
        523.5,
        280,
        521.5,
        280,
        520.5,
        280,
        518.5,
        280,
        517.5,
        280,
        516.5,
        280,
        515.5,
        280,
        514.5,
        280,
        512.5,
        280,
        510.5,
        280,
        508.5,
        280,
        506.5,
        280,
        504.5,
        280,
        502.5,
        280,
        501.5,
        280,
        500.5,
        280,
        499.5,
        280,
        498.5,
        280,
        497.5,
        280,
        495.5,
        280,
        492.5,
        280,
        490.5,
        280,
        488.5,
        280,
        486.5,
        280,
        485.5,
        280,
        484.5,
        280,
        483.5,
        280,
        482.5,
        280,
        480.5,
        280,
        479.5,
        280,
        476.5,
        280,
        474.5,
        280,
        471.5,
        280,
        469.5,
        280,
        467.5,
        280,
        466.5,
        280,
        465.5,
        280,
        464.5,
        280,
        463.5,
        280,
        462.5,
        280,
        460.5,
        280,
        458.5,
        280,
        456.5,
        280,
        454.5,
        280,
        452.5,
        280,
        450.5,
        280,
        448.5,
        280,
        447.5,
        280,
        445.5,
        281,
        442.5,
        281,
        441.5,
        281,
        439.5,
        281,
        437.5,
        281,
        436.5,
        281,
        435.5,
        281,
        432.5,
        281,
        431.5,
        281,
        430.5,
        281,
        427.5,
        281,
        425.5,
        281,
        423.5,
        282,
        420.5,
        282,
        419.5,
        282,
        417.5,
        282,
        414.5,
        282,
        413.5,
        282,
        412.5,
        282,
        410.5,
        282,
        408.5,
        282,
        406.5,
        283,
        404.5,
        283,
        403.5,
        283,
        401.5,
        283,
        399.5,
        283,
        397.5,
        283,
        396.5,
        283,
        395.5,
        283,
        394.5,
        283,
        393.5,
        283,
        391.5,
        284,
        390.5,
        284,
        389.5,
        284,
        387.5,
        284,
        386.5,
        284,
        384.5,
        284,
        382.5,
        285,
        381.5,
        285,
        380.5,
        285,
        378.5,
        285,
        376.5,
        286,
        375.5,
        286,
        374.5,
        286,
        373.5,
        286,
        372.5,
        286,
        371.5,
        286,
        370.5,
        286,
        369.5,
        287,
        368.5,
        287,
        366.5,
        287,
        365.5,
        287,
        364.5,
        287,
        363.5,
        287,
        363.5,
        288,
        362.5,
        288,
        360.5,
        289,
        359.5,
        289,
        358.5,
        290,
        357.5,
        291,
        356.5,
        292,
        354.5,
        293,
        353.5,
        293,
        353.5,
        294,
        352.5,
        294,
        351.5,
        295,
        350.5,
        296,
        349.5,
        296,
        348.5,
        297,
        347.5,
        298,
        346.5,
        299,
        345.5,
        300,
        344.5,
        300,
        343.5,
        301,
        343.5,
        302,
        342.5,
        302,
        342.5,
        303,
        341.5,
        303,
        341.5,
        304,
        341.5,
        305,
        340.5,
        306,
        339.5,
        307,
        339.5,
        308,
        339.5,
        309,
        338.5,
        309,
        338.5,
        310,
        338.5,
        311,
        337.5,
        312,
        337.5,
        314,
        336.5,
        314,
        336.5,
        315,
        335.5,
        317,
        335.5,
        318,
        335.5,
        319,
        334.5,
        320,
        334.5,
        322,
        333.5,
        323,
        333.5,
        322,
        333.5,
        321,
        333.5,
        323
      ],
      "tool": "pen",
      "strokeWidth": 4
    }
  ]
}