{
  "id": "thoo",
  "shapes": [
    {
      "points": [
        340,
        154,
        338,
        153,
        338,
        154,
        338,
        155,
        338,
        156,
        338,
        158,
        338,
        161,
        338,
        163,
        338,
        167,
        338,
        170,
        338,
        174,
        338,
        177,
        338,
        181,
        338,
        185,
        338,
        189,
        338,
        193,
        338,
        197,
        338,
        200,
        338,
        204,
        338,
        207,
        338,
        210,
        338,
        212,
        338,
        214,
        338,
        215,
        338,
        216,
        338,
        217,
        338,
        218,
        338,
        219,
        337,
        219,
        336,
        218,
        338,
        219
      ],
      "tool": "pen",
      "strokeWidth": 3
    },
    {
      "points": [
        341,
        155,
        338,
        155,
        339,
        155,
        340,
        155,
        342,
        155,
        347,
        155,
        349,
        155,
        354,
        155,
        361,
        155,
        365,
        155,
        371,
        155,
        380,
        155,
        385,
        155,
        388,
        155,
        397,
        155,
        403,
        155,
        406,
        155,
        416,
        155,
        421,
        155,
        424,
        155,
        431,
        155,
        435,
        155,
        437,
        155,
        442,
        155,
        446,
        155,
        448,
        155,
        453,
        155,
        455,
        155,
        457,
        155,
        461,
        155,
        465,
        155,
        467,
        155,
        470,
        155,
        472,
        155,
        475,
        154,
        476,
        154,
        478,
        154,
        480,
        154,
        482,
        154,
        483,
        154,
        484,
        154,
        485,
        154,
        486,
        154,
        487,
        154,
        488,
        154,
        489,
        154,
        490,
        154,
        491,
        154,
        492,
        154,
        493,
        154,
        494,
        154,
        493,
        154,
        492,
        154,
        488,
        154
      ],
      "tool": "pen",
      "strokeWidth": 3
    },
    {
      "points": [
        422,
        157,
        422,
        158,
        423,
        159,
        423,
        161,
        423,
        165,
        423,
        169,
        423,
        174,
        423,
        179,
        423,
        184,
        423,
        189,
        423,
        195,
        423,
        200,
        424,
        205,
        424,
        210,
        424,
        214,
        424,
        218,
        424,
        221,
        424,
        224,
        424,
        227,
        424,
        229,
        424,
        231,
        424,
        233,
        424,
        234,
        424,
        236,
        424,
        237,
        424,
        238,
        424,
        240,
        424,
        241,
        424,
        242,
        424,
        243,
        424,
        244,
        424,
        245,
        424,
        246,
        424,
        247,
        424,
        246,
        424,
        247,
        424,
        248,
        424,
        249,
        424,
        250,
        424,
        251,
        424,
        252,
        424,
        253,
        424,
        254,
        424,
        255,
        424,
        256,
        424,
        257,
        423,
        257,
        423,
        258,
        423,
        259,
        423,
        260,
        423,
        261,
        422,
        262,
        422,
        263,
        422,
        264,
        421,
        265,
        421,
        266,
        421,
        267,
        420,
        268,
        420,
        269,
        419,
        269,
        419,
        270,
        418,
        272,
        416,
        274,
        415,
        275,
        414,
        276,
        413,
        277,
        413,
        278,
        412,
        278,
        412,
        279,
        411,
        279,
        410,
        280,
        409,
        281,
        409,
        282,
        408,
        282,
        408,
        283,
        407,
        283,
        406,
        284,
        405,
        285,
        404,
        285,
        403,
        286,
        402,
        287,
        401,
        287,
        401,
        288,
        400,
        288,
        399,
        288,
        399,
        289,
        398,
        289,
        397,
        289,
        396,
        290,
        395,
        290,
        394,
        290,
        394,
        291,
        393,
        291,
        392,
        291,
        391,
        291,
        390,
        292,
        389,
        292,
        388,
        292,
        387,
        292,
        386,
        292,
        385,
        293,
        384,
        293,
        383,
        293,
        382,
        293,
        381,
        293,
        380,
        294,
        379,
        294,
        378,
        294,
        377,
        295,
        376,
        295,
        374,
        295,
        373,
        295,
        372,
        295,
        372,
        296,
        371,
        296,
        370,
        296,
        369,
        296,
        368,
        296,
        367,
        296,
        366,
        296,
        365,
        296,
        364,
        296,
        362,
        296,
        361,
        296,
        357,
        297,
        355,
        297,
        354,
        297,
        353,
        297,
        352,
        297,
        351,
        297,
        349,
        297,
        346,
        296,
        345,
        296,
        344,
        296,
        343,
        296,
        342,
        296,
        341,
        295,
        340,
        295,
        336,
        294,
        334,
        293,
        333,
        293,
        331,
        293,
        330,
        292,
        329,
        292,
        328,
        292,
        327,
        291,
        326,
        290,
        324,
        290,
        322,
        288,
        320,
        287,
        318,
        286,
        317,
        286,
        316,
        285,
        314,
        285,
        313,
        284,
        312,
        283,
        311,
        283,
        310,
        282,
        309,
        280,
        308,
        279,
        307,
        279,
        306,
        278,
        305,
        277,
        304,
        275,
        303,
        274,
        303,
        273,
        302,
        272,
        301,
        271,
        301,
        270,
        300,
        269,
        299,
        268,
        299,
        267,
        299,
        266,
        299,
        265,
        298,
        264,
        298,
        263,
        298,
        261,
        298,
        259,
        298,
        258,
        298,
        257,
        298,
        256,
        298,
        255,
        298,
        254,
        298,
        253,
        299,
        252,
        299,
        251,
        299,
        250,
        301,
        248,
        302,
        247,
        303,
        246,
        303,
        245,
        304,
        244,
        305,
        243,
        307,
        241,
        308,
        240,
        308,
        239,
        309,
        238,
        310,
        238,
        311,
        237,
        311,
        236,
        312,
        236,
        313,
        235,
        314,
        234,
        315,
        233,
        316,
        233,
        316,
        232,
        317,
        231,
        318,
        231,
        319,
        231,
        320,
        230,
        321,
        229,
        323,
        229,
        325,
        227,
        326,
        226,
        328,
        225,
        329,
        225,
        330,
        225,
        330,
        224,
        331,
        224,
        332,
        224,
        333,
        224,
        334,
        223,
        335,
        223,
        336,
        222,
        337,
        222,
        338,
        222,
        339,
        222,
        340,
        222,
        342,
        221,
        343,
        221,
        344,
        221,
        345,
        220,
        346,
        220,
        347,
        220,
        348,
        220,
        349,
        219,
        350,
        219,
        351,
        219,
        352,
        219,
        353,
        219,
        355,
        219,
        356,
        219,
        358,
        219,
        359,
        218,
        360,
        218,
        361,
        218,
        362,
        218,
        363,
        218,
        364,
        218,
        365,
        218,
        366,
        217,
        367,
        217,
        368,
        217,
        370,
        217,
        371,
        216,
        372,
        216,
        373,
        216,
        374,
        216,
        375,
        216,
        376,
        216,
        377,
        216,
        379,
        215,
        381,
        215,
        382,
        215,
        383,
        215,
        385,
        215,
        386,
        215,
        387,
        215,
        388,
        215,
        389,
        215,
        391,
        216,
        393,
        216,
        395,
        216,
        399,
        216,
        401,
        216,
        404,
        216,
        405,
        216,
        406,
        216,
        408,
        216,
        410,
        216,
        413,
        216,
        415,
        216,
        416,
        216,
        419,
        216,
        421,
        215,
        422,
        215,
        424,
        215,
        425,
        215,
        426,
        215,
        427,
        215,
        428,
        215,
        429,
        215,
        430,
        215,
        431,
        215,
        432,
        215,
        434,
        215,
        435,
        215,
        438,
        215,
        440,
        215,
        441,
        215,
        443,
        215,
        444,
        215,
        445,
        216,
        446,
        216,
        448,
        216,
        449,
        216,
        451,
        217,
        452,
        217,
        454,
        217,
        455,
        218,
        457,
        218,
        458,
        218,
        459,
        219,
        461,
        219,
        462,
        219,
        463,
        220,
        464,
        220,
        465,
        220,
        466,
        221,
        467,
        221,
        468,
        221,
        469,
        221,
        470,
        222,
        471,
        222,
        472,
        222,
        473,
        222,
        474,
        222,
        475,
        223,
        476,
        223,
        477,
        223,
        478,
        223,
        478,
        224,
        479,
        224,
        480,
        224,
        480,
        225,
        481,
        225,
        482,
        226,
        484,
        227,
        485,
        227,
        485,
        228,
        486,
        229,
        487,
        229,
        488,
        229,
        488,
        230,
        489,
        230,
        490,
        231,
        491,
        231,
        491,
        232,
        492,
        232,
        492,
        233,
        493,
        233,
        493,
        234,
        494,
        234,
        495,
        235,
        496,
        236,
        497,
        236,
        497,
        237,
        498,
        237,
        499,
        238,
        499,
        239,
        500,
        239,
        501,
        241,
        502,
        241,
        503,
        243,
        504,
        243,
        504,
        244,
        505,
        245,
        505,
        246,
        506,
        247,
        506,
        248,
        507,
        249,
        507,
        250,
        508,
        250,
        508,
        252,
        509,
        253,
        510,
        254,
        510,
        255,
        511,
        256,
        511,
        257,
        512,
        259,
        512,
        260,
        513,
        261,
        514,
        263,
        514,
        264,
        515,
        265,
        515,
        266,
        515,
        267,
        516,
        267,
        516,
        268,
        516,
        269,
        517,
        270,
        517,
        271,
        517,
        272,
        517,
        273,
        518,
        274,
        518,
        275,
        518,
        276,
        518,
        277,
        518,
        278,
        519,
        279,
        519,
        281,
        519,
        282,
        519,
        283,
        519,
        284,
        519,
        285,
        519,
        286,
        519,
        287,
        519,
        288,
        519,
        289,
        519,
        290,
        519,
        291,
        519,
        292,
        519,
        293,
        519,
        294,
        519,
        295,
        518,
        295,
        518,
        296,
        518,
        297,
        518,
        298,
        518,
        299,
        518,
        300,
        518,
        301,
        518,
        302,
        518,
        303,
        518,
        304,
        518,
        305,
        518,
        306,
        518,
        307,
        518,
        308,
        517,
        308,
        517,
        309,
        517,
        310,
        517,
        311,
        517,
        312,
        516,
        313,
        516,
        314,
        515,
        315,
        515,
        316,
        514,
        317,
        514,
        318,
        513,
        319,
        513,
        320,
        512,
        321,
        512,
        322,
        511,
        323,
        511,
        324,
        510,
        324,
        510,
        325,
        509,
        326,
        509,
        327,
        508,
        327,
        508,
        328,
        508,
        329,
        507,
        330,
        506,
        331,
        506,
        332,
        506,
        333,
        505,
        333,
        505,
        334,
        504,
        334,
        504,
        335,
        503,
        336,
        502,
        337,
        501,
        339,
        500,
        340,
        498,
        342,
        497,
        343,
        496,
        344,
        495,
        345,
        494,
        346,
        493,
        347,
        492,
        348,
        491,
        349,
        490,
        350,
        489,
        350,
        489,
        351,
        488,
        352,
        487,
        353,
        485,
        354,
        485,
        355,
        483,
        356,
        481,
        357,
        480,
        358,
        479,
        359,
        477,
        360,
        476,
        361,
        475,
        361,
        475,
        362,
        474,
        362,
        474,
        363,
        473,
        363,
        472,
        363,
        472,
        364,
        470,
        364,
        469,
        365,
        468,
        365,
        467,
        366,
        466,
        366,
        466,
        367,
        465,
        367,
        464,
        368,
        462,
        368,
        461,
        369,
        460,
        369,
        459,
        370,
        458,
        370,
        456,
        371,
        455,
        371,
        454,
        372,
        453,
        373,
        452,
        373,
        451,
        373,
        450,
        374,
        449,
        374,
        448,
        374,
        448,
        375,
        447,
        375,
        446,
        375,
        445,
        375,
        444,
        376,
        443,
        376,
        442,
        376,
        441,
        376,
        440,
        377,
        439,
        377,
        437,
        378,
        436,
        378,
        435,
        378,
        434,
        379,
        433,
        379,
        432,
        379,
        431,
        379,
        430,
        380,
        428,
        380,
        427,
        380,
        426,
        380,
        425,
        380,
        424,
        380,
        423,
        381,
        421,
        381,
        420,
        381,
        418,
        381,
        418,
        382,
        416,
        382,
        414,
        382,
        413,
        382,
        412,
        383,
        410,
        383,
        409,
        383,
        408,
        383,
        407,
        383,
        407,
        384,
        406,
        384,
        404,
        384,
        402,
        384,
        402,
        385,
        400,
        385,
        399,
        385,
        398,
        385,
        397,
        385,
        396,
        386,
        395,
        386,
        394,
        386,
        393,
        386,
        392,
        386,
        391,
        386,
        390,
        386,
        389,
        386,
        387,
        386,
        386,
        386,
        384,
        387,
        383,
        387,
        382,
        387,
        381,
        387,
        380,
        387,
        378,
        387,
        377,
        387,
        376,
        387,
        374,
        387,
        373,
        387,
        371,
        388,
        369,
        388,
        368,
        388,
        367,
        388,
        366,
        388,
        365,
        388,
        364,
        388,
        363,
        388,
        362,
        388,
        361,
        388,
        360,
        388,
        359,
        388,
        358,
        388,
        356,
        388,
        355,
        388,
        354,
        387,
        353,
        387,
        352,
        387,
        351,
        387,
        350,
        387,
        349,
        387,
        347,
        387,
        346,
        387,
        344,
        387,
        343,
        386,
        341,
        386,
        340,
        386,
        339,
        386,
        337,
        386,
        336,
        385,
        335,
        385,
        334,
        385,
        333,
        384,
        332,
        384,
        331,
        384,
        330,
        383,
        329,
        383,
        328,
        382,
        327,
        382,
        326,
        381,
        325,
        381,
        324,
        380,
        323,
        380,
        321,
        379,
        320,
        379,
        319,
        378,
        318,
        377,
        317,
        377,
        316,
        376,
        315,
        375,
        314,
        375,
        312,
        373,
        311,
        372,
        310,
        371,
        308,
        369,
        307,
        369,
        307,
        368,
        306,
        368,
        305,
        367,
        305,
        366,
        304,
        365,
        303,
        363,
        302,
        362,
        301,
        361,
        300,
        360,
        300,
        359,
        299,
        358,
        299,
        357,
        298,
        357,
        298,
        356,
        298,
        355,
        298,
        354,
        297,
        354,
        297,
        353,
        297,
        352,
        297,
        351,
        297,
        350,
        297,
        349,
        297,
        348,
        297,
        347,
        298,
        346,
        298,
        345,
        299,
        345,
        299,
        344,
        300,
        344,
        301,
        343,
        302,
        342,
        303,
        342,
        303,
        341,
        304,
        341,
        305,
        340,
        306,
        340,
        306,
        339,
        307,
        339,
        308,
        338,
        309,
        338,
        309,
        337,
        310,
        337,
        311,
        337,
        311,
        336,
        312,
        336,
        313,
        335,
        314,
        335,
        314,
        334,
        315,
        334,
        316,
        334,
        317,
        334,
        318,
        334,
        319,
        334,
        320,
        334,
        321,
        334,
        322,
        334,
        323,
        334,
        324,
        334,
        325,
        334,
        326,
        333,
        327,
        333,
        328,
        333,
        329,
        333,
        330,
        333,
        331,
        333,
        332,
        333,
        332,
        334,
        332,
        333,
        333,
        333,
        334,
        333,
        335,
        333,
        336,
        333,
        337,
        333,
        338,
        333,
        341,
        333,
        342,
        333,
        343,
        333,
        346,
        333,
        348,
        333,
        350,
        333,
        354,
        333,
        355,
        333,
        358,
        333,
        359,
        333,
        360,
        333,
        361,
        333,
        363,
        333,
        366,
        333,
        368,
        333,
        372,
        333,
        374,
        333,
        375,
        333,
        378,
        333,
        380,
        333,
        381,
        333,
        382,
        333,
        383,
        333,
        384,
        333,
        385,
        333,
        387,
        333,
        389,
        333,
        391,
        333,
        393,
        333,
        395,
        333,
        398,
        333,
        400,
        333,
        403,
        333,
        406,
        333,
        409,
        333,
        411,
        333,
        413,
        333,
        416,
        333,
        419,
        333,
        424,
        333,
        427,
        333,
        431,
        333,
        433,
        333,
        436,
        333,
        441,
        333,
        446,
        333,
        451,
        333,
        455,
        333,
        459,
        334,
        464,
        334,
        469,
        334,
        472,
        334,
        477,
        334,
        481,
        334,
        486,
        334,
        490,
        334,
        493,
        334,
        497,
        334,
        500,
        334,
        505,
        334,
        509,
        334,
        512,
        334,
        516,
        334,
        519,
        334,
        522,
        334,
        525,
        334,
        528,
        334,
        530,
        334,
        532,
        334,
        534,
        334,
        538,
        334,
        542,
        334,
        546,
        334,
        549,
        334,
        552,
        334,
        555,
        334,
        557,
        334,
        560,
        334,
        563,
        334,
        566,
        334,
        569,
        334,
        574,
        334,
        575,
        334,
        577,
        334,
        581,
        334,
        582,
        334,
        585,
        334,
        587,
        334,
        588,
        334,
        589,
        334,
        591,
        334,
        592,
        334,
        593,
        334,
        595,
        334,
        596,
        334,
        597,
        334,
        599,
        334,
        600,
        334,
        601,
        334,
        602,
        334,
        602,
        335,
        601,
        335,
        600,
        335,
        600,
        334,
        600,
        333,
        600,
        332,
        600,
        328,
        600,
        325,
        600,
        318,
        600,
        308,
        600,
        305,
        600,
        299,
        600,
        290,
        600,
        285,
        600,
        283,
        600,
        275,
        600,
        269,
        600,
        266,
        600,
        254,
        600,
        247,
        600,
        245,
        600,
        238,
        600,
        234,
        600,
        232,
        600,
        226,
        600,
        222,
        600,
        220,
        600,
        213,
        600,
        208,
        600,
        204,
        600,
        201,
        600,
        198,
        600,
        196,
        600,
        194,
        600,
        191,
        600,
        187,
        600,
        184,
        600,
        181,
        600,
        179,
        600,
        178,
        600,
        175,
        600,
        172,
        600,
        170,
        600,
        168,
        600,
        165,
        600,
        163,
        600,
        160,
        600,
        157,
        600,
        156,
        600,
        155,
        600,
        154,
        600,
        155,
        601,
        155,
        600,
        155,
        601,
        155,
        601,
        156,
        602,
        156,
        603,
        156,
        604,
        156,
        608,
        156,
        612,
        156,
        616,
        155,
        619,
        155,
        622,
        155,
        626,
        155,
        630,
        155,
        633,
        155,
        636,
        155,
        640,
        155,
        642,
        155,
        646,
        155,
        649,
        155,
        653,
        155,
        657,
        155,
        661,
        155,
        666,
        155,
        670,
        155,
        673,
        155,
        677,
        155,
        681,
        154,
        685,
        154,
        689,
        154,
        694,
        154,
        699,
        154,
        705,
        154,
        707,
        154,
        711,
        154,
        716,
        154,
        718,
        154,
        722,
        154,
        726,
        154,
        727,
        154,
        729,
        154,
        733,
        154,
        734,
        154,
        737,
        154,
        739,
        153,
        740,
        153,
        741,
        153,
        742,
        153,
        743,
        153,
        744,
        153,
        745,
        153,
        747,
        153,
        748,
        153,
        749,
        153,
        750,
        153,
        751,
        153,
        750,
        153,
        749,
        153,
        748,
        153,
        745,
        153
      ],
      "tool": "pen",
      "strokeWidth": 3
    },
    {
      "points": [
        684,
        162,
        685,
        158,
        685,
        157,
        685,
        156,
        685,
        155,
        685,
        156,
        685,
        157,
        685,
        160,
        685,
        166,
        685,
        169,
        685,
        175,
        686,
        185,
        686,
        189,
        686,
        195,
        686,
        205,
        686,
        208,
        686,
        215,
        686,
        225,
        686,
        233,
        686,
        236,
        686,
        247,
        686,
        253,
        686,
        256,
        686,
        264,
        686,
        269,
        686,
        272,
        686,
        280,
        686,
        285,
        686,
        287,
        686,
        291,
        686,
        297,
        686,
        299,
        686,
        304,
        686,
        311,
        686,
        313,
        686,
        317,
        686,
        324,
        686,
        327,
        686,
        329,
        686,
        333,
        686,
        336,
        686,
        337,
        686,
        341,
        686,
        343,
        686,
        344,
        686,
        346,
        686,
        347,
        686,
        348,
        686,
        349,
        686,
        350,
        686,
        349,
        685,
        349,
        686,
        350
      ],
      "tool": "pen",
      "strokeWidth": 3
    }
  ]
}