{
  "id": "thu",
  "shapes": [
    {
      "points": [
        329,
        154,
        329,
        152,
        329,
        151,
        329,
        150,
        329,
        149,
        328,
        149,
        328,
        150,
        328,
        152,
        328,
        154,
        328,
        156,
        328,
        160,
        328,
        166,
        329,
        172,
        329,
        178,
        329,
        185,
        329,
        191,
        329,
        197,
        329,
        201,
        329,
        204,
        329,
        206,
        329,
        208,
        329,
        209,
        329,
        211,
        329,
        213,
        329,
        214,
        329,
        215,
        329,
        214,
        330,
        214,
        329,
        214
      ],
      "tool": "pen",
      "strokeWidth": 3
    },
    {
      "points": [
        329,
        152,
        328,
        150,
        329,
        150,
        330,
        150,
        331,
        150,
        333,
        150,
        336,
        150,
        338,
        150,
        346,
        149,
        353,
        149,
        356,
        149,
        366,
        149,
        374,
        149,
        378,
        149,
        390,
        148,
        397,
        148,
        400,
        148,
        411,
        148,
        419,
        147,
        423,
        147,
        433,
        147,
        438,
        147,
        444,
        147,
        450,
        147,
        454,
        146,
        459,
        146,
        464,
        146,
        467,
        146,
        470,
        146,
        473,
        146,
        475,
        146,
        477,
        146,
        478,
        146,
        479,
        146,
        480,
        146,
        479,
        146,
        479,
        145,
        479,
        146
      ],
      "tool": "pen",
      "strokeWidth": 3
    },
    {
      "points": [
        404,
        149,
        405,
        148,
        405,
        149,
        405,
        150,
        405,
        152,
        405,
        156,
        405,
        161,
        406,
        167,
        406,
        174,
        407,
        186,
        407,
        189,
        408,
        196,
        408,
        204,
        408,
        206,
        408,
        211,
        408,
        216,
        408,
        218,
        408,
        221,
        408,
        225,
        408,
        226,
        408,
        228,
        409,
        229,
        409,
        230,
        409,
        231,
        409,
        232,
        409,
        233,
        409,
        234,
        409,
        235,
        410,
        236,
        410,
        237,
        410,
        238,
        410,
        239,
        410,
        240,
        410,
        241,
        410,
        242,
        411,
        243,
        411,
        244,
        411,
        245,
        411,
        246,
        411,
        247,
        410,
        247,
        410,
        248,
        410,
        249,
        410,
        250,
        410,
        251,
        410,
        252,
        410,
        253,
        410,
        254,
        410,
        255,
        409,
        255,
        409,
        256,
        409,
        257,
        409,
        258,
        409,
        259,
        409,
        260,
        408,
        260,
        408,
        261,
        408,
        262,
        408,
        263,
        408,
        264,
        407,
        264,
        407,
        265,
        407,
        266,
        406,
        267,
        405,
        269,
        405,
        270,
        404,
        271,
        403,
        272,
        403,
        273,
        402,
        273,
        402,
        274,
        401,
        275,
        400,
        276,
        398,
        278,
        397,
        279,
        397,
        280,
        396,
        281,
        395,
        281,
        395,
        282,
        394,
        282,
        394,
        283,
        393,
        283,
        392,
        283,
        392,
        284,
        391,
        284,
        390,
        285,
        389,
        285,
        388,
        286,
        387,
        286,
        386,
        287,
        385,
        287,
        384,
        288,
        383,
        288,
        382,
        288,
        382,
        289,
        381,
        289,
        380,
        289,
        379,
        290,
        378,
        290,
        376,
        290,
        375,
        291,
        374,
        291,
        372,
        292,
        370,
        292,
        369,
        293,
        368,
        293,
        367,
        293,
        366,
        294,
        365,
        294,
        364,
        294,
        363,
        294,
        363,
        295,
        362,
        295,
        360,
        295,
        359,
        295,
        357,
        295,
        355,
        296,
        354,
        296,
        353,
        296,
        352,
        296,
        351,
        296,
        350,
        296,
        349,
        296,
        348,
        296,
        347,
        296,
        346,
        296,
        345,
        296,
        344,
        296,
        343,
        296,
        341,
        296,
        338,
        295,
        337,
        295,
        336,
        295,
        335,
        295,
        334,
        295,
        333,
        295,
        332,
        295,
        331,
        294,
        330,
        294,
        329,
        294,
        328,
        294,
        327,
        293,
        326,
        293,
        325,
        292,
        322,
        292,
        321,
        291,
        320,
        291,
        319,
        290,
        317,
        290,
        316,
        289,
        315,
        289,
        313,
        288,
        311,
        287,
        310,
        286,
        309,
        285,
        308,
        285,
        307,
        284,
        306,
        284,
        306,
        283,
        305,
        283,
        304,
        281,
        303,
        279,
        302,
        278,
        301,
        277,
        300,
        276,
        299,
        275,
        299,
        274,
        298,
        273,
        298,
        272,
        297,
        271,
        296,
        269,
        295,
        268,
        295,
        267,
        295,
        266,
        294,
        266,
        294,
        265,
        294,
        264,
        293,
        263,
        293,
        262,
        293,
        261,
        293,
        260,
        293,
        259,
        293,
        258,
        292,
        258,
        292,
        257,
        292,
        256,
        292,
        255,
        292,
        254,
        292,
        253,
        292,
        252,
        292,
        250,
        293,
        249,
        293,
        248,
        293,
        247,
        293,
        246,
        293,
        245,
        293,
        244,
        293,
        243,
        293,
        242,
        294,
        241,
        294,
        240,
        294,
        239,
        294,
        238,
        295,
        237,
        295,
        236,
        296,
        234,
        296,
        233,
        297,
        232,
        297,
        231,
        298,
        231,
        298,
        230,
        299,
        229,
        300,
        228,
        301,
        227,
        302,
        226,
        303,
        226,
        303,
        225,
        304,
        225,
        304,
        224,
        305,
        224,
        307,
        222,
        308,
        221,
        309,
        221,
        310,
        220,
        311,
        220,
        312,
        220,
        312,
        219,
        313,
        219,
        314,
        219,
        315,
        218,
        316,
        218,
        317,
        218,
        318,
        217,
        319,
        217,
        320,
        217,
        321,
        217,
        321,
        216,
        322,
        216,
        323,
        216,
        324,
        215,
        325,
        215,
        326,
        215,
        327,
        215,
        329,
        214,
        330,
        214,
        331,
        214,
        332,
        214,
        333,
        214,
        334,
        214,
        336,
        214,
        338,
        214,
        342,
        214,
        343,
        214,
        345,
        213,
        347,
        213,
        349,
        213,
        351,
        213,
        352,
        213,
        353,
        213,
        355,
        213,
        357,
        213,
        358,
        213,
        359,
        213,
        361,
        213,
        362,
        213,
        363,
        213,
        367,
        212,
        369,
        212,
        370,
        212,
        373,
        212,
        374,
        212,
        375,
        212,
        377,
        212,
        380,
        212,
        381,
        212,
        384,
        211,
        387,
        211,
        388,
        211,
        393,
        211,
        396,
        211,
        397,
        211,
        401,
        211,
        403,
        211,
        404,
        211,
        405,
        210,
        407,
        210,
        408,
        210,
        409,
        210,
        411,
        210,
        413,
        210,
        414,
        210,
        416,
        210,
        418,
        210,
        420,
        210,
        422,
        210,
        424,
        210,
        425,
        210,
        428,
        209,
        429,
        209,
        430,
        209,
        433,
        209,
        434,
        209,
        435,
        209,
        436,
        209,
        437,
        209,
        437,
        210,
        438,
        210,
        439,
        210,
        440,
        210,
        440,
        211,
        441,
        211,
        442,
        211,
        443,
        211,
        445,
        212,
        446,
        212,
        447,
        213,
        448,
        213,
        449,
        213,
        450,
        214,
        451,
        214,
        452,
        215,
        453,
        215,
        454,
        216,
        455,
        216,
        456,
        216,
        457,
        216,
        458,
        216,
        458,
        217,
        459,
        217,
        460,
        217,
        461,
        218,
        462,
        218,
        462,
        219,
        463,
        219,
        464,
        219,
        465,
        219,
        465,
        220,
        466,
        220,
        467,
        220,
        467,
        221,
        468,
        221,
        468,
        222,
        469,
        222,
        470,
        222,
        470,
        223,
        471,
        223,
        472,
        224,
        473,
        224,
        474,
        225,
        475,
        226,
        477,
        227,
        478,
        228,
        479,
        228,
        480,
        229,
        481,
        230,
        482,
        230,
        483,
        231,
        483,
        232,
        484,
        232,
        485,
        233,
        486,
        233,
        486,
        234,
        487,
        234,
        488,
        235,
        488,
        236,
        489,
        236,
        489,
        237,
        490,
        237,
        491,
        238,
        491,
        239,
        492,
        239,
        492,
        240,
        493,
        240,
        493,
        241,
        494,
        242,
        494,
        243,
        495,
        243,
        495,
        244,
        496,
        245,
        497,
        246,
        498,
        248,
        498,
        249,
        499,
        250,
        499,
        251,
        499,
        252,
        500,
        253,
        500,
        254,
        500,
        255,
        501,
        256,
        501,
        257,
        501,
        258,
        502,
        259,
        502,
        261,
        503,
        263,
        503,
        265,
        503,
        267,
        503,
        268,
        504,
        271,
        504,
        272,
        504,
        273,
        504,
        275,
        504,
        276,
        504,
        277,
        504,
        278,
        503,
        280,
        503,
        281,
        503,
        282,
        503,
        284,
        503,
        285,
        503,
        287,
        503,
        288,
        503,
        289,
        503,
        290,
        503,
        291,
        503,
        292,
        503,
        294,
        503,
        295,
        503,
        296,
        503,
        297,
        503,
        298,
        503,
        299,
        503,
        300,
        503,
        301,
        502,
        301,
        502,
        302,
        502,
        303,
        502,
        304,
        502,
        305,
        501,
        307,
        501,
        308,
        501,
        309,
        500,
        310,
        500,
        311,
        500,
        312,
        499,
        313,
        499,
        314,
        498,
        315,
        498,
        316,
        497,
        317,
        496,
        319,
        495,
        321,
        494,
        322,
        494,
        323,
        493,
        324,
        493,
        325,
        492,
        325,
        492,
        326,
        490,
        327,
        490,
        328,
        489,
        329,
        487,
        330,
        487,
        331,
        486,
        332,
        485,
        333,
        483,
        334,
        483,
        335,
        482,
        336,
        480,
        337,
        479,
        338,
        479,
        339,
        478,
        339,
        477,
        340,
        476,
        340,
        474,
        341,
        473,
        342,
        472,
        343,
        471,
        344,
        470,
        344,
        469,
        344,
        468,
        345,
        467,
        345,
        467,
        346,
        466,
        346,
        465,
        346,
        465,
        347,
        463,
        347,
        463,
        348,
        462,
        348,
        461,
        348,
        460,
        349,
        459,
        349,
        457,
        350,
        455,
        351,
        454,
        352,
        453,
        353,
        452,
        353,
        451,
        353,
        451,
        354,
        450,
        354,
        448,
        355,
        447,
        356,
        445,
        357,
        443,
        358,
        441,
        359,
        440,
        359,
        439,
        360,
        438,
        360,
        437,
        361,
        436,
        361,
        434,
        362,
        432,
        363,
        430,
        363,
        428,
        364,
        426,
        365,
        424,
        366,
        423,
        366,
        422,
        366,
        421,
        366,
        420,
        366,
        419,
        367,
        418,
        367,
        416,
        367,
        414,
        367,
        413,
        368,
        411,
        368,
        409,
        368,
        408,
        369,
        407,
        369,
        406,
        369,
        405,
        369,
        402,
        369,
        401,
        369,
        399,
        369,
        396,
        369,
        395,
        370,
        393,
        370,
        392,
        370,
        391,
        370,
        389,
        370,
        388,
        370,
        387,
        370,
        384,
        370,
        383,
        370,
        380,
        370,
        378,
        370,
        376,
        370,
        374,
        371,
        373,
        371,
        371,
        371,
        369,
        371,
        367,
        371,
        366,
        371,
        365,
        371,
        362,
        371,
        360,
        371,
        358,
        371,
        356,
        371,
        355,
        371,
        353,
        371,
        351,
        371,
        350,
        371,
        349,
        371,
        348,
        371,
        347,
        371,
        345,
        371,
        343,
        371,
        342,
        371,
        341,
        371,
        339,
        371,
        338,
        370,
        337,
        370,
        336,
        370,
        335,
        370,
        334,
        370,
        332,
        370,
        330,
        369,
        329,
        369,
        327,
        368,
        325,
        368,
        324,
        368,
        323,
        368,
        322,
        368,
        321,
        367,
        320,
        367,
        319,
        367,
        318,
        366,
        317,
        366,
        315,
        366,
        314,
        365,
        313,
        365,
        312,
        364,
        311,
        364,
        310,
        364,
        309,
        363,
        308,
        363,
        307,
        363,
        306,
        362,
        305,
        362,
        304,
        361,
        303,
        360,
        302,
        360,
        301,
        360,
        301,
        359,
        300,
        359,
        299,
        359,
        299,
        358,
        298,
        358,
        297,
        357,
        296,
        356,
        294,
        355,
        293,
        354,
        292,
        353,
        291,
        353,
        290,
        352,
        290,
        351,
        289,
        351,
        289,
        350,
        288,
        349,
        288,
        348,
        287,
        347,
        287,
        346,
        287,
        345,
        287,
        344,
        287,
        343,
        287,
        342,
        287,
        341,
        287,
        340,
        288,
        340,
        288,
        339,
        288,
        338,
        289,
        338,
        290,
        336,
        291,
        335,
        291,
        334,
        292,
        333,
        292,
        332,
        293,
        332,
        293,
        331,
        294,
        330,
        295,
        328,
        296,
        327,
        297,
        326,
        298,
        326,
        298,
        325,
        299,
        325,
        299,
        324,
        300,
        324,
        300,
        325,
        301,
        325,
        302,
        325,
        303,
        324,
        304,
        324,
        306,
        324,
        309,
        324,
        312,
        324,
        315,
        324,
        317,
        324,
        320,
        324,
        323,
        324,
        327,
        324,
        331,
        324,
        336,
        324,
        341,
        324,
        347,
        324,
        353,
        324,
        359,
        324,
        365,
        324,
        371,
        324,
        377,
        324,
        382,
        324,
        388,
        324,
        393,
        324,
        399,
        324,
        404,
        324,
        408,
        324,
        416,
        324,
        418,
        324,
        423,
        324,
        431,
        324,
        434,
        324,
        439,
        324,
        447,
        324,
        450,
        324,
        457,
        324,
        467,
        324,
        470,
        324,
        476,
        324,
        484,
        324,
        487,
        324,
        493,
        324,
        500,
        324,
        505,
        324,
        507,
        324,
        515,
        324,
        519,
        324,
        521,
        324,
        525,
        324,
        527,
        324,
        529,
        324,
        534,
        324,
        536,
        324,
        538,
        324,
        540,
        324,
        543,
        324,
        544,
        324,
        549,
        324,
        551,
        324,
        554,
        324,
        555,
        324,
        558,
        324,
        560,
        324,
        562,
        324,
        564,
        324,
        565,
        324,
        567,
        324,
        568,
        324,
        570,
        324,
        571,
        324,
        572,
        324,
        573,
        324,
        574,
        324,
        575,
        324,
        576,
        324,
        576,
        325,
        577,
        325,
        578,
        325,
        579,
        325,
        578,
        325,
        578,
        324,
        578,
        323,
        578,
        320,
        578,
        317,
        578,
        313,
        578,
        309,
        578,
        306,
        578,
        303,
        578,
        300,
        578,
        297,
        577,
        293,
        577,
        290,
        577,
        286,
        577,
        281,
        577,
        275,
        577,
        270,
        576,
        265,
        576,
        260,
        576,
        256,
        576,
        253,
        576,
        249,
        576,
        245,
        576,
        240,
        576,
        235,
        576,
        230,
        575,
        225,
        575,
        220,
        575,
        216,
        575,
        212,
        575,
        208,
        575,
        204,
        575,
        200,
        575,
        196,
        575,
        193,
        575,
        189,
        575,
        186,
        575,
        183,
        575,
        179,
        574,
        176,
        574,
        172,
        574,
        171,
        574,
        168,
        574,
        165,
        574,
        164,
        574,
        163,
        574,
        161,
        574,
        159,
        574,
        157,
        574,
        156,
        574,
        155,
        574,
        154,
        574,
        153,
        574,
        152,
        574,
        151,
        574,
        150,
        574,
        148,
        574,
        147,
        574,
        145,
        574,
        144,
        574,
        142,
        574,
        141,
        574,
        140,
        574,
        139,
        574,
        138,
        574,
        139,
        574,
        140,
        574,
        138
      ],
      "tool": "pen",
      "strokeWidth": 3
    }
  ]
}