{
  "id": "tu",
  "shapes": [
    {
      "points": [
        459,
        192,
        460,
        191,
        460,
        192,
        460,
        194,
        460,
        195,
        460,
        197,
        460,
        198,
        460,
        201,
        460,
        205,
        460,
        210,
        461,
        215,
        461,
        221,
        461,
        228,
        461,
        235,
        461,
        241,
        461,
        248,
        461,
        255,
        461,
        263,
        462,
        270,
        462,
        277,
        462,
        283,
        462,
        290,
        462,
        297,
        462,
        304,
        463,
        310,
        463,
        320,
        463,
        322,
        463,
        328,
        463,
        335,
        463,
        336,
        463,
        339,
        463,
        341,
        463,
        343,
        463,
        344,
        463,
        345,
        463,
        346,
        463,
        345,
        463,
        344,
        464,
        343,
        463,
        345
      ],
      "tool": "pen",
      "strokeWidth": 3
    },
    {
      "points": [
        461,
        292,
        462,
        292,
        462,
        291,
        462,
        290,
        462,
        289,
        463,
        288,
        463,
        287,
        464,
        287,
        464,
        286,
        464,
        285,
        465,
        284,
        466,
        283,
        468,
        281,
        469,
        280,
        471,
        278,
        472,
        277,
        472,
        276,
        473,
        276,
        474,
        275,
        475,
        274,
        476,
        273,
        477,
        273,
        479,
        272,
        479,
        271,
        480,
        271,
        481,
        270,
        483,
        269,
        484,
        269,
        485,
        268,
        486,
        267,
        488,
        267,
        489,
        266,
        491,
        266,
        492,
        266,
        493,
        265,
        495,
        265,
        496,
        265,
        497,
        265,
        498,
        264,
        500,
        264,
        501,
        264,
        503,
        264,
        505,
        264,
        507,
        264,
        508,
        265,
        510,
        265,
        511,
        265,
        512,
        265,
        513,
        265,
        514,
        265,
        515,
        265,
        516,
        266,
        517,
        266,
        518,
        266,
        519,
        266,
        520,
        267,
        521,
        267,
        522,
        267,
        523,
        267,
        523,
        268,
        524,
        268,
        525,
        268,
        526,
        269,
        528,
        270,
        529,
        270,
        530,
        271,
        531,
        271,
        531,
        272,
        532,
        272,
        533,
        273,
        534,
        273,
        535,
        274,
        536,
        274,
        536,
        275,
        537,
        275,
        537,
        276,
        538,
        276,
        539,
        277,
        540,
        278,
        541,
        279,
        542,
        280,
        543,
        280,
        543,
        281,
        544,
        282,
        545,
        283,
        546,
        284,
        548,
        286,
        548,
        287,
        549,
        288,
        550,
        289,
        551,
        290,
        551,
        291,
        552,
        292,
        552,
        293,
        553,
        294,
        553,
        295,
        553,
        296,
        554,
        297,
        554,
        299,
        555,
        300,
        555,
        301,
        556,
        303,
        556,
        304,
        556,
        305,
        557,
        306,
        557,
        308,
        557,
        309,
        558,
        310,
        558,
        311,
        558,
        312,
        558,
        313,
        559,
        314,
        559,
        315,
        559,
        316,
        559,
        317,
        560,
        319,
        560,
        321,
        560,
        322,
        560,
        324,
        560,
        325,
        561,
        327,
        561,
        328,
        561,
        330,
        561,
        331,
        561,
        334,
        561,
        335,
        561,
        337,
        561,
        339,
        561,
        340,
        561,
        341,
        561,
        342,
        561,
        343,
        561,
        344,
        561,
        345,
        561,
        346,
        561,
        347,
        561,
        349,
        561,
        350,
        561,
        351,
        561,
        352,
        561,
        353,
        560,
        355,
        560,
        356,
        560,
        357,
        560,
        358,
        560,
        359,
        559,
        360,
        559,
        361,
        559,
        363,
        558,
        363,
        558,
        365,
        557,
        366,
        557,
        367,
        557,
        368,
        556,
        369,
        556,
        370,
        555,
        372,
        555,
        373,
        554,
        374,
        554,
        375,
        554,
        376,
        553,
        377,
        552,
        378,
        552,
        379,
        551,
        381,
        550,
        382,
        549,
        383,
        548,
        385,
        547,
        386,
        546,
        387,
        545,
        388,
        545,
        389,
        544,
        389,
        544,
        390,
        543,
        390,
        543,
        391,
        541,
        392,
        540,
        394,
        539,
        395,
        538,
        396,
        537,
        396,
        536,
        397,
        535,
        397,
        535,
        398,
        534,
        398,
        533,
        399,
        531,
        400,
        530,
        400,
        529,
        401,
        528,
        402,
        527,
        402,
        526,
        403,
        525,
        404,
        524,
        404,
        523,
        405,
        522,
        405,
        521,
        406,
        519,
        407,
        517,
        408,
        515,
        409,
        514,
        409,
        513,
        410,
        510,
        411,
        509,
        412,
        508,
        412,
        507,
        413,
        506,
        413,
        504,
        414,
        503,
        414,
        502,
        415,
        501,
        415,
        500,
        415,
        499,
        416,
        498,
        416,
        497,
        416,
        496,
        417,
        494,
        417,
        492,
        417,
        491,
        418,
        490,
        418,
        488,
        419,
        487,
        419,
        486,
        419,
        485,
        419,
        484,
        419,
        483,
        419,
        482,
        419,
        481,
        419,
        479,
        420,
        478,
        420,
        477,
        420,
        475,
        420,
        474,
        421,
        473,
        421,
        472,
        421,
        471,
        421,
        470,
        421,
        469,
        421,
        467,
        421,
        466,
        421,
        464,
        420,
        463,
        420,
        462,
        420,
        461,
        420,
        460,
        420,
        459,
        420,
        459,
        419,
        458,
        419,
        457,
        419,
        456,
        419,
        454,
        419,
        453,
        418,
        451,
        418,
        449,
        418,
        448,
        417,
        447,
        417,
        446,
        417,
        445,
        417,
        445,
        416,
        443,
        416,
        441,
        415,
        439,
        414,
        438,
        414,
        436,
        413,
        435,
        413,
        434,
        412,
        433,
        412,
        432,
        411,
        431,
        411,
        429,
        410,
        428,
        409,
        427,
        408,
        425,
        407,
        424,
        406,
        422,
        405,
        421,
        405,
        420,
        404,
        418,
        403,
        417,
        403,
        416,
        402,
        416,
        401,
        414,
        400,
        412,
        398,
        410,
        397,
        409,
        396,
        407,
        394,
        406,
        393,
        405,
        392,
        404,
        391,
        403,
        390,
        402,
        389,
        401,
        388,
        400,
        386,
        398,
        384,
        397,
        383,
        396,
        381,
        395,
        381,
        395,
        380,
        395,
        379,
        394,
        379,
        393,
        378,
        393,
        377,
        392,
        376,
        391,
        374,
        390,
        373,
        390,
        372,
        389,
        371,
        388,
        369,
        388,
        368,
        387,
        367,
        387,
        365,
        386,
        363,
        385,
        361,
        385,
        360,
        384,
        359,
        384,
        357,
        383,
        356,
        383,
        355,
        382,
        353,
        381,
        352,
        381,
        350,
        380,
        348,
        379,
        347,
        378,
        345,
        378,
        344,
        378,
        343,
        377,
        342,
        377,
        341,
        376,
        339,
        376,
        337,
        375,
        335,
        375,
        334,
        375,
        332,
        374,
        331,
        374,
        330,
        374,
        329,
        374,
        328,
        374,
        327,
        373,
        325,
        373,
        324,
        373,
        323,
        373,
        322,
        372,
        321,
        372,
        320,
        372,
        318,
        372,
        317,
        372,
        315,
        372,
        314,
        372,
        313,
        371,
        312,
        371,
        310,
        371,
        309,
        371,
        307,
        371,
        305,
        371,
        302,
        371,
        300,
        371,
        298,
        371,
        297,
        371,
        296,
        370,
        294,
        370,
        293,
        370,
        290,
        370,
        289,
        370,
        288,
        370,
        286,
        370,
        285,
        370,
        283,
        370,
        281,
        370,
        280,
        370,
        277,
        370,
        275,
        370,
        273,
        370,
        272,
        370,
        271,
        370,
        270,
        370,
        268,
        370,
        267,
        370,
        266,
        370,
        263,
        370,
        261,
        370,
        259,
        370,
        258,
        370,
        257,
        370,
        256,
        370,
        255,
        370,
        253,
        370,
        251,
        370,
        250,
        370,
        249,
        371,
        247,
        371,
        246,
        371,
        245,
        371,
        244,
        371,
        242,
        371,
        241,
        371,
        240,
        372,
        238,
        372,
        237,
        372,
        236,
        372,
        235,
        372,
        234,
        372,
        233,
        372,
        232,
        373,
        232,
        373,
        231,
        373,
        230,
        373,
        229,
        374,
        228,
        374,
        226,
        374,
        225,
        375,
        224,
        375,
        223,
        375,
        221,
        376,
        220,
        376,
        218,
        377,
        217,
        378,
        215,
        378,
        214,
        378,
        213,
        379,
        212,
        379,
        211,
        380,
        209,
        380,
        208,
        381,
        207,
        381,
        206,
        382,
        205,
        382,
        204,
        383,
        203,
        383,
        202,
        383,
        201,
        384,
        201,
        384,
        200,
        385,
        198,
        386,
        196,
        387,
        194,
        387,
        193,
        388,
        192,
        388,
        191,
        389,
        190,
        390,
        188,
        391,
        185,
        392,
        184,
        393,
        183,
        394,
        180,
        395,
        179,
        396,
        178,
        396,
        177,
        396,
        176,
        398,
        174,
        398,
        173,
        399,
        172,
        399,
        171,
        400,
        171,
        400,
        170,
        401,
        170,
        403,
        167,
        405,
        165,
        407,
        163,
        408,
        162,
        410,
        160,
        412,
        159,
        412,
        158,
        413,
        158,
        414,
        158,
        414,
        157,
        415,
        156,
        417,
        154,
        419,
        153,
        420,
        152,
        421,
        151,
        422,
        150,
        423,
        149,
        424,
        148,
        425,
        148,
        426,
        147,
        427,
        146,
        429,
        144,
        431,
        143,
        433,
        142,
        435,
        141,
        436,
        140,
        438,
        140,
        439,
        139,
        440,
        139,
        441,
        138,
        442,
        137,
        443,
        137,
        445,
        136,
        447,
        135,
        448,
        134,
        449,
        134,
        450,
        133,
        452,
        132,
        454,
        131,
        455,
        131,
        456,
        130,
        457,
        130,
        458,
        130,
        458,
        129,
        459,
        129,
        461,
        128,
        462,
        128,
        463,
        127,
        464,
        127,
        465,
        127,
        466,
        126,
        469,
        125,
        470,
        125,
        472,
        124,
        474,
        123,
        476,
        123,
        477,
        122,
        478,
        122,
        479,
        121,
        480,
        121,
        481,
        121,
        483,
        120,
        485,
        120,
        486,
        119,
        488,
        118,
        491,
        118,
        492,
        117,
        494,
        117,
        496,
        116,
        497,
        116,
        498,
        116,
        499,
        116,
        500,
        116,
        502,
        115,
        503,
        115,
        504,
        115,
        508,
        115,
        509,
        114,
        512,
        114,
        515,
        114,
        516,
        114,
        517,
        114,
        518,
        114,
        519,
        114,
        520,
        114,
        523,
        114,
        525,
        114,
        526,
        114,
        529,
        114,
        530,
        114,
        531,
        114,
        532,
        115,
        533,
        115,
        534,
        115,
        535,
        115,
        536,
        115,
        537,
        116,
        538,
        116,
        539,
        116,
        540,
        116,
        541,
        117,
        542,
        117,
        543,
        117,
        544,
        117,
        545,
        118,
        546,
        118,
        547,
        118,
        548,
        119,
        549,
        119,
        551,
        120,
        552,
        120,
        553,
        121,
        554,
        121,
        556,
        122,
        557,
        123,
        558,
        123,
        559,
        124,
        560,
        124,
        561,
        125,
        562,
        125,
        563,
        126,
        565,
        126,
        566,
        127,
        567,
        128,
        568,
        128,
        569,
        129,
        570,
        129,
        571,
        130,
        572,
        130,
        573,
        131,
        574,
        131,
        575,
        132,
        576,
        133,
        577,
        133,
        578,
        134,
        579,
        135,
        580,
        135,
        581,
        136,
        582,
        136,
        582,
        137,
        583,
        138,
        585,
        139,
        586,
        140,
        587,
        140,
        588,
        140,
        588,
        141,
        589,
        141,
        590,
        142,
        591,
        143,
        593,
        145,
        594,
        146,
        596,
        148,
        597,
        149,
        598,
        149,
        598,
        150,
        599,
        150,
        599,
        151,
        600,
        151,
        600,
        152,
        601,
        153,
        602,
        154,
        602,
        155,
        603,
        155,
        603,
        157,
        604,
        158,
        605,
        159,
        606,
        161,
        606,
        162,
        607,
        164,
        608,
        165,
        608,
        167,
        609,
        168,
        610,
        169,
        610,
        171,
        611,
        172,
        612,
        173,
        612,
        175,
        613,
        176,
        613,
        177,
        614,
        179,
        614,
        180,
        615,
        181,
        615,
        182,
        616,
        184,
        616,
        185,
        617,
        186,
        617,
        188,
        618,
        188,
        618,
        189,
        618,
        190,
        618,
        191,
        619,
        192,
        619,
        193,
        620,
        195,
        620,
        196,
        620,
        198,
        621,
        199,
        621,
        201,
        621,
        202,
        621,
        204,
        621,
        205,
        621,
        206,
        621,
        208,
        621,
        209,
        621,
        211,
        621,
        212,
        622,
        214,
        622,
        216,
        622,
        217,
        622,
        219,
        622,
        220,
        622,
        222,
        622,
        223,
        621,
        224,
        621,
        226,
        621,
        227,
        621,
        229,
        621,
        230,
        621,
        231,
        621,
        233,
        621,
        235,
        621,
        238,
        621,
        239,
        621,
        240,
        621,
        243,
        621,
        245,
        621,
        248,
        621,
        249,
        621,
        250,
        621,
        253,
        620,
        254,
        620,
        256,
        620,
        257,
        620,
        259,
        620,
        260,
        620,
        261,
        620,
        262,
        620,
        263,
        620,
        264,
        620,
        266,
        620,
        267,
        620,
        269,
        620,
        270,
        620,
        272,
        620,
        273,
        620,
        274,
        620,
        275,
        620,
        276,
        620,
        277,
        620,
        278,
        620,
        279,
        620,
        280,
        620,
        281,
        620,
        282,
        620,
        283,
        620,
        284,
        620,
        285,
        620,
        286,
        620,
        287,
        621,
        288,
        621,
        289,
        621,
        291,
        621,
        292,
        621,
        293,
        621,
        294,
        621,
        296,
        621,
        297,
        622,
        298,
        622,
        299,
        622,
        300,
        622,
        302,
        622,
        303,
        622,
        304,
        622,
        305,
        622,
        307,
        622,
        308,
        622,
        309,
        622,
        310,
        623,
        311,
        623,
        312,
        623,
        313,
        623,
        315,
        623,
        316,
        623,
        318,
        623,
        319,
        623,
        321,
        622,
        322,
        622,
        323,
        622,
        325,
        622,
        327,
        622,
        329,
        622,
        330,
        622,
        331,
        622,
        334,
        622,
        335,
        622,
        336,
        622,
        337,
        621,
        337,
        621,
        336,
        620,
        336,
        621,
        337
      ],
      "tool": "pen",
      "strokeWidth": 3
    }
  ]
}