{
  "id": "w",
  "shapes": [
    {
      "points": [
        361,
        122,
        360,
        121,
        360,
        120,
        360,
        119,
        361,
        119,
        361,
        118,
        361,
        117,
        361,
        116,
        361,
        115,
        361,
        116,
        361,
        117,
        361,
        118,
        361,
        119,
        361,
        120,
        361,
        122,
        361,
        123,
        361,
        124,
        361,
        128,
        361,
        130,
        361,
        132,
        361,
        135,
        361,
        137,
        361,
        138,
        361,
        141,
        361,
        143,
        361,
        145,
        361,
        148,
        361,
        151,
        362,
        155,
        362,
        158,
        362,
        161,
        362,
        165,
        362,
        168,
        362,
        170,
        362,
        173,
        362,
        175,
        362,
        178,
        362,
        181,
        362,
        184,
        362,
        188,
        362,
        192,
        362,
        197,
        362,
        200,
        362,
        203,
        362,
        206,
        362,
        210,
        362,
        213,
        362,
        217,
        363,
        220,
        363,
        223,
        363,
        227,
        363,
        230,
        363,
        233,
        363,
        236,
        363,
        238,
        363,
        239,
        363,
        240,
        363,
        241,
        363,
        243,
        363,
        244,
        363,
        245,
        363,
        246,
        363,
        248,
        363,
        249,
        363,
        251,
        363,
        252,
        363,
        253,
        363,
        254,
        363,
        255,
        363,
        256,
        363,
        257,
        363,
        258,
        363,
        260,
        364,
        262,
        364,
        263,
        364,
        265,
        364,
        266,
        364,
        267,
        364,
        268,
        364,
        269,
        364,
        270,
        364,
        271,
        364,
        272,
        364,
        273,
        364,
        274,
        364,
        275,
        363,
        274,
        360,
        272
      ],
      "tool": "pen",
      "strokeWidth": 4
    },
    {
      "points": [
        359,
        116,
        359,
        115,
        360,
        115,
        361,
        115,
        361,
        114,
        362,
        114,
        365,
        113,
        366,
        113,
        368,
        113,
        370,
        112,
        371,
        112,
        373,
        112,
        377,
        112,
        378,
        112,
        380,
        112,
        382,
        112,
        386,
        112,
        387,
        112,
        392,
        112,
        396,
        112,
        398,
        112,
        402,
        112,
        405,
        112,
        406,
        112,
        410,
        112,
        413,
        112,
        415,
        112,
        421,
        112,
        426,
        112,
        428,
        112,
        434,
        112,
        438,
        112,
        440,
        112,
        444,
        112,
        449,
        112,
        453,
        112,
        457,
        112,
        460,
        112,
        463,
        112,
        467,
        112,
        471,
        112,
        475,
        112,
        480,
        112,
        485,
        112,
        490,
        112,
        492,
        112,
        498,
        112,
        502,
        112,
        506,
        112,
        508,
        112,
        511,
        112,
        512,
        112,
        514,
        112,
        516,
        112,
        518,
        112,
        521,
        112,
        523,
        112,
        526,
        112,
        528,
        112,
        530,
        112,
        532,
        112,
        533,
        112,
        534,
        112,
        535,
        112,
        536,
        112,
        537,
        112,
        538,
        112,
        539,
        112,
        540,
        112,
        541,
        112,
        542,
        112,
        543,
        112,
        544,
        112,
        545,
        112,
        546,
        112,
        547,
        112,
        546,
        112,
        547,
        112
      ],
      "tool": "pen",
      "strokeWidth": 4
    },
    {
      "points": [
        475,
        113,
        475,
        112,
        475,
        113,
        475,
        114,
        475,
        116,
        475,
        119,
        475,
        120,
        475,
        122,
        475,
        127,
        475,
        129,
        475,
        132,
        475,
        138,
        475,
        140,
        475,
        145,
        475,
        151,
        476,
        156,
        476,
        158,
        476,
        166,
        476,
        170,
        476,
        172,
        476,
        179,
        476,
        183,
        476,
        185,
        477,
        193,
        477,
        199,
        477,
        201,
        477,
        207,
        477,
        211,
        478,
        213,
        478,
        219,
        478,
        223,
        478,
        224,
        478,
        230,
        478,
        233,
        478,
        236,
        478,
        239,
        478,
        242,
        478,
        244,
        478,
        246,
        478,
        247,
        478,
        248,
        478,
        249,
        478,
        250,
        478,
        252,
        478,
        253,
        478,
        255,
        479,
        256,
        479,
        258,
        479,
        259,
        479,
        260,
        479,
        261,
        479,
        262,
        479,
        263,
        479,
        264,
        479,
        265,
        479,
        266,
        479,
        267,
        479,
        268,
        479,
        269,
        479,
        271,
        479,
        272,
        479,
        273,
        479,
        274,
        479,
        275,
        479,
        276,
        479,
        277,
        480,
        277,
        480,
        276,
        480,
        275,
        479,
        275,
        478,
        274,
        477,
        274,
        479,
        277
      ],
      "tool": "pen",
      "strokeWidth": 4
    },
    {
      "points": [
        475,
        202,
        476,
        202,
        477,
        202,
        477,
        201,
        477,
        200,
        478,
        200,
        478,
        199,
        479,
        199,
        479,
        198,
        480,
        197,
        481,
        196,
        482,
        195,
        483,
        195,
        483,
        194,
        484,
        193,
        485,
        193,
        486,
        192,
        487,
        191,
        488,
        190,
        489,
        190,
        489,
        189,
        490,
        189,
        490,
        188,
        491,
        188,
        492,
        187,
        493,
        186,
        494,
        186,
        495,
        185,
        496,
        185,
        498,
        184,
        499,
        183,
        500,
        183,
        500,
        182,
        501,
        182,
        504,
        181,
        505,
        180,
        506,
        180,
        507,
        179,
        508,
        179,
        509,
        179,
        510,
        179,
        512,
        178,
        514,
        178,
        515,
        178,
        519,
        177,
        521,
        177,
        522,
        177,
        524,
        177,
        525,
        177,
        526,
        177,
        527,
        177,
        529,
        177,
        530,
        177,
        532,
        177,
        534,
        177,
        536,
        178,
        537,
        178,
        538,
        178,
        539,
        178,
        540,
        179,
        541,
        179,
        543,
        179,
        544,
        179,
        546,
        180,
        547,
        180,
        548,
        180,
        549,
        180,
        550,
        181,
        551,
        181,
        552,
        181,
        553,
        181,
        554,
        182,
        556,
        182,
        557,
        183,
        559,
        183,
        560,
        184,
        561,
        184,
        562,
        184,
        563,
        185,
        564,
        185,
        565,
        186,
        566,
        186,
        567,
        186,
        567,
        187,
        568,
        187,
        569,
        188,
        570,
        188,
        570,
        189,
        571,
        189,
        572,
        190,
        573,
        191,
        574,
        192,
        575,
        193,
        576,
        194,
        577,
        195,
        577,
        196,
        578,
        197,
        579,
        198,
        579,
        199,
        580,
        199,
        580,
        200,
        581,
        200,
        581,
        201,
        582,
        202,
        582,
        203,
        583,
        205,
        584,
        205,
        584,
        206,
        584,
        207,
        585,
        207,
        585,
        208,
        585,
        209,
        586,
        210,
        586,
        211,
        586,
        212,
        586,
        213,
        586,
        214,
        587,
        215,
        587,
        216,
        587,
        217,
        587,
        218,
        587,
        219,
        587,
        220,
        588,
        221,
        588,
        222,
        588,
        223,
        588,
        224,
        588,
        225,
        588,
        226,
        589,
        226,
        589,
        227,
        589,
        228,
        589,
        229,
        589,
        230,
        589,
        231,
        589,
        232,
        589,
        233,
        589,
        234,
        589,
        235,
        589,
        236,
        590,
        237,
        590,
        238,
        590,
        239,
        590,
        240,
        590,
        241,
        590,
        242,
        590,
        243,
        590,
        244,
        590,
        245,
        589,
        247,
        589,
        248,
        589,
        249,
        589,
        250,
        589,
        251,
        588,
        251,
        588,
        252,
        588,
        253,
        588,
        255,
        588,
        256,
        587,
        257,
        587,
        258,
        587,
        259,
        587,
        260,
        586,
        261,
        586,
        262,
        586,
        263,
        586,
        264,
        586,
        265,
        585,
        265,
        585,
        266,
        585,
        267,
        584,
        268,
        584,
        269,
        584,
        270,
        583,
        271,
        583,
        272,
        582,
        272,
        582,
        273,
        581,
        275,
        580,
        276,
        579,
        276,
        578,
        278,
        578,
        279,
        578,
        280,
        577,
        280,
        577,
        281,
        576,
        281,
        576,
        282,
        575,
        283,
        574,
        284,
        573,
        285,
        572,
        286,
        572,
        287,
        571,
        287,
        571,
        288,
        570,
        289,
        569,
        290,
        569,
        291,
        568,
        291,
        568,
        292,
        567,
        293,
        566,
        294,
        566,
        295,
        565,
        296,
        565,
        297,
        564,
        297,
        564,
        298,
        564,
        299,
        563,
        299,
        563,
        300,
        562,
        300,
        561,
        301,
        561,
        302,
        560,
        302,
        559,
        303,
        559,
        304,
        558,
        304,
        557,
        305,
        556,
        305,
        556,
        306,
        555,
        306,
        554,
        306,
        552,
        307,
        552,
        308,
        551,
        308,
        550,
        309,
        549,
        309,
        548,
        310,
        547,
        310,
        546,
        310,
        545,
        310,
        545,
        311,
        544,
        311,
        543,
        311,
        542,
        311,
        541,
        311,
        540,
        312,
        539,
        312,
        538,
        312,
        537,
        312,
        536,
        312,
        536,
        313,
        535,
        313,
        534,
        313,
        533,
        313,
        532,
        313,
        531,
        313,
        530,
        313,
        530,
        314,
        529,
        314,
        528,
        314,
        527,
        314,
        526,
        314,
        525,
        314,
        524,
        314,
        522,
        314,
        521,
        315,
        520,
        315,
        519,
        315,
        518,
        315,
        517,
        315,
        516,
        315,
        515,
        315,
        514,
        315,
        513,
        315,
        512,
        315,
        511,
        315,
        510,
        315,
        509,
        315,
        508,
        315,
        507,
        315,
        506,
        315,
        505,
        315,
        504,
        315,
        504,
        314,
        503,
        314,
        502,
        314,
        501,
        314,
        500,
        314,
        499,
        314,
        498,
        314,
        497,
        314,
        496,
        314,
        495,
        314,
        494,
        314,
        493,
        314,
        492,
        313,
        491,
        313,
        490,
        313,
        489,
        313,
        488,
        313,
        487,
        313,
        486,
        313,
        485,
        313,
        484,
        313,
        483,
        313,
        482,
        313,
        481,
        313,
        480,
        313,
        479,
        313,
        478,
        313,
        477,
        313,
        476,
        313,
        475,
        313,
        474,
        313,
        473,
        313,
        472,
        313,
        471,
        313,
        470,
        313,
        469,
        313,
        468,
        313,
        467,
        313,
        465,
        313,
        464,
        313,
        463,
        313,
        462,
        313,
        461,
        313,
        460,
        313,
        459,
        313,
        458,
        313,
        457,
        313,
        455,
        313,
        454,
        313,
        452,
        313,
        451,
        313,
        450,
        313,
        449,
        313,
        448,
        313,
        446,
        313,
        444,
        313,
        443,
        313,
        441,
        313,
        440,
        313,
        439,
        313,
        437,
        314,
        436,
        314,
        434,
        314,
        433,
        314,
        432,
        314,
        431,
        314,
        430,
        314,
        429,
        314,
        428,
        313,
        427,
        313,
        426,
        313,
        425,
        313,
        423,
        313,
        421,
        313,
        420,
        313,
        418,
        313,
        417,
        313,
        416,
        313,
        414,
        313,
        413,
        313,
        411,
        313,
        409,
        314,
        408,
        314,
        407,
        314,
        406,
        314,
        405,
        314,
        404,
        314,
        403,
        314,
        402,
        315,
        401,
        315,
        400,
        315,
        399,
        315,
        398,
        315,
        397,
        315,
        396,
        315,
        395,
        315,
        394,
        315,
        393,
        315,
        392,
        315,
        391,
        316,
        390,
        316,
        389,
        316,
        388,
        316,
        387,
        316,
        386,
        316,
        385,
        316,
        385,
        317,
        384,
        317,
        383,
        317,
        381,
        317,
        380,
        318,
        379,
        318,
        377,
        318,
        376,
        318,
        375,
        319,
        374,
        319,
        373,
        319,
        372,
        320,
        371,
        320,
        370,
        320,
        369,
        321,
        368,
        321,
        367,
        321,
        366,
        322,
        365,
        323,
        363,
        323,
        361,
        324,
        361,
        325,
        360,
        325,
        359,
        325,
        359,
        326,
        358,
        327,
        356,
        328,
        355,
        328,
        354,
        329,
        353,
        330,
        353,
        331,
        352,
        331,
        352,
        332,
        351,
        332,
        351,
        333,
        350,
        334,
        350,
        335,
        349,
        335,
        348,
        336,
        348,
        337,
        347,
        338,
        347,
        339,
        347,
        340,
        347,
        344,
        346,
        346,
        346,
        347,
        346,
        348,
        346,
        349,
        346,
        350,
        346,
        351,
        346,
        352,
        346,
        353,
        346,
        354,
        346,
        355,
        346,
        356,
        347,
        356,
        346,
        356,
        347,
        356
      ],
      "tool": "pen",
      "strokeWidth": 4
    },
    {
      "points": [
        445,
        77,
        444,
        77,
        443,
        77,
        442,
        77,
        441,
        77,
        440,
        77,
        439,
        77,
        438,
        77,
        437,
        77,
        436,
        77,
        435,
        76,
        434,
        76,
        433,
        76,
        432,
        75,
        431,
        75,
        429,
        74,
        428,
        73,
        427,
        73,
        426,
        72,
        425,
        71,
        424,
        71,
        423,
        70,
        422,
        70,
        422,
        69,
        421,
        69,
        421,
        68,
        420,
        67,
        419,
        66,
        419,
        65,
        418,
        65,
        418,
        64,
        417,
        64,
        417,
        63,
        417,
        62,
        417,
        61,
        416,
        60,
        416,
        59,
        416,
        58,
        416,
        57,
        417,
        56,
        417,
        55,
        417,
        54,
        418,
        53,
        418,
        52,
        418,
        51,
        419,
        51,
        420,
        50,
        421,
        49,
        421,
        48,
        422,
        47,
        423,
        46,
        423,
        45,
        424,
        45,
        424,
        44,
        425,
        44,
        425,
        43,
        426,
        43,
        426,
        42,
        427,
        42,
        427,
        41,
        428,
        41,
        429,
        40,
        430,
        40,
        431,
        39,
        433,
        39,
        434,
        38,
        435,
        38,
        436,
        38,
        437,
        38,
        437,
        37,
        438,
        37,
        440,
        37,
        441,
        37,
        442,
        37,
        443,
        37,
        444,
        37,
        446,
        37,
        447,
        37,
        449,
        37,
        450,
        37,
        451,
        37,
        452,
        37,
        453,
        37,
        455,
        37,
        456,
        37,
        457,
        37,
        459,
        38,
        460,
        38,
        461,
        38,
        462,
        39,
        463,
        40,
        464,
        40,
        464,
        41,
        465,
        42,
        465,
        43,
        466,
        43,
        466,
        44,
        466,
        45,
        467,
        46,
        467,
        47,
        468,
        47,
        468,
        48,
        468,
        50,
        469,
        51,
        469,
        52,
        470,
        53,
        470,
        54,
        470,
        55,
        470,
        56,
        470,
        57,
        470,
        58,
        470,
        59,
        470,
        60,
        470,
        61,
        470,
        62,
        470,
        63,
        470,
        64,
        469,
        64,
        469,
        65,
        468,
        66,
        468,
        67,
        467,
        67,
        467,
        68,
        466,
        68,
        465,
        69,
        464,
        70,
        463,
        70,
        462,
        71,
        461,
        71,
        460,
        72,
        459,
        73,
        457,
        73,
        455,
        74,
        454,
        74,
        452,
        75,
        451,
        75,
        450,
        75,
        449,
        75,
        448,
        75,
        447,
        75,
        445,
        75,
        444,
        75,
        443,
        75,
        442,
        75,
        441,
        76,
        440,
        76,
        438,
        76,
        437,
        76,
        436,
        76,
        435,
        76,
        434,
        76,
        435,
        75
      ],
      "tool": "pen",
      "strokeWidth": 4
    }
  ]
}