{
  "id": "wa",
  "shapes": [
    {
      "points": [
        351.5,
        114,
        351.5,
        113,
        351.5,
        114,
        351.5,
        115,
        351.5,
        119,
        352.5,
        124,
        352.5,
        130,
        352.5,
        137,
        353.5,
        146,
        353.5,
        156,
        354.5,
        168,
        354.5,
        179,
        354.5,
        189,
        354.5,
        196,
        354.5,
        201,
        355.5,
        208,
        355.5,
        210,
        355.5,
        215,
        355.5,
        222,
        355.5,
        224,
        355.5,
        228,
        355.5,
        234,
        355.5,
        235,
        355.5,
        238,
        356.5,
        244,
        356.5,
        246,
        356.5,
        249,
        356.5,
        252,
        356.5,
        253,
        356.5,
        255,
        356.5,
        259,
        356.5,
        261,
        356.5,
        262,
        356.5,
        264,
        356.5,
        265,
        356.5,
        266,
        356.5,
        267,
        356.5,
        269,
        356.5,
        271,
        356.5,
        274,
        356.5,
        276,
        356.5,
        277,
        357.5,
        277,
        357.5,
        276,
        357.5,
        275,
        356.5,
        274,
        357.5,
        277
      ],
      "tool": "pen",
      "strokeWidth": 4
    },
    {
      "points": [
        353.5,
        110,
        352.5,
        110,
        353.5,
        110,
        354.5,
        110,
        356.5,
        110,
        358.5,
        110,
        362.5,
        110,
        365.5,
        110,
        370.5,
        110,
        375.5,
        110,
        380.5,
        110,
        385.5,
        110,
        390.5,
        110,
        396.5,
        110,
        401.5,
        110,
        407.5,
        110,
        412.5,
        110,
        418.5,
        110,
        424.5,
        110,
        432.5,
        110,
        435.5,
        109,
        440.5,
        109,
        446.5,
        109,
        452.5,
        109,
        458.5,
        109,
        466.5,
        109,
        471.5,
        109,
        474.5,
        109,
        478.5,
        109,
        483.5,
        109,
        485.5,
        109,
        488.5,
        109,
        494.5,
        109,
        495.5,
        109,
        498.5,
        109,
        503.5,
        109,
        504.5,
        109,
        507.5,
        109,
        511.5,
        109,
        512.5,
        109,
        515.5,
        109,
        520.5,
        109,
        522.5,
        108,
        523.5,
        108,
        526.5,
        108,
        528.5,
        108,
        530.5,
        108,
        532.5,
        108,
        534.5,
        108,
        535.5,
        108,
        537.5,
        108,
        538.5,
        108,
        539.5,
        108,
        539.5,
        109,
        537.5,
        109,
        539.5,
        108
      ],
      "tool": "pen",
      "strokeWidth": 4
    },
    {
      "points": [
        467.5,
        110,
        467.5,
        109,
        467.5,
        108,
        467.5,
        109,
        467.5,
        110,
        467.5,
        112,
        467.5,
        114,
        468.5,
        119,
        468.5,
        128,
        468.5,
        134,
        468.5,
        138,
        469.5,
        150,
        469.5,
        158,
        470.5,
        162,
        470.5,
        174,
        470.5,
        181,
        470.5,
        184,
        470.5,
        189,
        471.5,
        198,
        471.5,
        201,
        471.5,
        207,
        472.5,
        216,
        472.5,
        219,
        472.5,
        224,
        472.5,
        231,
        472.5,
        233,
        472.5,
        236,
        472.5,
        240,
        472.5,
        243,
        472.5,
        246,
        472.5,
        248,
        472.5,
        251,
        473.5,
        254,
        473.5,
        256,
        473.5,
        257,
        473.5,
        258,
        473.5,
        259,
        473.5,
        260,
        473.5,
        261,
        473.5,
        262,
        473.5,
        263,
        473.5,
        264,
        473.5,
        265,
        473.5,
        266,
        473.5,
        267,
        473.5,
        269,
        473.5,
        271,
        473.5,
        272,
        474.5,
        272,
        473.5,
        272,
        472.5,
        272,
        470.5,
        271
      ],
      "tool": "pen",
      "strokeWidth": 4
    },
    {
      "points": [
        471.5,
        202,
        472.5,
        201,
        472.5,
        200,
        472.5,
        199,
        471.5,
        199,
        471.5,
        198,
        471.5,
        197,
        472.5,
        196,
        472.5,
        195,
        472.5,
        194,
        472.5,
        193,
        473.5,
        193,
        473.5,
        192,
        474.5,
        191,
        475.5,
        190,
        475.5,
        189,
        476.5,
        188,
        477.5,
        187,
        478.5,
        186,
        479.5,
        185,
        480.5,
        184,
        481.5,
        183,
        482.5,
        182,
        483.5,
        181,
        484.5,
        181,
        485.5,
        180,
        486.5,
        179,
        488.5,
        178,
        489.5,
        177,
        491.5,
        176,
        493.5,
        176,
        493.5,
        175,
        495.5,
        175,
        497.5,
        174,
        498.5,
        174,
        500.5,
        173,
        502.5,
        173,
        503.5,
        173,
        504.5,
        172,
        507.5,
        172,
        508.5,
        172,
        510.5,
        171,
        512.5,
        171,
        513.5,
        171,
        514.5,
        171,
        517.5,
        171,
        518.5,
        172,
        520.5,
        172,
        522.5,
        172,
        523.5,
        173,
        524.5,
        173,
        526.5,
        173,
        528.5,
        174,
        529.5,
        174,
        531.5,
        174,
        533.5,
        175,
        536.5,
        175,
        538.5,
        175,
        539.5,
        175,
        541.5,
        176,
        542.5,
        176,
        544.5,
        177,
        545.5,
        177,
        546.5,
        177,
        547.5,
        178,
        548.5,
        178,
        549.5,
        178,
        550.5,
        179,
        551.5,
        179,
        552.5,
        179,
        553.5,
        180,
        553.5,
        181,
        554.5,
        181,
        555.5,
        181,
        556.5,
        182,
        557.5,
        182,
        557.5,
        183,
        558.5,
        183,
        559.5,
        184,
        560.5,
        185,
        561.5,
        185,
        561.5,
        186,
        562.5,
        186,
        563.5,
        187,
        564.5,
        187,
        565.5,
        188,
        566.5,
        188,
        566.5,
        189,
        567.5,
        189,
        567.5,
        190,
        568.5,
        190,
        568.5,
        191,
        569.5,
        191,
        570.5,
        192,
        570.5,
        193,
        571.5,
        194,
        572.5,
        195,
        572.5,
        196,
        573.5,
        197,
        574.5,
        198,
        575.5,
        199,
        575.5,
        200,
        575.5,
        201,
        576.5,
        201,
        576.5,
        202,
        577.5,
        203,
        577.5,
        204,
        578.5,
        205,
        578.5,
        206,
        579.5,
        207,
        579.5,
        208,
        579.5,
        209,
        579.5,
        210,
        579.5,
        211,
        579.5,
        212,
        579.5,
        213,
        579.5,
        215,
        579.5,
        216,
        579.5,
        218,
        580.5,
        219,
        580.5,
        220,
        580.5,
        222,
        580.5,
        223,
        580.5,
        224,
        580.5,
        225,
        580.5,
        226,
        580.5,
        227,
        580.5,
        229,
        580.5,
        231,
        580.5,
        232,
        580.5,
        233,
        580.5,
        235,
        580.5,
        236,
        579.5,
        237,
        579.5,
        239,
        579.5,
        240,
        579.5,
        242,
        579.5,
        244,
        578.5,
        245,
        578.5,
        246,
        578.5,
        247,
        578.5,
        248,
        578.5,
        249,
        577.5,
        250,
        577.5,
        251,
        577.5,
        252,
        577.5,
        253,
        576.5,
        254,
        576.5,
        255,
        575.5,
        256,
        575.5,
        257,
        575.5,
        258,
        574.5,
        260,
        574.5,
        261,
        573.5,
        262,
        573.5,
        263,
        572.5,
        264,
        572.5,
        266,
        572.5,
        267,
        571.5,
        267,
        571.5,
        268,
        570.5,
        269,
        570.5,
        270,
        569.5,
        272,
        569.5,
        273,
        568.5,
        274,
        568.5,
        275,
        567.5,
        276,
        566.5,
        277,
        566.5,
        278,
        565.5,
        279,
        564.5,
        279,
        564.5,
        280,
        563.5,
        281,
        562.5,
        281,
        562.5,
        282,
        561.5,
        283,
        560.5,
        284,
        559.5,
        284,
        559.5,
        285,
        558.5,
        285,
        558.5,
        286,
        557.5,
        286,
        557.5,
        287,
        556.5,
        288,
        555.5,
        288,
        554.5,
        290,
        553.5,
        290,
        552.5,
        291,
        551.5,
        292,
        551.5,
        293,
        550.5,
        293,
        549.5,
        294,
        548.5,
        294,
        547.5,
        295,
        546.5,
        296,
        545.5,
        296,
        543.5,
        297,
        542.5,
        298,
        541.5,
        299,
        540.5,
        299,
        539.5,
        300,
        537.5,
        300,
        536.5,
        301,
        535.5,
        301,
        533.5,
        302,
        532.5,
        302,
        531.5,
        302,
        530.5,
        303,
        529.5,
        303,
        528.5,
        303,
        527.5,
        303,
        526.5,
        304,
        525.5,
        304,
        523.5,
        304,
        522.5,
        304,
        521.5,
        304,
        520.5,
        305,
        519.5,
        305,
        517.5,
        305,
        516.5,
        306,
        515.5,
        306,
        514.5,
        306,
        513.5,
        306,
        512.5,
        306,
        510.5,
        306,
        509.5,
        306,
        507.5,
        306,
        506.5,
        307,
        505.5,
        307,
        504.5,
        307,
        503.5,
        307,
        502.5,
        307,
        501.5,
        307,
        500.5,
        307,
        499.5,
        307,
        498.5,
        307,
        497.5,
        307,
        496.5,
        307,
        495.5,
        307,
        494.5,
        307,
        493.5,
        307,
        492.5,
        307,
        491.5,
        307,
        490.5,
        307,
        488.5,
        307,
        487.5,
        307,
        486.5,
        307,
        484.5,
        307,
        483.5,
        307,
        482.5,
        308,
        480.5,
        308,
        479.5,
        308,
        477.5,
        308,
        476.5,
        308,
        475.5,
        308,
        474.5,
        308,
        472.5,
        308,
        471.5,
        308,
        470.5,
        308,
        469.5,
        308,
        468.5,
        308,
        467.5,
        308,
        466.5,
        308,
        465.5,
        308,
        464.5,
        308,
        462.5,
        308,
        461.5,
        308,
        460.5,
        308,
        459.5,
        307,
        458.5,
        307,
        456.5,
        307,
        453.5,
        307,
        452.5,
        307,
        450.5,
        307,
        448.5,
        307,
        447.5,
        307,
        446.5,
        307,
        445.5,
        307,
        444.5,
        307,
        443.5,
        307,
        442.5,
        307,
        441.5,
        307,
        439.5,
        307,
        437.5,
        307,
        434.5,
        308,
        433.5,
        308,
        432.5,
        308,
        431.5,
        308,
        430.5,
        308,
        429.5,
        308,
        428.5,
        308,
        427.5,
        308,
        426.5,
        308,
        425.5,
        308,
        424.5,
        308,
        421.5,
        308,
        420.5,
        308,
        419.5,
        308,
        418.5,
        308,
        416.5,
        308,
        415.5,
        308,
        414.5,
        308,
        413.5,
        308,
        412.5,
        308,
        410.5,
        308,
        409.5,
        308,
        407.5,
        308,
        406.5,
        308,
        405.5,
        308,
        403.5,
        308,
        401.5,
        308,
        400.5,
        308,
        399.5,
        308,
        398.5,
        309,
        397.5,
        309,
        396.5,
        309,
        394.5,
        309,
        393.5,
        309,
        392.5,
        309,
        391.5,
        309,
        390.5,
        309,
        389.5,
        309,
        388.5,
        309,
        387.5,
        310,
        386.5,
        310,
        385.5,
        310,
        384.5,
        310,
        382.5,
        310,
        381.5,
        311,
        380.5,
        311,
        379.5,
        311,
        377.5,
        312,
        376.5,
        312,
        374.5,
        312,
        374.5,
        313,
        373.5,
        313,
        372.5,
        313,
        371.5,
        313,
        371.5,
        314,
        370.5,
        314,
        368.5,
        315,
        367.5,
        315,
        366.5,
        316,
        365.5,
        316,
        364.5,
        317,
        363.5,
        317,
        362.5,
        318,
        361.5,
        318,
        360.5,
        319,
        359.5,
        319,
        359.5,
        320,
        357.5,
        321,
        356.5,
        322,
        355.5,
        323,
        354.5,
        323,
        354.5,
        324,
        352.5,
        325,
        351.5,
        326,
        350.5,
        326,
        350.5,
        327,
        349.5,
        327,
        349.5,
        328,
        348.5,
        329,
        347.5,
        330,
        347.5,
        331,
        346.5,
        331,
        346.5,
        332,
        345.5,
        333,
        345.5,
        334,
        344.5,
        335,
        343.5,
        336,
        343.5,
        337,
        343.5,
        338,
        342.5,
        339,
        342.5,
        340,
        342.5,
        341,
        341.5,
        342,
        341.5,
        343,
        341.5,
        344,
        341.5,
        346,
        341.5,
        347,
        340.5,
        347,
        339.5,
        348,
        338.5,
        349,
        336.5,
        349
      ],
      "tool": "pen",
      "strokeWidth": 4
    }
  ]
}