{
  "id": "wee",
  "shapes": [
    {
      "points": [
        440,
        158,
        439,
        158,
        439,
        159,
        439,
        160,
        439,
        163,
        439,
        165,
        439,
        172,
        439,
        178,
        440,
        185,
        440,
        193,
        440,
        202,
        440,
        211,
        440,
        215,
        440,
        228,
        440,
        236,
        440,
        243,
        440,
        249,
        440,
        255,
        440,
        259,
        440,
        262,
        440,
        266,
        440,
        269,
        440,
        270,
        440,
        272,
        440,
        273,
        440,
        274,
        440,
        275,
        440,
        276,
        440,
        278,
        440,
        280,
        440,
        283,
        440,
        284,
        440,
        286,
        440,
        287,
        440,
        288,
        440,
        289,
        440,
        290,
        440,
        291,
        440,
        293,
        440,
        294,
        440,
        295,
        440,
        297,
        440,
        298,
        440,
        299,
        440,
        298,
        440,
        297,
        440,
        296,
        440,
        299
      ],
      "tool": "pen",
      "strokeWidth": 3
    },
    {
      "points": [
        441,
        159,
        437,
        157,
        436,
        157,
        435,
        157,
        436,
        157,
        437,
        157,
        438,
        157,
        440,
        156,
        441,
        156,
        445,
        156,
        452,
        156,
        455,
        156,
        461,
        156,
        471,
        156,
        476,
        155,
        479,
        155,
        488,
        155,
        494,
        155,
        497,
        155,
        506,
        155,
        512,
        155,
        515,
        154,
        523,
        154,
        528,
        154,
        531,
        154,
        538,
        153,
        541,
        153,
        543,
        153,
        549,
        153,
        553,
        153,
        554,
        153,
        558,
        153,
        562,
        153,
        564,
        152,
        567,
        152,
        568,
        152,
        570,
        152,
        572,
        152,
        574,
        152,
        575,
        152,
        576,
        152,
        577,
        152,
        578,
        152,
        579,
        152,
        580,
        152,
        582,
        152,
        583,
        152,
        584,
        152,
        585,
        152,
        586,
        152,
        587,
        152,
        588,
        152,
        589,
        152,
        590,
        151,
        590,
        152,
        589,
        152,
        590,
        151
      ],
      "tool": "pen",
      "strokeWidth": 3
    },
    {
      "points": [
        525,
        153,
        526,
        152,
        526,
        153,
        526,
        154,
        526,
        155,
        527,
        158,
        527,
        162,
        527,
        169,
        527,
        177,
        528,
        187,
        528,
        197,
        528,
        207,
        528,
        217,
        528,
        225,
        529,
        231,
        529,
        236,
        529,
        240,
        529,
        245,
        529,
        250,
        529,
        254,
        529,
        258,
        529,
        261,
        529,
        264,
        529,
        265,
        529,
        266,
        529,
        267,
        529,
        269,
        529,
        270,
        529,
        271,
        529,
        272,
        529,
        273,
        529,
        274,
        529,
        276,
        529,
        278,
        529,
        280,
        529,
        281,
        529,
        282,
        529,
        283,
        529,
        285,
        529,
        287,
        529,
        289,
        529,
        290,
        529,
        291,
        529,
        294,
        529,
        296,
        529,
        297,
        529,
        296,
        529,
        295,
        529,
        292,
        529,
        296
      ],
      "tool": "pen",
      "strokeWidth": 3
    },
    {
      "points": [
        527,
        230,
        528,
        230,
        528,
        229,
        528,
        228,
        528,
        227,
        528,
        226,
        529,
        226,
        529,
        225,
        529,
        224,
        530,
        224,
        530,
        223,
        531,
        222,
        532,
        221,
        533,
        220,
        535,
        218,
        536,
        217,
        537,
        216,
        538,
        216,
        538,
        215,
        539,
        215,
        542,
        213,
        543,
        213,
        545,
        212,
        548,
        210,
        549,
        210,
        550,
        210,
        551,
        209,
        552,
        209,
        554,
        208,
        555,
        208,
        558,
        207,
        560,
        207,
        561,
        207,
        563,
        207,
        565,
        206,
        566,
        206,
        568,
        206,
        569,
        206,
        570,
        206,
        571,
        206,
        572,
        206,
        573,
        206,
        575,
        206,
        576,
        206,
        577,
        206,
        578,
        206,
        579,
        206,
        581,
        206,
        582,
        206,
        584,
        207,
        585,
        207,
        586,
        207,
        588,
        207,
        589,
        208,
        590,
        208,
        591,
        208,
        592,
        208,
        593,
        209,
        594,
        209,
        595,
        210,
        596,
        210,
        597,
        210,
        598,
        210,
        598,
        211,
        599,
        211,
        600,
        211,
        601,
        212,
        603,
        213,
        604,
        213,
        605,
        214,
        606,
        215,
        607,
        215,
        607,
        216,
        608,
        216,
        609,
        217,
        610,
        218,
        610,
        219,
        611,
        219,
        612,
        220,
        613,
        221,
        614,
        222,
        615,
        223,
        616,
        224,
        617,
        225,
        617,
        226,
        618,
        226,
        618,
        228,
        619,
        228,
        619,
        229,
        619,
        230,
        620,
        230,
        620,
        231,
        620,
        232,
        621,
        233,
        621,
        235,
        622,
        236,
        622,
        237,
        623,
        238,
        623,
        240,
        624,
        241,
        624,
        243,
        624,
        244,
        624,
        245,
        625,
        247,
        625,
        248,
        625,
        249,
        625,
        250,
        625,
        251,
        625,
        252,
        625,
        253,
        625,
        254,
        626,
        255,
        626,
        257,
        626,
        258,
        626,
        259,
        626,
        260,
        626,
        261,
        626,
        262,
        626,
        263,
        626,
        264,
        627,
        266,
        627,
        267,
        627,
        269,
        627,
        271,
        627,
        273,
        627,
        275,
        627,
        276,
        626,
        278,
        626,
        279,
        626,
        280,
        626,
        281,
        625,
        282,
        625,
        283,
        624,
        284,
        624,
        286,
        623,
        287,
        623,
        288,
        622,
        289,
        622,
        290,
        622,
        291,
        621,
        292,
        621,
        293,
        620,
        295,
        620,
        296,
        619,
        297,
        619,
        298,
        618,
        298,
        618,
        299,
        618,
        300,
        617,
        300,
        617,
        301,
        616,
        302,
        615,
        303,
        614,
        304,
        613,
        305,
        612,
        306,
        611,
        307,
        611,
        308,
        610,
        308,
        610,
        309,
        609,
        309,
        608,
        311,
        607,
        311,
        606,
        312,
        604,
        313,
        604,
        314,
        603,
        315,
        601,
        316,
        600,
        316,
        600,
        317,
        599,
        317,
        597,
        318,
        596,
        319,
        594,
        320,
        593,
        321,
        592,
        321,
        591,
        322,
        590,
        322,
        589,
        322,
        588,
        322,
        587,
        322,
        587,
        323,
        586,
        323,
        585,
        323,
        584,
        323,
        583,
        323,
        582,
        323,
        581,
        323,
        580,
        323,
        579,
        324,
        578,
        324,
        577,
        324,
        576,
        324,
        575,
        324,
        574,
        325,
        573,
        325,
        571,
        325,
        570,
        325,
        569,
        326,
        568,
        326,
        567,
        326,
        566,
        326,
        565,
        326,
        564,
        326,
        563,
        326,
        562,
        327,
        561,
        327,
        560,
        327,
        559,
        327,
        558,
        327,
        557,
        327,
        556,
        327,
        555,
        328,
        554,
        328,
        553,
        328,
        552,
        328,
        551,
        328,
        549,
        329,
        548,
        329,
        547,
        329,
        546,
        329,
        545,
        329,
        544,
        330,
        543,
        330,
        542,
        330,
        540,
        330,
        539,
        330,
        538,
        330,
        537,
        330,
        537,
        331,
        536,
        331,
        535,
        331,
        534,
        331,
        533,
        331,
        532,
        331,
        530,
        331,
        528,
        331,
        526,
        331,
        524,
        331,
        522,
        332,
        521,
        332,
        520,
        332,
        519,
        332,
        518,
        332,
        517,
        332,
        516,
        332,
        515,
        333,
        514,
        333,
        513,
        333,
        512,
        333,
        511,
        333,
        510,
        333,
        509,
        333,
        508,
        333,
        507,
        333,
        506,
        333,
        504,
        333,
        502,
        333,
        501,
        333,
        501,
        334,
        500,
        334,
        499,
        334,
        498,
        334,
        497,
        334,
        496,
        334,
        494,
        334,
        493,
        334,
        491,
        334,
        490,
        335,
        488,
        335,
        487,
        335,
        486,
        335,
        485,
        335,
        484,
        335,
        483,
        335,
        482,
        335,
        481,
        335,
        480,
        335,
        479,
        335,
        477,
        336,
        476,
        336,
        474,
        336,
        473,
        336,
        472,
        336,
        471,
        336,
        470,
        336,
        469,
        337,
        468,
        337,
        467,
        337,
        466,
        337,
        465,
        337,
        464,
        337,
        463,
        337,
        462,
        337,
        461,
        337,
        461,
        338,
        460,
        338,
        459,
        338,
        458,
        338,
        456,
        339,
        454,
        339,
        451,
        340,
        450,
        341,
        449,
        341,
        448,
        341,
        448,
        342,
        447,
        342,
        446,
        342,
        445,
        343,
        444,
        343,
        443,
        344,
        442,
        344,
        442,
        345,
        441,
        345,
        440,
        346,
        439,
        347,
        438,
        348,
        437,
        349,
        436,
        350,
        435,
        350,
        435,
        351,
        435,
        352,
        434,
        352,
        434,
        353,
        433,
        354,
        433,
        355,
        432,
        356,
        432,
        357,
        432,
        358,
        431,
        359,
        431,
        360,
        430,
        361,
        430,
        362,
        429,
        364,
        429,
        365,
        429,
        366,
        429,
        367,
        428,
        368,
        428,
        369,
        428,
        370,
        428,
        372,
        428,
        373,
        429,
        374,
        429,
        375,
        429,
        376,
        429,
        378,
        430,
        379,
        430,
        381,
        430,
        383,
        430,
        385,
        430,
        386,
        430,
        387,
        430,
        388,
        430,
        389,
        430,
        388,
        430,
        387,
        430,
        386,
        430,
        388
      ],
      "tool": "pen",
      "strokeWidth": 3
    },
    {
      "points": [
        528,
        156,
        527,
        156,
        527,
        155,
        526,
        154,
        525,
        154,
        525,
        153,
        524,
        152,
        524,
        151,
        523,
        151,
        523,
        150,
        522,
        150,
        522,
        149,
        521,
        148,
        521,
        147,
        520,
        146,
        520,
        145,
        520,
        144,
        519,
        143,
        519,
        142,
        519,
        141,
        518,
        139,
        517,
        137,
        517,
        136,
        517,
        135,
        517,
        134,
        517,
        133,
        516,
        132,
        516,
        131,
        516,
        130,
        516,
        128,
        516,
        127,
        516,
        126,
        516,
        125,
        516,
        123,
        516,
        122,
        516,
        121,
        516,
        120,
        516,
        119,
        516,
        118,
        517,
        117,
        517,
        116,
        517,
        115,
        517,
        114,
        518,
        113,
        518,
        112,
        518,
        111,
        519,
        110,
        519,
        109,
        520,
        107,
        520,
        106,
        521,
        105,
        521,
        104,
        522,
        103,
        523,
        101,
        523,
        100,
        524,
        99,
        525,
        98,
        526,
        97,
        526,
        96,
        527,
        95,
        528,
        94,
        528,
        93,
        529,
        93,
        529,
        92,
        530,
        91,
        532,
        90,
        532,
        89,
        533,
        89,
        534,
        87,
        535,
        87,
        536,
        86,
        537,
        85,
        538,
        84,
        539,
        83,
        540,
        83,
        541,
        82,
        542,
        81,
        544,
        80,
        546,
        79,
        547,
        78,
        549,
        77,
        550,
        76,
        551,
        76,
        551,
        75,
        552,
        75,
        553,
        75,
        553,
        74,
        554,
        74,
        555,
        74,
        556,
        73,
        557,
        73,
        558,
        73,
        560,
        73,
        562,
        72,
        563,
        72,
        565,
        72,
        567,
        71,
        568,
        71,
        569,
        71,
        570,
        71,
        572,
        71,
        573,
        70,
        574,
        70,
        576,
        70,
        578,
        70,
        579,
        70,
        581,
        70,
        582,
        70,
        583,
        69,
        584,
        69,
        586,
        69,
        588,
        69,
        589,
        70,
        591,
        70,
        593,
        70,
        594,
        70,
        596,
        70,
        598,
        70,
        600,
        70,
        601,
        70,
        602,
        70,
        603,
        70,
        604,
        70,
        605,
        70,
        606,
        70,
        607,
        70,
        608,
        70,
        609,
        71,
        610,
        71,
        611,
        72,
        613,
        72,
        614,
        72,
        614,
        73,
        615,
        73,
        616,
        73,
        616,
        74,
        617,
        74,
        618,
        74,
        618,
        75,
        619,
        75,
        621,
        76,
        622,
        76,
        623,
        77,
        624,
        77,
        625,
        78,
        625,
        79,
        626,
        80,
        627,
        80,
        627,
        81,
        628,
        81,
        628,
        82,
        629,
        83,
        630,
        84,
        631,
        85,
        631,
        86,
        632,
        86,
        632,
        87,
        633,
        88,
        634,
        89,
        634,
        90,
        635,
        91,
        635,
        92,
        635,
        93,
        635,
        94,
        636,
        94,
        636,
        95,
        636,
        96,
        636,
        97,
        636,
        98,
        636,
        99,
        636,
        100,
        636,
        101,
        636,
        102,
        636,
        103,
        636,
        104,
        636,
        105,
        636,
        106,
        635,
        107,
        635,
        108,
        635,
        109,
        634,
        109,
        634,
        110,
        633,
        111,
        633,
        112,
        632,
        114,
        631,
        114,
        631,
        115,
        630,
        116,
        629,
        117,
        628,
        118,
        627,
        119,
        626,
        119,
        625,
        120,
        624,
        121,
        623,
        121,
        622,
        121,
        621,
        122,
        620,
        122,
        618,
        123,
        617,
        123,
        615,
        124,
        613,
        124,
        612,
        125,
        611,
        125,
        610,
        125,
        609,
        125,
        608,
        125,
        607,
        125,
        605,
        125,
        603,
        125,
        601,
        124,
        600,
        124,
        598,
        124,
        597,
        124,
        596,
        124,
        595,
        123,
        593,
        123,
        592,
        122,
        590,
        122,
        589,
        122,
        589,
        121,
        588,
        121,
        587,
        121,
        587,
        120,
        586,
        120,
        585,
        119,
        584,
        119,
        583,
        117,
        582,
        116,
        581,
        116,
        580,
        115,
        580,
        114,
        579,
        114,
        578,
        113,
        578,
        112,
        577,
        112,
        577,
        111,
        576,
        110,
        575,
        109,
        574,
        108,
        574,
        107,
        573,
        106,
        573,
        105,
        572,
        105,
        572,
        104,
        572,
        103,
        571,
        103,
        571,
        102,
        571,
        101,
        571,
        99,
        570,
        98,
        570,
        97,
        570,
        96,
        570,
        95,
        570,
        94,
        570,
        93,
        570,
        92,
        570,
        91,
        570,
        90,
        571,
        89,
        571,
        88,
        571,
        87,
        572,
        86,
        572,
        85,
        573,
        84,
        573,
        83,
        574,
        82,
        575,
        81,
        576,
        80,
        578,
        78,
        579,
        77,
        580,
        76,
        581,
        75,
        582,
        74,
        583,
        74,
        585,
        73,
        587,
        71,
        588,
        71,
        588,
        70,
        589,
        70,
        590,
        70,
        591,
        70,
        592,
        70,
        591,
        70,
        590,
        73,
        589,
        74
      ],
      "tool": "pen",
      "strokeWidth": 3
    }
  ]
}