{
  "id": "wi",
  "shapes": [
    {
      "points": [
        387,
        141,
        387,
        139,
        387,
        138,
        386,
        138,
        386,
        139,
        386,
        141,
        386,
        144,
        386,
        147,
        386,
        152,
        387,
        158,
        387,
        164,
        387,
        170,
        387,
        176,
        387,
        183,
        387,
        189,
        387,
        194,
        387,
        199,
        387,
        204,
        387,
        209,
        387,
        214,
        387,
        220,
        387,
        225,
        387,
        230,
        387,
        235,
        387,
        240,
        387,
        244,
        387,
        248,
        387,
        251,
        387,
        254,
        387,
        256,
        387,
        259,
        388,
        263,
        388,
        266,
        388,
        269,
        388,
        271,
        388,
        273,
        388,
        274,
        388,
        275,
        388,
        274,
        386,
        272,
        385,
        271
      ],
      "tool": "pen",
      "strokeWidth": 3
    },
    {
      "points": [
        389,
        143,
        390,
        140,
        391,
        140,
        392,
        140,
        393,
        140,
        394,
        140,
        396,
        140,
        397,
        140,
        399,
        140,
        401,
        140,
        404,
        140,
        407,
        140,
        409,
        140,
        412,
        140,
        416,
        140,
        420,
        140,
        424,
        140,
        428,
        140,
        433,
        140,
        437,
        140,
        441,
        140,
        446,
        140,
        450,
        140,
        455,
        140,
        459,
        140,
        466,
        140,
        468,
        140,
        472,
        139,
        478,
        139,
        480,
        139,
        483,
        139,
        490,
        139,
        492,
        139,
        496,
        139,
        500,
        139,
        501,
        139,
        503,
        139,
        506,
        139,
        508,
        139,
        509,
        139,
        512,
        139,
        513,
        139,
        514,
        139,
        517,
        139,
        518,
        139,
        519,
        139,
        522,
        139,
        523,
        139,
        524,
        139,
        526,
        139,
        528,
        139,
        529,
        139,
        530,
        139,
        531,
        139,
        532,
        139,
        533,
        138,
        534,
        138,
        535,
        138,
        536,
        138,
        537,
        138,
        538,
        138,
        539,
        138,
        539,
        139,
        539,
        138
      ],
      "tool": "pen",
      "strokeWidth": 3
    },
    {
      "points": [
        477,
        140,
        477,
        139,
        477,
        140,
        477,
        141,
        477,
        142,
        477,
        144,
        477,
        146,
        478,
        149,
        478,
        152,
        478,
        155,
        478,
        162,
        478,
        164,
        478,
        168,
        478,
        174,
        478,
        177,
        478,
        182,
        478,
        189,
        479,
        191,
        479,
        196,
        479,
        203,
        479,
        205,
        479,
        209,
        479,
        215,
        479,
        217,
        479,
        220,
        479,
        225,
        479,
        227,
        479,
        229,
        480,
        233,
        480,
        236,
        480,
        237,
        480,
        242,
        480,
        244,
        480,
        245,
        480,
        250,
        480,
        252,
        480,
        253,
        480,
        255,
        480,
        257,
        480,
        258,
        480,
        260,
        480,
        261,
        480,
        262,
        480,
        263,
        480,
        264,
        480,
        265,
        480,
        266,
        480,
        267,
        481,
        268,
        481,
        269,
        481,
        270,
        481,
        271,
        481,
        272,
        481,
        273,
        481,
        274,
        481,
        275,
        481,
        276,
        481,
        277,
        481,
        276,
        480,
        276,
        481,
        277
      ],
      "tool": "pen",
      "strokeWidth": 3
    },
    {
      "points": [
        481,
        209,
        481,
        208,
        481,
        207,
        482,
        207,
        482,
        206,
        483,
        205,
        484,
        205,
        484,
        204,
        485,
        203,
        486,
        203,
        487,
        202,
        487,
        201,
        488,
        201,
        489,
        200,
        490,
        200,
        490,
        199,
        491,
        199,
        492,
        199,
        492,
        198,
        494,
        198,
        495,
        198,
        496,
        197,
        497,
        197,
        498,
        196,
        499,
        196,
        501,
        195,
        502,
        194,
        503,
        194,
        504,
        194,
        505,
        193,
        506,
        193,
        507,
        193,
        508,
        192,
        509,
        192,
        510,
        192,
        511,
        192,
        513,
        191,
        515,
        191,
        516,
        191,
        517,
        191,
        518,
        191,
        519,
        191,
        521,
        191,
        522,
        190,
        523,
        190,
        524,
        190,
        525,
        190,
        526,
        190,
        527,
        190,
        527,
        191,
        528,
        191,
        529,
        191,
        531,
        191,
        532,
        192,
        533,
        192,
        534,
        192,
        535,
        192,
        536,
        193,
        537,
        193,
        538,
        193,
        539,
        193,
        539,
        194,
        540,
        194,
        541,
        194,
        542,
        194,
        542,
        195,
        543,
        195,
        544,
        195,
        545,
        196,
        546,
        196,
        547,
        197,
        548,
        197,
        549,
        198,
        550,
        199,
        551,
        199,
        551,
        200,
        552,
        201,
        553,
        201,
        554,
        202,
        554,
        203,
        555,
        204,
        556,
        204,
        556,
        205,
        557,
        206,
        558,
        207,
        558,
        208,
        559,
        208,
        559,
        209,
        560,
        209,
        560,
        210,
        560,
        211,
        561,
        211,
        561,
        212,
        562,
        213,
        562,
        214,
        563,
        215,
        563,
        216,
        564,
        217,
        564,
        218,
        565,
        219,
        565,
        220,
        566,
        221,
        566,
        222,
        566,
        223,
        567,
        223,
        567,
        224,
        567,
        225,
        568,
        225,
        568,
        226,
        568,
        227,
        569,
        227,
        569,
        228,
        569,
        229,
        569,
        230,
        570,
        230,
        570,
        231,
        570,
        232,
        570,
        233,
        570,
        234,
        571,
        235,
        571,
        236,
        571,
        237,
        571,
        238,
        571,
        239,
        571,
        240,
        571,
        241,
        571,
        242,
        571,
        243,
        571,
        244,
        571,
        245,
        571,
        246,
        571,
        247,
        571,
        248,
        571,
        249,
        571,
        250,
        571,
        251,
        571,
        252,
        571,
        253,
        571,
        254,
        571,
        255,
        571,
        256,
        571,
        257,
        571,
        258,
        571,
        259,
        570,
        259,
        570,
        260,
        570,
        261,
        570,
        262,
        570,
        263,
        569,
        263,
        569,
        264,
        569,
        265,
        569,
        266,
        569,
        267,
        568,
        268,
        568,
        269,
        568,
        270,
        568,
        271,
        567,
        271,
        567,
        272,
        567,
        273,
        566,
        274,
        566,
        275,
        566,
        276,
        565,
        277,
        565,
        278,
        564,
        278,
        564,
        279,
        563,
        280,
        563,
        281,
        563,
        282,
        562,
        283,
        562,
        284,
        561,
        285,
        560,
        286,
        560,
        287,
        559,
        288,
        559,
        289,
        558,
        289,
        558,
        290,
        557,
        290,
        557,
        291,
        556,
        292,
        556,
        293,
        555,
        293,
        554,
        294,
        554,
        295,
        553,
        295,
        552,
        296,
        551,
        297,
        550,
        297,
        550,
        298,
        549,
        298,
        548,
        299,
        548,
        300,
        547,
        300,
        547,
        301,
        546,
        301,
        545,
        301,
        545,
        302,
        544,
        302,
        544,
        303,
        543,
        303,
        542,
        303,
        542,
        304,
        541,
        304,
        540,
        304,
        539,
        305,
        538,
        305,
        536,
        306,
        535,
        306,
        534,
        307,
        533,
        307,
        532,
        307,
        532,
        308,
        531,
        308,
        530,
        308,
        529,
        308,
        528,
        308,
        527,
        309,
        526,
        309,
        525,
        309,
        524,
        309,
        523,
        309,
        522,
        310,
        521,
        310,
        520,
        310,
        519,
        310,
        518,
        310,
        518,
        311,
        517,
        311,
        516,
        311,
        515,
        311,
        514,
        311,
        512,
        311,
        511,
        311,
        510,
        312,
        509,
        312,
        508,
        312,
        507,
        312,
        506,
        312,
        505,
        312,
        504,
        313,
        502,
        313,
        500,
        314,
        499,
        314,
        498,
        314,
        497,
        314,
        497,
        315,
        496,
        315,
        495,
        315,
        494,
        315,
        493,
        315,
        492,
        315,
        491,
        315,
        490,
        315,
        489,
        315,
        488,
        315,
        487,
        316,
        486,
        316,
        485,
        316,
        485,
        315,
        484,
        315,
        483,
        315,
        482,
        315,
        481,
        315,
        480,
        315,
        479,
        315,
        478,
        315,
        477,
        315,
        476,
        315,
        475,
        315,
        474,
        315,
        473,
        315,
        472,
        315,
        471,
        315,
        470,
        315,
        469,
        315,
        468,
        315,
        467,
        315,
        466,
        315,
        465,
        315,
        464,
        315,
        463,
        315,
        462,
        315,
        461,
        315,
        460,
        315,
        459,
        315,
        458,
        315,
        457,
        315,
        456,
        315,
        455,
        315,
        454,
        315,
        453,
        315,
        451,
        315,
        450,
        315,
        449,
        315,
        448,
        315,
        447,
        315,
        446,
        315,
        445,
        315,
        444,
        315,
        443,
        315,
        441,
        315,
        440,
        315,
        439,
        315,
        438,
        315,
        437,
        315,
        436,
        315,
        435,
        315,
        434,
        315,
        433,
        315,
        431,
        315,
        430,
        315,
        429,
        315,
        428,
        314,
        427,
        314,
        426,
        314,
        425,
        314,
        424,
        314,
        423,
        314,
        421,
        314,
        420,
        314,
        418,
        314,
        417,
        314,
        415,
        314,
        414,
        314,
        414,
        315,
        413,
        315,
        412,
        315,
        411,
        315,
        410,
        315,
        408,
        315,
        407,
        316,
        406,
        316,
        405,
        316,
        403,
        317,
        402,
        317,
        401,
        318,
        400,
        318,
        399,
        318,
        398,
        319,
        397,
        319,
        396,
        319,
        395,
        320,
        394,
        320,
        393,
        321,
        392,
        321,
        391,
        321,
        391,
        322,
        390,
        322,
        389,
        323,
        388,
        323,
        387,
        324,
        385,
        325,
        384,
        326,
        382,
        327,
        382,
        328,
        381,
        329,
        380,
        330,
        379,
        331,
        378,
        332,
        378,
        333,
        377,
        333,
        377,
        334,
        375,
        336,
        374,
        338,
        373,
        339,
        373,
        340,
        372,
        341,
        372,
        342,
        372,
        343,
        372,
        344,
        371,
        346,
        371,
        348,
        371,
        349,
        370,
        352,
        370,
        354,
        370,
        355,
        370,
        356,
        370,
        358,
        370,
        359,
        371,
        361,
        371,
        363,
        372,
        364,
        372,
        365,
        372,
        366,
        372,
        367,
        373,
        368,
        373,
        369,
        373,
        370,
        373,
        371,
        373,
        372,
        374,
        372,
        373,
        372,
        371,
        372,
        374,
        372
      ],
      "tool": "pen",
      "strokeWidth": 3
    },
    {
      "points": [
        484,
        135,
        483,
        136,
        483,
        135,
        482,
        135,
        482,
        134,
        481,
        134,
        481,
        133,
        480,
        132,
        480,
        131,
        480,
        130,
        479,
        129,
        479,
        128,
        479,
        127,
        478,
        126,
        478,
        125,
        478,
        124,
        477,
        123,
        477,
        122,
        477,
        121,
        477,
        120,
        477,
        119,
        477,
        118,
        477,
        117,
        476,
        116,
        476,
        115,
        476,
        114,
        476,
        113,
        476,
        111,
        476,
        110,
        476,
        109,
        477,
        108,
        477,
        107,
        477,
        106,
        478,
        105,
        478,
        104,
        478,
        103,
        478,
        102,
        479,
        101,
        479,
        100,
        480,
        99,
        480,
        98,
        481,
        96,
        481,
        95,
        482,
        94,
        483,
        93,
        483,
        92,
        484,
        91,
        484,
        90,
        485,
        89,
        486,
        87,
        487,
        86,
        488,
        85,
        488,
        84,
        489,
        83,
        490,
        83,
        491,
        82,
        492,
        81,
        493,
        80,
        494,
        78,
        496,
        77,
        497,
        76,
        498,
        76,
        499,
        75,
        500,
        75,
        500,
        74,
        501,
        74,
        501,
        73,
        502,
        73,
        503,
        72,
        504,
        71,
        506,
        71,
        506,
        70,
        507,
        70,
        508,
        70,
        509,
        69,
        510,
        69,
        511,
        68,
        513,
        68,
        514,
        67,
        516,
        66,
        517,
        66,
        518,
        65,
        519,
        65,
        521,
        65,
        522,
        65,
        523,
        64,
        524,
        64,
        525,
        63,
        527,
        63,
        529,
        62,
        530,
        62,
        531,
        61,
        532,
        61,
        533,
        60,
        535,
        60,
        536,
        60,
        536,
        59,
        537,
        59,
        538,
        59,
        539,
        59,
        540,
        58,
        542,
        58,
        543,
        58,
        544,
        58,
        546,
        58,
        547,
        58,
        550,
        58,
        551,
        58,
        553,
        58,
        555,
        58,
        556,
        58,
        558,
        58,
        560,
        58,
        561,
        58,
        563,
        58,
        564,
        59,
        567,
        59,
        568,
        59,
        569,
        59,
        570,
        59,
        571,
        59,
        573,
        60,
        574,
        60,
        575,
        60,
        577,
        60,
        579,
        60,
        582,
        61,
        583,
        61,
        584,
        61,
        585,
        62,
        586,
        62,
        587,
        62,
        588,
        63,
        589,
        63,
        591,
        64,
        592,
        64,
        593,
        65,
        595,
        66,
        596,
        66,
        597,
        67,
        598,
        68,
        599,
        68,
        599,
        69,
        600,
        69,
        601,
        70,
        602,
        71,
        603,
        71,
        604,
        72,
        605,
        73,
        606,
        74,
        606,
        75,
        607,
        75,
        608,
        76,
        609,
        77,
        610,
        77,
        610,
        78,
        611,
        78,
        611,
        79,
        612,
        79,
        613,
        80,
        614,
        81,
        615,
        81,
        615,
        82,
        616,
        82,
        616,
        83,
        617,
        83,
        617,
        84,
        618,
        85,
        619,
        85,
        620,
        86,
        621,
        87,
        622,
        88,
        623,
        89,
        624,
        90,
        624,
        91,
        625,
        91,
        625,
        92,
        626,
        93,
        626,
        94,
        627,
        95,
        628,
        96,
        629,
        97,
        629,
        98,
        630,
        99,
        631,
        100,
        631,
        101,
        632,
        101,
        632,
        102,
        633,
        103,
        633,
        104,
        634,
        104,
        634,
        105,
        635,
        105,
        635,
        106,
        635,
        107,
        636,
        107,
        636,
        108,
        637,
        108,
        637,
        109,
        637,
        110,
        638,
        111,
        638,
        112,
        638,
        113,
        639,
        113,
        639,
        114,
        639,
        115,
        639,
        116,
        640,
        116,
        640,
        117,
        640,
        118,
        640,
        119,
        641,
        120,
        641,
        121,
        641,
        122,
        641,
        123,
        641,
        124,
        642,
        124,
        642,
        125,
        642,
        126,
        642,
        127,
        642,
        128,
        643,
        128,
        643,
        129,
        643,
        130,
        643,
        131,
        643,
        132,
        643,
        133,
        643,
        134,
        643,
        135,
        643,
        136,
        643,
        137,
        643,
        138,
        643,
        139,
        643,
        140,
        643,
        141,
        643,
        142,
        643,
        143,
        643,
        144,
        643,
        146,
        643,
        147,
        644,
        148,
        644,
        149,
        644,
        150,
        644,
        151,
        644,
        152,
        644,
        153,
        644,
        154,
        644,
        155,
        644,
        157,
        644,
        159,
        644,
        160,
        644,
        161,
        644,
        162,
        644,
        164,
        644,
        166,
        644,
        167,
        644,
        169,
        644,
        170,
        644,
        171,
        644,
        173,
        644,
        174,
        644,
        175,
        644,
        176,
        644,
        179,
        644,
        180,
        644,
        181,
        644,
        182,
        644,
        183,
        644,
        184,
        644,
        185,
        644,
        186,
        644,
        188,
        644,
        189,
        644,
        190,
        644,
        191,
        644,
        192,
        644,
        194,
        644,
        197,
        644,
        198,
        644,
        199,
        644,
        201,
        644,
        203,
        645,
        206,
        645,
        208,
        645,
        210,
        645,
        213,
        645,
        216,
        645,
        218,
        645,
        220,
        645,
        222,
        645,
        223,
        645,
        225,
        645,
        227,
        645,
        229,
        645,
        231,
        645,
        233,
        645,
        236,
        645,
        239,
        645,
        242,
        645,
        245,
        645,
        247,
        645,
        249,
        645,
        251,
        645,
        253,
        645,
        254,
        645,
        256,
        645,
        258,
        645,
        260,
        645,
        262,
        646,
        264,
        646,
        265,
        646,
        266,
        646,
        267,
        646,
        269,
        646,
        271,
        646,
        272,
        646,
        273,
        646,
        274,
        646,
        275,
        646,
        276,
        646,
        277,
        646,
        278,
        646,
        279,
        646,
        278,
        647,
        278,
        646,
        279
      ],
      "tool": "pen",
      "strokeWidth": 3
    }
  ]
}