{
  "id": "woo",
  "shapes": [
    {
      "points": [
        347,
        156,
        348,
        156,
        348,
        157,
        348,
        159,
        348,
        160,
        348,
        164,
        348,
        172,
        348,
        178,
        348,
        186,
        348,
        194,
        348,
        202,
        348,
        210,
        348,
        218,
        348,
        226,
        348,
        234,
        348,
        240,
        348,
        246,
        348,
        249,
        348,
        258,
        348,
        264,
        348,
        269,
        348,
        273,
        348,
        277,
        348,
        280,
        348,
        283,
        348,
        286,
        348,
        288,
        348,
        289,
        348,
        290,
        348,
        291,
        348,
        292,
        348,
        293,
        348,
        294,
        348,
        295,
        348,
        296,
        348,
        298,
        348,
        299,
        348,
        300,
        348,
        301,
        348,
        300,
        347,
        300,
        347,
        299,
        346,
        298,
        346,
        297
      ],
      "tool": "pen",
      "strokeWidth": 3
    },
    {
      "points": [
        348,
        157,
        346,
        158,
        347,
        158,
        348,
        158,
        349,
        158,
        350,
        158,
        351,
        158,
        354,
        158,
        356,
        158,
        360,
        158,
        364,
        158,
        369,
        158,
        375,
        158,
        380,
        158,
        386,
        158,
        393,
        158,
        400,
        158,
        407,
        158,
        413,
        158,
        419,
        158,
        425,
        158,
        431,
        158,
        436,
        157,
        441,
        157,
        446,
        157,
        450,
        157,
        454,
        157,
        458,
        157,
        462,
        157,
        469,
        157,
        471,
        157,
        474,
        157,
        477,
        157,
        480,
        157,
        482,
        157,
        486,
        157,
        487,
        157,
        489,
        157,
        492,
        157,
        493,
        157,
        495,
        157,
        498,
        157,
        499,
        157,
        500,
        157,
        502,
        157,
        503,
        157,
        504,
        157,
        505,
        157,
        506,
        157,
        507,
        157,
        508,
        157,
        509,
        157,
        510,
        157,
        511,
        157,
        512,
        157,
        511,
        157,
        512,
        157
      ],
      "tool": "pen",
      "strokeWidth": 3
    },
    {
      "points": [
        440,
        158,
        441,
        158,
        441,
        159,
        441,
        160,
        441,
        163,
        441,
        165,
        441,
        173,
        441,
        179,
        441,
        182,
        440,
        188,
        440,
        198,
        440,
        201,
        440,
        210,
        440,
        216,
        440,
        223,
        440,
        228,
        440,
        234,
        439,
        239,
        439,
        244,
        439,
        248,
        439,
        252,
        439,
        256,
        439,
        260,
        439,
        263,
        439,
        265,
        439,
        270,
        439,
        274,
        438,
        278,
        438,
        281,
        438,
        285,
        438,
        288,
        438,
        290,
        438,
        293,
        438,
        294,
        438,
        295,
        438,
        296,
        437,
        297,
        437,
        298,
        437,
        299,
        437,
        300,
        437,
        301,
        437,
        302,
        437,
        301,
        437,
        300,
        437,
        299,
        437,
        302
      ],
      "tool": "pen",
      "strokeWidth": 3
    },
    {
      "points": [
        442,
        227,
        443,
        227,
        443,
        226,
        444,
        226,
        444,
        225,
        445,
        224,
        446,
        223,
        447,
        222,
        449,
        221,
        450,
        219,
        452,
        218,
        453,
        217,
        454,
        217,
        454,
        216,
        455,
        216,
        456,
        215,
        457,
        214,
        459,
        213,
        460,
        212,
        461,
        212,
        462,
        212,
        463,
        211,
        464,
        211,
        465,
        211,
        466,
        211,
        466,
        210,
        467,
        210,
        470,
        210,
        470,
        209,
        472,
        209,
        475,
        208,
        476,
        208,
        477,
        208,
        478,
        208,
        479,
        208,
        480,
        208,
        482,
        208,
        484,
        208,
        485,
        208,
        487,
        208,
        488,
        208,
        490,
        208,
        491,
        208,
        492,
        208,
        492,
        209,
        493,
        209,
        494,
        209,
        495,
        209,
        496,
        209,
        497,
        209,
        498,
        210,
        499,
        210,
        500,
        210,
        501,
        210,
        501,
        211,
        502,
        211,
        503,
        211,
        504,
        212,
        505,
        212,
        506,
        213,
        507,
        213,
        508,
        213,
        508,
        214,
        509,
        214,
        510,
        214,
        510,
        215,
        511,
        215,
        512,
        216,
        513,
        216,
        513,
        217,
        514,
        217,
        514,
        218,
        515,
        218,
        516,
        218,
        516,
        219,
        515,
        219,
        515,
        218,
        516,
        219,
        517,
        219,
        517,
        220,
        518,
        220,
        518,
        221,
        519,
        221,
        519,
        222,
        520,
        222,
        520,
        223,
        521,
        224,
        521,
        225,
        522,
        225,
        522,
        226,
        523,
        226,
        523,
        227,
        523,
        228,
        524,
        228,
        524,
        229,
        525,
        229,
        525,
        230,
        526,
        231,
        526,
        232,
        527,
        232,
        527,
        233,
        528,
        234,
        528,
        235,
        529,
        235,
        529,
        236,
        530,
        237,
        530,
        238,
        531,
        238,
        531,
        239,
        531,
        240,
        532,
        240,
        532,
        241,
        532,
        242,
        532,
        243,
        533,
        244,
        533,
        245,
        533,
        246,
        534,
        247,
        534,
        248,
        534,
        249,
        534,
        250,
        534,
        251,
        535,
        252,
        535,
        253,
        535,
        254,
        535,
        255,
        535,
        256,
        535,
        257,
        536,
        258,
        536,
        259,
        536,
        260,
        536,
        261,
        536,
        262,
        536,
        263,
        536,
        264,
        536,
        265,
        536,
        266,
        537,
        266,
        537,
        268,
        537,
        269,
        537,
        270,
        537,
        271,
        537,
        272,
        537,
        273,
        537,
        274,
        537,
        275,
        537,
        276,
        537,
        277,
        537,
        278,
        537,
        279,
        537,
        280,
        537,
        281,
        537,
        283,
        536,
        285,
        536,
        286,
        535,
        287,
        535,
        288,
        534,
        289,
        534,
        290,
        534,
        291,
        533,
        292,
        533,
        294,
        532,
        295,
        532,
        297,
        531,
        298,
        531,
        299,
        530,
        300,
        530,
        301,
        530,
        302,
        529,
        303,
        529,
        304,
        529,
        305,
        528,
        306,
        528,
        307,
        528,
        308,
        528,
        309,
        527,
        309,
        527,
        310,
        527,
        311,
        527,
        312,
        526,
        314,
        525,
        315,
        525,
        316,
        525,
        317,
        524,
        318,
        523,
        319,
        523,
        321,
        522,
        322,
        522,
        323,
        522,
        324,
        521,
        324,
        521,
        325,
        521,
        326,
        520,
        326,
        520,
        327,
        520,
        328,
        519,
        328,
        519,
        329,
        519,
        330,
        518,
        330,
        518,
        331,
        518,
        332,
        517,
        332,
        517,
        333,
        517,
        334,
        516,
        334,
        516,
        335,
        515,
        336,
        515,
        337,
        514,
        337,
        514,
        338,
        514,
        339,
        513,
        339,
        513,
        340,
        512,
        340,
        512,
        341,
        511,
        342,
        510,
        343,
        509,
        344,
        508,
        345,
        507,
        346,
        506,
        347,
        505,
        348,
        504,
        349,
        503,
        350,
        503,
        351,
        502,
        351,
        502,
        352,
        501,
        352,
        500,
        353,
        499,
        354,
        498,
        355,
        497,
        356,
        496,
        356,
        496,
        357,
        495,
        357,
        494,
        357,
        494,
        358,
        493,
        359,
        492,
        359,
        491,
        360,
        490,
        362,
        489,
        362,
        488,
        363,
        487,
        363,
        487,
        364,
        486,
        364,
        484,
        365,
        483,
        366,
        481,
        367,
        479,
        369,
        477,
        370,
        476,
        371,
        475,
        372,
        474,
        372,
        473,
        372,
        473,
        373,
        472,
        373,
        471,
        373,
        470,
        374,
        469,
        374,
        467,
        375,
        466,
        375,
        465,
        376,
        464,
        376,
        463,
        376,
        462,
        377,
        461,
        377,
        460,
        377,
        459,
        378,
        458,
        378,
        457,
        379,
        456,
        379,
        455,
        379,
        454,
        380,
        453,
        380,
        452,
        381,
        451,
        381,
        450,
        381,
        449,
        381,
        449,
        382,
        448,
        382,
        447,
        382,
        445,
        383,
        444,
        383,
        443,
        383,
        442,
        384,
        441,
        384,
        440,
        384,
        439,
        384,
        438,
        384,
        437,
        385,
        436,
        385,
        435,
        385,
        434,
        385,
        432,
        385,
        431,
        385,
        430,
        385,
        429,
        385,
        427,
        385,
        425,
        386,
        423,
        386,
        421,
        386,
        420,
        386,
        418,
        387,
        417,
        387,
        415,
        387,
        414,
        387,
        413,
        387,
        411,
        388,
        410,
        388,
        409,
        388,
        407,
        388,
        406,
        388,
        405,
        388,
        404,
        388,
        402,
        388,
        401,
        388,
        400,
        388,
        398,
        388,
        396,
        388,
        395,
        388,
        393,
        388,
        392,
        388,
        391,
        388,
        390,
        388,
        389,
        388,
        388,
        388,
        387,
        388,
        386,
        388,
        385,
        388,
        384,
        388,
        383,
        388,
        382,
        388,
        381,
        388,
        380,
        387,
        379,
        387,
        377,
        387,
        376,
        387,
        375,
        386,
        374,
        386,
        373,
        386,
        371,
        385,
        370,
        385,
        369,
        385,
        367,
        385,
        366,
        384,
        365,
        384,
        364,
        384,
        362,
        383,
        361,
        383,
        360,
        383,
        359,
        382,
        358,
        382,
        357,
        381,
        356,
        381,
        355,
        380,
        353,
        379,
        351,
        378,
        349,
        377,
        348,
        376,
        348,
        375,
        347,
        375,
        346,
        374,
        345,
        373,
        344,
        373,
        343,
        372,
        341,
        370,
        340,
        369,
        338,
        369,
        337,
        368,
        337,
        367,
        336,
        367,
        335,
        367,
        335,
        366,
        333,
        364,
        332,
        363,
        331,
        361,
        329,
        360,
        328,
        359,
        328,
        358,
        327,
        357,
        326,
        355,
        325,
        353,
        324,
        352,
        324,
        351,
        323,
        350,
        323,
        349,
        323,
        347,
        323,
        346,
        323,
        345,
        324,
        344,
        324,
        343,
        325,
        343,
        325,
        342,
        326,
        341,
        326,
        340,
        327,
        340,
        327,
        339,
        328,
        338,
        329,
        337,
        330,
        337,
        331,
        336,
        332,
        336,
        333,
        336,
        334,
        335,
        335,
        335,
        337,
        334,
        338,
        334,
        340,
        333,
        341,
        333,
        342,
        333,
        343,
        333,
        344,
        333,
        345,
        333,
        345,
        334,
        345,
        333,
        346,
        333,
        347,
        333,
        348,
        333,
        351,
        333,
        355,
        333,
        360,
        333,
        364,
        333,
        370,
        333,
        376,
        333,
        382,
        333,
        387,
        333,
        393,
        333,
        400,
        333,
        406,
        333,
        414,
        333,
        422,
        334,
        431,
        334,
        440,
        334,
        448,
        334,
        457,
        334,
        466,
        334,
        475,
        334,
        484,
        334,
        493,
        334,
        501,
        334,
        508,
        334,
        514,
        334,
        519,
        334,
        524,
        335,
        531,
        335,
        537,
        335,
        544,
        335,
        549,
        335,
        555,
        335,
        561,
        335,
        567,
        335,
        572,
        335,
        578,
        335,
        583,
        335,
        588,
        335,
        592,
        335,
        596,
        335,
        599,
        335,
        602,
        336,
        604,
        336,
        606,
        336,
        608,
        336,
        609,
        336,
        610,
        336,
        611,
        336,
        612,
        336,
        613,
        336,
        612,
        336,
        612,
        335,
        612,
        334,
        612,
        332,
        612,
        328,
        612,
        322,
        612,
        318,
        612,
        315,
        612,
        311,
        612,
        306,
        612,
        303,
        612,
        300,
        612,
        296,
        612,
        292,
        612,
        287,
        612,
        280,
        612,
        274,
        612,
        268,
        612,
        263,
        612,
        259,
        612,
        255,
        612,
        251,
        612,
        247,
        612,
        241,
        612,
        232,
        612,
        230,
        612,
        225,
        612,
        220,
        612,
        218,
        612,
        214,
        613,
        209,
        613,
        208,
        613,
        204,
        613,
        198,
        613,
        196,
        613,
        193,
        613,
        190,
        613,
        189,
        613,
        187,
        613,
        184,
        614,
        181,
        614,
        180,
        614,
        179,
        614,
        176,
        614,
        174,
        614,
        173,
        614,
        170,
        614,
        168,
        614,
        167,
        614,
        165,
        614,
        164,
        614,
        163,
        614,
        162,
        614,
        163,
        614,
        162,
        615,
        162,
        616,
        162,
        617,
        162,
        618,
        162,
        620,
        162,
        623,
        162,
        626,
        162,
        629,
        162,
        634,
        162,
        638,
        162,
        643,
        162,
        647,
        162,
        652,
        162,
        659,
        162,
        662,
        162,
        667,
        162,
        673,
        162,
        675,
        162,
        681,
        162,
        689,
        162,
        691,
        162,
        695,
        162,
        702,
        162,
        704,
        162,
        708,
        162,
        712,
        162,
        718,
        162,
        720,
        162,
        725,
        162,
        731,
        162,
        733,
        162,
        738,
        162,
        742,
        162,
        744,
        162,
        749,
        162,
        750,
        162,
        751,
        162,
        752,
        162,
        753,
        162,
        754,
        162,
        755,
        162,
        756,
        162,
        757,
        162,
        758,
        162,
        759,
        162,
        760,
        162,
        761,
        162,
        762,
        162,
        763,
        162,
        764,
        162,
        765,
        162,
        767,
        162,
        768,
        162,
        769,
        162,
        771,
        162,
        772,
        162,
        771,
        162,
        770,
        162,
        767,
        163,
        765,
        164
      ],
      "tool": "pen",
      "strokeWidth": 3
    },
    {
      "points": [
        706,
        162,
        705,
        162,
        705,
        163,
        705,
        164,
        705,
        165,
        705,
        166,
        705,
        169,
        705,
        172,
        705,
        175,
        705,
        178,
        705,
        182,
        705,
        187,
        705,
        191,
        705,
        196,
        705,
        201,
        704,
        207,
        704,
        213,
        704,
        220,
        704,
        226,
        704,
        232,
        704,
        238,
        704,
        244,
        704,
        251,
        704,
        257,
        704,
        263,
        704,
        269,
        703,
        275,
        703,
        281,
        703,
        287,
        703,
        292,
        703,
        298,
        703,
        303,
        702,
        308,
        702,
        313,
        702,
        318,
        702,
        323,
        702,
        326,
        702,
        329,
        702,
        332,
        702,
        334,
        702,
        336,
        702,
        337,
        702,
        338,
        702,
        339,
        702,
        340,
        702,
        341,
        702,
        342,
        702,
        343,
        702,
        345,
        701,
        347,
        701,
        349,
        701,
        350,
        701,
        351,
        701,
        350,
        700,
        349,
        701,
        350
      ],
      "tool": "pen",
      "strokeWidth": 3
    }
  ]
}