{
  "id": "yi",
  "shapes": [
    {
      "points": [
        369,
        162,
        373,
        161,
        373,
        160,
        373,
        161,
        373,
        165,
        373,
        166,
        373,
        169,
        374,
        175,
        374,
        178,
        374,
        183,
        374,
        193,
        374,
        201,
        375,
        205,
        375,
        216,
        375,
        223,
        375,
        226,
        375,
        234,
        375,
        239,
        375,
        241,
        376,
        248,
        376,
        252,
        376,
        254,
        376,
        260,
        376,
        263,
        376,
        265,
        377,
        268,
        377,
        270,
        377,
        272,
        377,
        273,
        377,
        275,
        377,
        276,
        377,
        277,
        377,
        278,
        377,
        279,
        377,
        280,
        377,
        281,
        377,
        282,
        377,
        283,
        377,
        284,
        377,
        285,
        378,
        285,
        378,
        286,
        378,
        287,
        378,
        288,
        378,
        289,
        378,
        290,
        378,
        291,
        379,
        291,
        379,
        292,
        379,
        293,
        379,
        294,
        380,
        295,
        381,
        295,
        381,
        296,
        382,
        297,
        383,
        297,
        383,
        298,
        384,
        298,
        385,
        298,
        385,
        299,
        386,
        299,
        387,
        299,
        388,
        300,
        389,
        300,
        390,
        301,
        391,
        301,
        392,
        301,
        393,
        302,
        394,
        302,
        395,
        302,
        396,
        302,
        397,
        303,
        398,
        303,
        399,
        303,
        400,
        303,
        401,
        303,
        402,
        303,
        404,
        303,
        405,
        304,
        406,
        304,
        407,
        304,
        408,
        304,
        409,
        304,
        410,
        304,
        411,
        304,
        412,
        304,
        413,
        304,
        415,
        304,
        416,
        304,
        417,
        303,
        419,
        303,
        420,
        303,
        421,
        303,
        422,
        303,
        422,
        302,
        423,
        302,
        424,
        302,
        425,
        302,
        427,
        301,
        428,
        301,
        430,
        300,
        432,
        300,
        433,
        300,
        433,
        299,
        434,
        299,
        435,
        299,
        436,
        299,
        436,
        298,
        437,
        298,
        438,
        298,
        439,
        296,
        441,
        295,
        443,
        294,
        444,
        293,
        445,
        292,
        446,
        292,
        447,
        291,
        448,
        290,
        449,
        289,
        450,
        288,
        451,
        287,
        452,
        286,
        453,
        286,
        454,
        285,
        454,
        284,
        455,
        283,
        456,
        283,
        456,
        282,
        457,
        282,
        457,
        281,
        458,
        281,
        458,
        280,
        458,
        281,
        458,
        282,
        458,
        281
      ],
      "tool": "pen",
      "strokeWidth": 3
    },
    {
      "points": [
        456,
        164,
        457,
        164,
        457,
        163,
        456,
        163,
        456,
        162,
        456,
        161,
        456,
        160,
        456,
        161,
        456,
        162,
        456,
        163,
        456,
        167,
        456,
        169,
        457,
        173,
        457,
        181,
        457,
        185,
        457,
        192,
        458,
        203,
        458,
        210,
        458,
        213,
        458,
        223,
        458,
        228,
        458,
        230,
        459,
        238,
        459,
        242,
        459,
        244,
        459,
        251,
        459,
        256,
        459,
        258,
        459,
        264,
        459,
        267,
        459,
        268,
        459,
        271,
        459,
        273,
        459,
        274,
        459,
        277,
        459,
        279,
        459,
        283,
        459,
        286,
        459,
        289,
        459,
        291,
        459,
        293,
        459,
        294,
        459,
        295,
        459,
        296,
        459,
        297,
        459,
        298,
        459,
        299,
        459,
        300,
        459,
        301,
        459,
        302,
        460,
        302,
        461,
        302,
        462,
        302,
        463,
        302,
        465,
        302,
        469,
        302,
        470,
        302,
        473,
        302,
        477,
        302,
        479,
        302,
        483,
        302,
        489,
        302,
        491,
        302,
        494,
        302,
        499,
        302,
        504,
        302,
        507,
        302,
        518,
        302,
        524,
        302,
        527,
        302,
        535,
        302,
        539,
        302,
        542,
        302,
        548,
        302,
        552,
        302,
        554,
        302,
        560,
        302,
        565,
        302,
        567,
        302,
        572,
        302,
        576,
        302,
        577,
        302,
        581,
        302,
        583,
        302,
        584,
        302,
        586,
        302,
        587,
        302,
        589,
        302,
        590,
        302,
        591,
        302,
        592,
        302,
        593,
        302,
        594,
        302,
        595,
        302,
        596,
        302,
        597,
        302,
        598,
        302,
        599,
        302,
        600,
        302,
        601,
        302,
        602,
        302,
        603,
        302,
        604,
        302,
        604,
        303,
        604,
        302,
        604,
        301,
        604,
        298,
        603,
        297,
        603,
        295,
        603,
        291,
        603,
        290,
        603,
        287,
        603,
        285,
        603,
        282,
        603,
        280,
        603,
        277,
        603,
        272,
        603,
        270,
        603,
        266,
        603,
        262,
        603,
        259,
        603,
        254,
        602,
        249,
        602,
        247,
        602,
        240,
        602,
        238,
        602,
        233,
        602,
        228,
        602,
        224,
        602,
        220,
        602,
        218,
        601,
        215,
        601,
        212,
        601,
        206,
        601,
        204,
        601,
        198,
        601,
        196,
        601,
        192,
        601,
        190,
        601,
        189,
        601,
        187,
        601,
        186,
        601,
        185,
        601,
        183,
        601,
        181,
        601,
        180,
        601,
        176,
        601,
        174,
        601,
        172,
        601,
        171,
        601,
        170,
        601,
        169,
        601,
        168,
        601,
        167,
        601,
        166,
        601,
        165,
        601,
        164,
        601,
        163,
        601,
        164,
        601,
        166,
        599,
        168,
        598,
        168
      ],
      "tool": "pen",
      "strokeWidth": 3
    },
    {
      "points": [
        600,
        195,
        601,
        194,
        601,
        195,
        600,
        195,
        600,
        194,
        599,
        194,
        598,
        194,
        597,
        194,
        596,
        194,
        595,
        194,
        594,
        194,
        592,
        194,
        591,
        194,
        590,
        194,
        589,
        194,
        588,
        194,
        587,
        194,
        586,
        194,
        585,
        194,
        584,
        194,
        583,
        194,
        582,
        194,
        582,
        193,
        581,
        193,
        580,
        193,
        579,
        193,
        578,
        193,
        577,
        193,
        576,
        193,
        575,
        193,
        574,
        192,
        573,
        192,
        572,
        192,
        571,
        192,
        571,
        191,
        570,
        191,
        569,
        191,
        568,
        190,
        567,
        190,
        566,
        189,
        565,
        189,
        564,
        188,
        563,
        188,
        562,
        187,
        561,
        187,
        561,
        186,
        560,
        186,
        559,
        185,
        558,
        184,
        557,
        184,
        557,
        183,
        556,
        183,
        556,
        182,
        555,
        182,
        554,
        181,
        553,
        181,
        553,
        180,
        552,
        180,
        552,
        179,
        551,
        179,
        551,
        178,
        550,
        178,
        549,
        177,
        548,
        176,
        547,
        176,
        547,
        175,
        545,
        173,
        544,
        172,
        543,
        171,
        541,
        170,
        540,
        169,
        539,
        168,
        539,
        167,
        538,
        167,
        538,
        166,
        537,
        166,
        536,
        165,
        536,
        164,
        535,
        163,
        535,
        162,
        534,
        161,
        533,
        159,
        533,
        157,
        532,
        155,
        531,
        153,
        531,
        152,
        531,
        151,
        530,
        149,
        530,
        148,
        530,
        146,
        530,
        144,
        530,
        143,
        530,
        142,
        530,
        141,
        530,
        140,
        530,
        139,
        530,
        138,
        530,
        137,
        530,
        136,
        530,
        135,
        530,
        134,
        530,
        133,
        530,
        132,
        530,
        131,
        531,
        129,
        531,
        128,
        532,
        127,
        532,
        126,
        532,
        125,
        533,
        124,
        533,
        123,
        534,
        121,
        535,
        120,
        536,
        118,
        536,
        117,
        537,
        116,
        537,
        115,
        538,
        114,
        538,
        113,
        539,
        113,
        539,
        112,
        540,
        111,
        540,
        110,
        541,
        110,
        542,
        109,
        543,
        108,
        544,
        107,
        545,
        106,
        546,
        105,
        547,
        105,
        547,
        104,
        548,
        104,
        549,
        104,
        549,
        103,
        550,
        103,
        551,
        102,
        552,
        101,
        553,
        100,
        554,
        100,
        554,
        99,
        555,
        99,
        556,
        99,
        557,
        98,
        558,
        97,
        559,
        97,
        561,
        95,
        563,
        95,
        564,
        94,
        565,
        94,
        566,
        93,
        568,
        92,
        570,
        91,
        572,
        91,
        574,
        90,
        576,
        89,
        577,
        89,
        577,
        88,
        578,
        88,
        579,
        88,
        580,
        88,
        582,
        87,
        583,
        87,
        584,
        87,
        584,
        86,
        585,
        86,
        586,
        86,
        588,
        86,
        591,
        85,
        593,
        85,
        596,
        85,
        598,
        84,
        600,
        84,
        601,
        84,
        602,
        84,
        603,
        84,
        605,
        84,
        606,
        83,
        608,
        83,
        611,
        83,
        612,
        83,
        614,
        83,
        616,
        83,
        617,
        83,
        618,
        83,
        619,
        83,
        620,
        83,
        623,
        84,
        625,
        84,
        626,
        84,
        629,
        84,
        630,
        84,
        631,
        85,
        633,
        85,
        634,
        85,
        635,
        86,
        637,
        86,
        638,
        87,
        639,
        87,
        641,
        88,
        642,
        88,
        643,
        89,
        644,
        89,
        645,
        90,
        646,
        91,
        647,
        91,
        648,
        91,
        649,
        92,
        650,
        93,
        651,
        94,
        652,
        94,
        654,
        95,
        655,
        96,
        656,
        97,
        657,
        98,
        658,
        98,
        659,
        99,
        660,
        100,
        661,
        101,
        662,
        101,
        663,
        102,
        664,
        103,
        665,
        104,
        666,
        105,
        667,
        105,
        667,
        106,
        668,
        106,
        668,
        107,
        669,
        107,
        669,
        108,
        670,
        108,
        671,
        109,
        671,
        110,
        672,
        111,
        673,
        112,
        674,
        113,
        675,
        114,
        675,
        115,
        676,
        115,
        676,
        116,
        677,
        116,
        677,
        117,
        678,
        118,
        678,
        119,
        679,
        120,
        680,
        121,
        680,
        122,
        681,
        122,
        681,
        123,
        681,
        124,
        682,
        124,
        682,
        125,
        682,
        126,
        683,
        127,
        683,
        128,
        684,
        129,
        684,
        131,
        684,
        132,
        685,
        133,
        685,
        135,
        685,
        136,
        686,
        137,
        686,
        138,
        686,
        139,
        686,
        140,
        686,
        141,
        687,
        142,
        687,
        143,
        687,
        144,
        687,
        145,
        688,
        147,
        688,
        148,
        687,
        148,
        687,
        147,
        688,
        147,
        688,
        148,
        688,
        149,
        688,
        150,
        688,
        152,
        687,
        153,
        687,
        154,
        687,
        155,
        687,
        156,
        687,
        158,
        687,
        160,
        687,
        161,
        687,
        163,
        687,
        164,
        687,
        165,
        687,
        166,
        687,
        168,
        687,
        170,
        687,
        172,
        687,
        175,
        687,
        178,
        687,
        180,
        687,
        181,
        687,
        182,
        687,
        184,
        687,
        186,
        687,
        188,
        687,
        190,
        687,
        193,
        687,
        196,
        687,
        200,
        687,
        203,
        687,
        206,
        687,
        208,
        687,
        211,
        687,
        213,
        687,
        215,
        687,
        217,
        687,
        220,
        687,
        223,
        687,
        226,
        687,
        229,
        687,
        232,
        687,
        235,
        687,
        238,
        687,
        241,
        687,
        245,
        687,
        249,
        687,
        252,
        687,
        256,
        687,
        259,
        687,
        262,
        687,
        265,
        687,
        268,
        687,
        271,
        687,
        272,
        687,
        275,
        687,
        280,
        687,
        281,
        687,
        284,
        687,
        286,
        686,
        287,
        686,
        289,
        686,
        292,
        686,
        294,
        686,
        296,
        686,
        297,
        686,
        298,
        686,
        299,
        686,
        302,
        686,
        303,
        686,
        304,
        686,
        306,
        686,
        307,
        686,
        308,
        686,
        309,
        685,
        311,
        685,
        312,
        685,
        311,
        685,
        310,
        686,
        309,
        687,
        306,
        685,
        311
      ],
      "tool": "pen",
      "strokeWidth": 3
    }
  ]
}