{
  "id": "yu",
  "shapes": [
    {
      "points": [
        385,
        118,
        386,
        114,
        387,
        113,
        387,
        112,
        387,
        113,
        387,
        116,
        388,
        122,
        388,
        124,
        388,
        129,
        389,
        138,
        389,
        142,
        389,
        149,
        390,
        159,
        390,
        163,
        390,
        170,
        390,
        182,
        391,
        189,
        391,
        193,
        391,
        205,
        391,
        211,
        391,
        213,
        392,
        220,
        392,
        224,
        392,
        225,
        392,
        228,
        392,
        229,
        392,
        230,
        392,
        232,
        392,
        233,
        392,
        234,
        392,
        235,
        392,
        236,
        392,
        237,
        392,
        238,
        392,
        239,
        392,
        240,
        392,
        241,
        393,
        242,
        393,
        243,
        393,
        244,
        394,
        245,
        394,
        246,
        395,
        248,
        396,
        249,
        396,
        250,
        397,
        250,
        397,
        251,
        397,
        252,
        398,
        252,
        399,
        253,
        400,
        254,
        400,
        255,
        401,
        255,
        402,
        256,
        403,
        257,
        404,
        257,
        404,
        258,
        405,
        258,
        406,
        259,
        407,
        260,
        408,
        260,
        409,
        261,
        410,
        261,
        412,
        262,
        413,
        262,
        414,
        263,
        415,
        263,
        416,
        263,
        417,
        263,
        418,
        263,
        420,
        263,
        421,
        263,
        423,
        263,
        424,
        263,
        425,
        263,
        427,
        264,
        428,
        264,
        431,
        264,
        432,
        264,
        433,
        264,
        434,
        263,
        435,
        263,
        436,
        263,
        437,
        263,
        438,
        263,
        439,
        262,
        440,
        262,
        441,
        262,
        442,
        261,
        443,
        261,
        445,
        260,
        446,
        260,
        447,
        260,
        448,
        259,
        449,
        258,
        450,
        258,
        451,
        257,
        452,
        256,
        453,
        256,
        454,
        255,
        455,
        255,
        456,
        254,
        457,
        253,
        458,
        253,
        459,
        253,
        459,
        252,
        460,
        252,
        461,
        251,
        462,
        250,
        463,
        249,
        464,
        249,
        465,
        248,
        466,
        247,
        466,
        246,
        467,
        246,
        468,
        245,
        468,
        244,
        469,
        243,
        470,
        242,
        471,
        241,
        472,
        240,
        472,
        239,
        473,
        238,
        475,
        236,
        475,
        235,
        476,
        235,
        476,
        234,
        476,
        233,
        477,
        232,
        477,
        231,
        477,
        230,
        477,
        229,
        478,
        229,
        478,
        228,
        478,
        227,
        478,
        228,
        477,
        228,
        476,
        228,
        474,
        226
      ],
      "tool": "pen",
      "strokeWidth": 3
    },
    {
      "points": [
        471,
        113,
        474,
        112,
        474,
        113,
        475,
        113,
        475,
        114,
        475,
        116,
        475,
        119,
        475,
        120,
        475,
        122,
        475,
        124,
        476,
        127,
        476,
        130,
        476,
        135,
        476,
        137,
        476,
        142,
        476,
        151,
        477,
        153,
        477,
        158,
        477,
        163,
        477,
        168,
        477,
        172,
        477,
        179,
        477,
        181,
        477,
        185,
        477,
        190,
        477,
        198,
        477,
        201,
        477,
        208,
        478,
        212,
        478,
        214,
        478,
        219,
        478,
        222,
        478,
        223,
        478,
        228,
        478,
        234,
        478,
        236,
        478,
        240,
        478,
        244,
        478,
        245,
        478,
        248,
        478,
        249,
        478,
        250,
        478,
        251,
        478,
        252,
        478,
        253,
        478,
        254,
        478,
        255,
        478,
        256,
        478,
        257,
        478,
        258,
        479,
        258,
        480,
        258,
        481,
        258,
        482,
        258,
        483,
        258,
        485,
        258,
        486,
        258,
        489,
        258,
        491,
        258,
        493,
        257,
        495,
        257,
        497,
        257,
        500,
        257,
        503,
        257,
        506,
        257,
        509,
        257,
        512,
        257,
        515,
        257,
        519,
        257,
        522,
        257,
        525,
        257,
        528,
        257,
        531,
        257,
        534,
        256,
        537,
        256,
        539,
        256,
        543,
        256,
        546,
        256,
        549,
        256,
        552,
        256,
        554,
        256,
        558,
        256,
        561,
        256,
        564,
        256,
        567,
        256,
        570,
        256,
        572,
        256,
        575,
        256,
        577,
        256,
        580,
        256,
        582,
        255,
        584,
        255,
        585,
        255,
        587,
        255,
        589,
        255,
        591,
        255,
        592,
        255,
        593,
        255,
        594,
        255,
        595,
        255,
        596,
        255,
        597,
        255,
        598,
        255,
        599,
        255,
        600,
        255,
        601,
        255,
        602,
        255,
        603,
        255,
        604,
        255,
        603,
        255,
        603,
        256,
        603,
        257,
        603,
        255
      ],
      "tool": "pen",
      "strokeWidth": 3
    },
    {
      "points": [
        598,
        112,
        598,
        111,
        598,
        112,
        598,
        113,
        598,
        114,
        599,
        115,
        599,
        116,
        599,
        118,
        599,
        121,
        599,
        123,
        599,
        127,
        600,
        131,
        600,
        137,
        600,
        145,
        600,
        148,
        600,
        153,
        601,
        162,
        601,
        165,
        601,
        171,
        601,
        180,
        601,
        183,
        601,
        189,
        602,
        198,
        602,
        201,
        602,
        206,
        602,
        214,
        602,
        217,
        602,
        221,
        602,
        228,
        603,
        230,
        603,
        235,
        603,
        245,
        603,
        251,
        603,
        254,
        603,
        261,
        603,
        264,
        604,
        266,
        604,
        271,
        604,
        274,
        604,
        276,
        604,
        281,
        604,
        285,
        604,
        286,
        604,
        291,
        604,
        295,
        604,
        296,
        604,
        301,
        605,
        302,
        605,
        304,
        605,
        306,
        605,
        307,
        605,
        308,
        605,
        310,
        605,
        313,
        605,
        316,
        605,
        318,
        605,
        319,
        605,
        320,
        605,
        321,
        605,
        322,
        605,
        323,
        605,
        325,
        605,
        326,
        605,
        327,
        605,
        328,
        605,
        329,
        605,
        330,
        605,
        331,
        605,
        332,
        605,
        333,
        605,
        335,
        605,
        336,
        605,
        337,
        605,
        338,
        605,
        339,
        606,
        339,
        606,
        340,
        606,
        341,
        606,
        340,
        606,
        339,
        606,
        337,
        606,
        335,
        606,
        333
      ],
      "tool": "pen",
      "strokeWidth": 3
    }
  ]
}